要求ID	レビュアー	判定	畳む先	提案重要度	理由
sheet-6-R060	refute	DUPLICATE	sheet-6-R031		引用（sheets/sheet-6.txt:85-88 の件名と本文例）は逐語で実在し仕様記述だが、乖離の実体は R031 と完全に同一の1行 /home/y-saito/Developments/ec-cube-enterprise/src/Eccube/Repository/CustomerRepository.php:653 の見出し語 tel02 重複であり、根本原因キーも同一(Custo
sheet-3-R002	refute	DUPLICATE	sheet-3-R013		概要行「リニューアル時にパスワード再設定を促すメールを送信する」で、欠陥は R013 と同一（会員移行メール送信バッチが ee に存在しない／src/Eccube/Service/MailService.php:643 は別用途、src/Eccube/Command/ に該当なし）。根本原因キーも同じ MailService.php-no-customer-migration-batch。1つの欠
sheet-3-R004	refute	DUPLICATE	sheet-3-R013		同ブロック sheet-3-B004 の機能行で、R002/R013 と同じ「送信処理が無い」1欠陥。実装参照も src/Eccube/Service/MailService.php:643 / src/Eccube/Resource/template/default/Mail/customer_migration.twig:1 で完全に同一。
sheet-3-R011	refute	DUPLICATE	sheet-3-R013		日付未入力時のエラーはバッチそのものが無いことの帰結。src/Eccube/Command/ に当該コマンドが存在しない（同一欠陥）ため、独立した実装欠陥ではない。
sheet-3-R012	refute	DUPLICATE	sheet-3-R013		引数指定の要求。バッチ不在（src/Eccube/Command/ に該当コマンド無し）という同一欠陥から派生。R011/R023/R097 と併せて4行に割られている。
sheet-3-R014	refute	DUPLICATE	sheet-3-R013		日英本文の切替。文面は src/Eccube/Resource/template/default/Mail/customer_migration.twig と .en.twig の両方が存在し、切替できないのは送信側が無いためで、R013 と同一欠陥。
sheet-3-R015	refute	DUPLICATE	sheet-3-R013		送信履歴保存。src/Eccube/Entity/DtbUserMailHistory.php と src/Eccube/Service/MailService.php 自体は履歴を扱えるので、履歴が残らない原因は送信が起動されないこと1点。R013 と同一欠陥。
sheet-3-R017	refute	DUPLICATE	sheet-3-R013		抽出条件（最終更新日 >= 指定日時）。抽出処理が無いのはバッチ不在の帰結で R013 と同一欠陥。さらに R026 が同一文を再掲しており重複が二重。
sheet-3-R019	refute	DUPLICATE	sheet-3-R013		抽出条件（再設定キーコード設定済み）。src/Eccube/Repository/CustomerRepository.php:549 の reset_key 検索は前面のパスワード再設定用で、バッチ抽出の欠落は R013 と同一欠陥。R027 が同一文の再掲。
sheet-3-R023	refute	DUPLICATE	sheet-3-R013		入力データ詳細の再掲（R012 とほぼ同文）。同一欠陥（該当コマンドが src/Eccube/Command/ に無い）。
sheet-3-R026	refute	DUPLICATE	sheet-3-R013		入力データ検索条件の表行で、引用文は R017 と逐語一致。同一欠陥・同一根本原因キー。
sheet-3-R027	refute	DUPLICATE	sheet-3-R013		引用文が R019 と逐語一致。同一欠陥（送信バッチ不在）。
sheet-3-R030	refute	DUPLICATE	sheet-3-R013		宛先が会員のメールアドレスであること。src/Eccube/Service/MailService.php の各送信メソッドは会員アドレス宛送信を実装済みで、欠落は会員移行メールの送信処理が無い1点に帰する。
sheet-3-R031	refute	DUPLICATE	sheet-3-R013		送信元アドレス。src/Eccube/Service/MailService.php は BaseInfo の設定値から差出人を組むため、単独の実装欠陥ではなく R013 と同一。
sheet-3-R080	refute	DUPLICATE	sheet-3-R013		R015 と同趣旨の履歴登録。src/Eccube/Entity/DtbUserMailHistory.php は存在し、原因は送信が起きないこと1点。R080-R085 の6行は同一引用文で割られている。
sheet-3-R081	refute	DUPLICATE	sheet-3-R013		履歴の送信日時。引用文は R080 と同一で、要求文自体は項目名（・送信日時）。同一欠陥（src/Eccube/Service/MailService.php に会員移行メール送信が無い）。
sheet-3-R082	refute	DUPLICATE	sheet-3-R013		履歴の件名。引用文は R080 と同一、要求文は項目名。同一欠陥。
sheet-3-R083	refute	DUPLICATE	sheet-3-R013		履歴の本文全文。引用文は R080 と同一、要求文は項目名。同一欠陥。
sheet-3-R084	refute	DUPLICATE	sheet-3-R013		履歴のテンプレートファイル名。src/Eccube/Resource/template/default/Mail/customer_migration.twig / .en.twig は実在し、記録されないのは送信が無いため。同一欠陥。
sheet-3-R085	refute	DUPLICATE	sheet-3-R013		履歴の相手ユーザーID。引用文は R080 と同一、要求文は項目名。同一欠陥。
sheet-3-R087	refute	DUPLICATE	sheet-3-R013		日時未入力時のエラー終了。R011 と重複し、かつバッチ不在という同一欠陥の帰結（grep「日付を指定」のヒットは src/Eccube/Command/DailySummaryAggregateCommand.php:88 の別バッチのみ）。
sheet-3-R088	refute	DUPLICATE	sheet-3-R013		引用文が R087 と逐語一致（文言「日付を指定してください。」の行）。同一欠陥。
sheet-3-R091	refute	DUPLICATE	sheet-3-R013		国による日英切替。R014 と同趣旨で、切替が無いのは送信処理そのものが無いため。同一欠陥・同一根本原因キー。
sheet-3-R093	refute	DUPLICATE	sheet-3-R013		コマンド名未指定・不一致時のコンソール出力。バッチ不在の帰結であり同一欠陥。加えて出力先がコンソールログのみで、独立の指摘として立てる価値は無い。
sheet-3-R094	refute	DUPLICATE	sheet-3-R013		不正アドレスのスキップと継続。バッチが無いため成立し得ない条件で、R013 と同一欠陥。
sheet-3-R097	refute	DUPLICATE	sheet-3-R013		12桁の基準日時形式。R012/R023 と同じ入力仕様で、欠落原因は src/Eccube/Command/ に該当コマンドが無い1点。
sheet-3-R099	refute	DUPLICATE	sheet-3-R013		開始・終了時刻と100件ごとの件数・メモリのコンソール出力。バッチ不在の帰結で同一欠陥。運用ログ相当のため単独指摘としても弱い。
sheet-3-R101	refute	DUPLICATE	sheet-3-R013		返信先・エラー返送先の設定。src/Eccube/Service/MailService.php は BaseInfo から返信先/エラー返送先を設定する仕組みを持つため、独立欠陥ではなく送信処理不在（R013）と同一。
sheet-4-R038	refute	DUPLICATE	sheet-4-R039		R038 の要求文はエラー条件の見出し行「・スマレジへのポイント増減API登録失敗(タイムアウト・レスポンスステータスが失敗扱いの場合)」であり、述語のある仕様文は次行 R039。設計根拠_引用・設計期待値・実装参照・根本原因(LostPointsAction-smaregi-failure-keeps-ec-expiry)がすべて R039 と同一で、同一の実装欠陥(src/Eccube/Ser
sheet-4-R040	refute	DUPLICATE	sheet-4-R039		R040 の要求文「(該当ユーザーのポイント失効処理は翌日以降に持ち越しとなる)」は R039 の帰結を補足する括弧行で、引用文・設計期待値・根本原因(LostPointsAction-smaregi-failure-keeps-ec-expiry)は R039 と同一。実装実態も同じ一箇所（src/Eccube/Service/Admin/Customer/LostPointsAction.ph
sheet-4-R038	codex	OVER_REPORT			判定は実装違い・P2のまま維持する。実装実態を「EC側失効は先に確定する。API実行後の適用有無不明な失敗は手動照合、API実行前の失敗はMessengerで再試行される」に修正する。
