Backlog課題キー	元行番号	セクション	見出し	書番	シート	識別ID	項目	設計値	pf値	ee値	出典	備考
ECCUBE_HARERUYA-2192	2	1-1	D_HTML孤立 — 設計値が pf/ee どちらとも違う（22件）	0201	メンバー管理	1-4	ログインID	255文字	50	50	Admin/MemberType.php:199	Excel設計書を修正済
ECCUBE_HARERUYA-2193	3	1-1	D_HTML孤立 — 設計値が pf/ee どちらとも違う（22件）	0201	メンバー管理	1-6	パスワード	255文字	50	50	Admin/MemberType.php:86	Excel設計書を修正済
ECCUBE_HARERUYA-2194	4	1-1	D_HTML孤立 — 設計値が pf/ee どちらとも違う（22件）	0201	メンバー管理	1-7	パスワード(確認)	255文字	50	50	Admin/MemberType.php:86	Excel設計書を修正済
ECCUBE_HARERUYA-2064	5	1-1	D_HTML孤立 — 設計値が pf/ee どちらとも違う（22件）	0203	受注情報編集	10-12	住所1	90文字	200	200	Admin/OrderType.php:107	Excel設計書を修正済
ECCUBE_HARERUYA-2064	6	1-1	D_HTML孤立 — 設計値が pf/ee どちらとも違う（22件）	0203	受注情報編集	10-13	住所2	90文字	200	200	Admin/OrderType.php:115	Excel設計書を修正済
ECCUBE_HARERUYA-2064	7	1-1	D_HTML孤立 — 設計値が pf/ee どちらとも違う（22件）	0203	受注情報編集	10-2	お名前（姓）	50文字	16	16	NameType.php:105	Excel設計書を修正済
ECCUBE_HARERUYA-2064	9	1-1	D_HTML孤立 — 設計値が pf/ee どちらとも違う（22件）	0203	受注情報編集	10-3	お名前（名）	50文字	16	16	NameType.php:119	Excel設計書を修正済
ECCUBE_HARERUYA-2064	10	1-1	D_HTML孤立 — 設計値が pf/ee どちらとも違う（22件）	0203	受注情報編集	10-4	お名前ふりがな（姓）	50文字	25	25	KanaType.php:62	Excel設計書を修正済
ECCUBE_HARERUYA-2064	11	1-1	D_HTML孤立 — 設計値が pf/ee どちらとも違う（22件）	0203	受注情報編集	10-5	お名前ふりがな（名）	50文字	25	25	KanaType.php:76	Excel設計書を修正済
ECCUBE_HARERUYA-2064	12	1-1	D_HTML孤立 — 設計値が pf/ee どちらとも違う（22件）	0203	受注情報編集	12-1	お名前（姓）	50文字	16	16	NameType.php:105	Excel設計書を修正済
ECCUBE_HARERUYA-2064	13	1-1	D_HTML孤立 — 設計値が pf/ee どちらとも違う（22件）	0203	受注情報編集	12-10	住所1	90文字	200	200	Admin/ShippingType.php:107	Excel設計書を修正済
ECCUBE_HARERUYA-2064	14	1-1	D_HTML孤立 — 設計値が pf/ee どちらとも違う（22件）	0203	受注情報編集	12-11	住所2	90文字	200	200	Admin/ShippingType.php:118	Excel設計書を修正済
ECCUBE_HARERUYA-2064	15	1-1	D_HTML孤立 — 設計値が pf/ee どちらとも違う（22件）	0203	受注情報編集	12-2	お名前（名）	50文字	16	16	NameType.php:119	Excel設計書を修正済
ECCUBE_HARERUYA-2064	16	1-1	D_HTML孤立 — 設計値が pf/ee どちらとも違う（22件）	0203	受注情報編集	12-3	お名前ふりがな（姓）	50文字	25	25	KanaType.php:62	Excel設計書を修正済
ECCUBE_HARERUYA-2064	17	1-1	D_HTML孤立 — 設計値が pf/ee どちらとも違う（22件）	0203	受注情報編集	12-4	お名前ふりがな（名）	50文字	25	25	KanaType.php:76	Excel設計書を修正済
ECCUBE_HARERUYA-2104	18	1-1	D_HTML孤立 — 設計値が pf/ee どちらとも違う（22件）	0207	会員検索一覧(検索入力)	1	会員ID・メールアドレス・お名前	100	50	255	Admin/SearchCustomerType.php:64	
ECCUBE_HARERUYA-2113	19	1-1	D_HTML孤立 — 設計値が pf/ee どちらとも違う（22件）	0207	会員登録編集	6	会社名	100	50	255	Admin/CustomerType.php:75	
ECCUBE_HARERUYA-2166	20	1-1	D_HTML孤立 — 設計値が pf/ee どちらとも違う（22件）	0209	店舗登録	1-28	取り扱い商品説明文	4000文字	99999	3000	Admin/Enterprise/MallTenantShopType.php:283	
ECCUBE_HARERUYA-2167	21	1-1	D_HTML孤立 — 設計値が pf/ee どちらとも違う（22件）	0209	店舗登録	1-29	店舗からのメッセージ	4000文字	99999	3000	Admin/Enterprise/MallTenantShopType.php:291	
ECCUBE_HARERUYA-2158	22	1-1	D_HTML孤立 — 設計値が pf/ee どちらとも違う（22件）	0209	店舗登録	1-5	店名(英語表記)	255文字	200	200	Admin/Enterprise/MallTenantShopType.php:81	
ECCUBE_HARERUYA-2259	23	1-1	D_HTML孤立 — 設計値が pf/ee どちらとも違う（22件）	0212	デッキ一覧(検索入力)	27	カード名	100文字	200	200	Admin/SearchDeckType.php:168	
ECCUBE_HARERUYA-2352	25	1-2	D2_HTML≠ee — pf側は未解決だが ee と食い違う（16件）	0202	在庫履歴検索一覧(検索入力)	2-37	在庫変動理由・欠品理由	65535byte	-	16384	Admin/StockHistoryType.php:479	
ECCUBE_HARERUYA-2352	26	1-2	D2_HTML≠ee — pf側は未解決だが ee と食い違う（16件）	0202	在庫移動指示詳細	1-9	送状No.	65535byte	-	255	Admin/StockMoveInstructionDetailType.php:39	
ECCUBE_HARERUYA-2352	27	1-2	D2_HTML≠ee — pf側は未解決だが ee と食い違う（16件）	0202	在庫編集	3-2	在庫変動理由	65535byte	-	16384	Admin/StockApprovalType.php:113	
ECCUBE_HARERUYA-2062	28	1-2	D2_HTML≠ee — pf側は未解決だが ee と食い違う（16件）	0203	受注情報編集	10-14	住所3	90文字	-	200	Admin/OrderType.php:122	
ECCUBE_HARERUYA-2063	29	1-2	D2_HTML≠ee — pf側は未解決だが ee と食い違う（16件）	0203	受注情報編集	12-12	住所3	90文字	-	200	Admin/ShippingType.php:128	
ECCUBE_HARERUYA-2124	30	1-2	D2_HTML≠ee — pf側は未解決だが ee と食い違う（16件）	0207	配送先編集	17	配送先会社名	100	-	255	Front/CustomerAddressType.php:99	
ECCUBE_HARERUYA-2115	31	1-2	D2_HTML≠ee — pf側は未解決だが ee と食い違う（16件）	0207	会員登録編集	16	メールアドレス	85	-	254	Admin/CustomerType.php:99	
ECCUBE_HARERUYA-2163	32	1-2	D2_HTML≠ee — pf側は未解決だが ee と食い違う（16件）	0209	店舗登録	1-10	住所	32文字	-	90	Admin/Enterprise/MallTenantShopType.php:138	
ECCUBE_HARERUYA-2164	33	1-2	D2_HTML≠ee — pf側は未解決だが ee と食い違う（16件）	0209	店舗登録	1-11	住所(英語表記)	512文字	-	500	Admin/Enterprise/MallTenantShopType.php:151	
ECCUBE_HARERUYA-2159	34	1-2	D2_HTML≠ee — pf側は未解決だが ee と食い違う（16件）	0209	店舗登録	1-6	支店URL	255文字	-	32	Admin/Enterprise/MallTenantShopType.php:94	
ECCUBE_HARERUYA-1890	35	1-2	D2_HTML≠ee — pf側は未解決だが ee と食い違う（16件）	0306	会員情報変更	1-10	メールアドレス	255	-	254	RepeatedEmailType.php:47	
ECCUBE_HARERUYA-1890	36	1-2	D2_HTML≠ee — pf側は未解決だが ee と食い違う（16件）	0306	会員情報変更	1-11	メールアドレス(確認)	255	-	254	RepeatedEmailType.php:47	
ECCUBE_HARERUYA-1893	37	1-2	D2_HTML≠ee — pf側は未解決だが ee と食い違う（16件）	0306	配送先新規登録・変更	2-15	会社名	100	-	255	Front/CustomerAddressType.php:98	
ECCUBE_HARERUYA-1863	38	1-2	D2_HTML≠ee — pf側は未解決だが ee と食い違う（16件）	0306	新規会員登録	1-10	メールアドレス	255	-	254	RepeatedEmailType.php:47	
ECCUBE_HARERUYA-1863	39	1-2	D2_HTML≠ee — pf側は未解決だが ee と食い違う（16件）	0306	新規会員登録	1-11	メールアドレス(確認)	255	-	254	RepeatedEmailType.php:47	
ECCUBE_HARERUYA-2352	40	1-3	C_HTML=pf≠ee — 設計書がpf値のまま未更新 or ee未実装（24件）	0202	在庫一括編集	2-11	在庫変動理由	65535byte	65535	16384	Admin/StockBulkApprovalItemType.php:57	
ECCUBE_HARERUYA-2065	42	1-3	C_HTML=pf≠ee — 設計書がpf値のまま未更新 or ee未実装（24件）	0203	受注情報編集	10-8	海外用郵便番号	50文字	50	10	Admin/OrderType.php:277	
ECCUBE_HARERUYA-2065	43	1-3	C_HTML=pf≠ee — 設計書がpf値のまま未更新 or ee未実装（24件）	0203	受注情報編集	12-7	海外用郵便番号	50文字	50	10	Admin/ShippingType.php:240	
ECCUBE_HARERUYA-1977	44	1-3	C_HTML=pf≠ee — 設計書がpf値のまま未更新 or ee未実装（24件）	0204	購入グループ管理	4	メモ	1024文字	1024	4000	Admin/ProductSellGroupType.php:75	
ECCUBE_HARERUYA-2105	46	1-3	C_HTML=pf≠ee — 設計書がpf値のまま未更新 or ee未実装（24件）	0207	会員検索一覧(検索入力)	18	購入商品名・コード	50	50	255	Admin/SearchCustomerType.php:138	
ECCUBE_HARERUYA-2111	47	1-3	C_HTML=pf≠ee — 設計書がpf値のまま未更新 or ee未実装（24件）	0207	会員登録編集	23	パスワード	32	32	50	RepeatedPasswordType.php:51	
ECCUBE_HARERUYA-2111	48	1-3	C_HTML=pf≠ee — 設計書がpf値のまま未更新 or ee未実装（24件）	0207	会員登録編集	24	パスワード（確認）	32	32	50	RepeatedPasswordType.php:51	
ECCUBE_HARERUYA-2258	50	1-3	C_HTML=pf≠ee — 設計書がpf値のまま未更新 or ee未実装（24件）	0212	デッキ一覧(検索入力)	12	イベント名	50文字	50	255	Admin/SearchDeckType.php:129	
ECCUBE_HARERUYA-2258	51	1-3	C_HTML=pf≠ee — 設計書がpf値のまま未更新 or ee未実装（24件）	0212	デッキ一覧(検索入力)	16	成績	50文字	50	255	Admin/SearchDeckType.php:146	
ECCUBE_HARERUYA-2258	52	1-3	C_HTML=pf≠ee — 設計書がpf値のまま未更新 or ee未実装（24件）	0212	デッキ一覧(検索入力)	23	デッキ名	50文字	50	255	Admin/SearchDeckType.php:59	
ECCUBE_HARERUYA-2258	53	1-3	C_HTML=pf≠ee — 設計書がpf値のまま未更新 or ee未実装（24件）	0212	デッキ一覧(検索入力)	25	プレイヤー名	50文字	50	255	Admin/SearchDeckType.php:153	
ECCUBE_HARERUYA-2260	54	1-3	C_HTML=pf≠ee — 設計書がpf値のまま未更新 or ee未実装（24件）	0212	デッキ一覧(検索入力)	28	イベントID → イベント詳細ID	50文字	50	255	Admin/SearchDeckType.php:175	
ECCUBE_HARERUYA-2258	55	1-3	C_HTML=pf≠ee — 設計書がpf値のまま未更新 or ee未実装（24件）	0212	デッキ一覧(検索入力)	3	デッキID	50文字	50	255	Admin/SearchDeckType.php:51	
ECCUBE_HARERUYA-2217	56	1-3	C_HTML=pf≠ee — 設計書がpf値のまま未更新 or ee未実装（24件）	0214	日程登録	15	定員	50文字	50	9	Admin/ScheduleType.php:140	
ECCUBE_HARERUYA-2218	57	1-3	C_HTML=pf≠ee — 設計書がpf値のまま未更新 or ee未実装（24件）	0214	日程登録	16	参加費	50文字	50	8	Admin/ScheduleType.php:145	
ECCUBE_HARERUYA-1891	58	1-3	C_HTML=pf≠ee — 設計書がpf値のまま未更新 or ee未実装（24件）	0306	会員情報変更	1-12	パスワード	32	32	50	RepeatedPasswordType.php:49	
ECCUBE_HARERUYA-1891	59	1-3	C_HTML=pf≠ee — 設計書がpf値のまま未更新 or ee未実装（24件）	0306	会員情報変更	1-13	パスワード(確認)	32	32	50	RepeatedPasswordType.php:49	
ECCUBE_HARERUYA-1902	60	1-3	C_HTML=pf≠ee — 設計書がpf値のまま未更新 or ee未実装（24件）	0306	新規会員登録	1-12	パスワード	32	32	50	RepeatedPasswordType.php:49	
ECCUBE_HARERUYA-1902	61	1-3	C_HTML=pf≠ee — 設計書がpf値のまま未更新 or ee未実装（24件）	0306	新規会員登録	1-13	パスワード(確認)	32	32	50	RepeatedPasswordType.php:49	
ECCUBE_HARERUYA-1905	62	1-3	C_HTML=pf≠ee — 設計書がpf値のまま未更新 or ee未実装（24件）	0306	パスワード再発行	3-3	新しいパスワード	32	32	50	RepeatedPasswordType.php:49	
ECCUBE_HARERUYA-1905	63	1-3	C_HTML=pf≠ee — 設計書がpf値のまま未更新 or ee未実装（24件）	0306	パスワード再発行	3-4	新しいパスワード(確認)	32	32	50	RepeatedPasswordType.php:49	
ECCUBE_HARERUYA-2352	64	2-1	ND1_設計上限 > 実装上限 ＝ 設計値が入力できない（9件）	0202	在庫履歴検索一覧(検索入力)	2-17	変更時販売価格(from)	0~999999999		99999999	eccube_price_len	
ECCUBE_HARERUYA-2352	65	2-1	ND1_設計上限 > 実装上限 ＝ 設計値が入力できない（9件）	0202	在庫履歴検索一覧(検索入力)	2-18	変更時販売価格(to)	0~999999999		99999999	eccube_price_len	
ECCUBE_HARERUYA-2352	66	2-1	ND1_設計上限 > 実装上限 ＝ 設計値が入力できない（9件）	0202	在庫履歴検索一覧(検索入力)	2-19	仕入単価(from)	0~999999999		99999999	eccube_price_len	
ECCUBE_HARERUYA-2352	67	2-1	ND1_設計上限 > 実装上限 ＝ 設計値が入力できない（9件）	0202	在庫履歴検索一覧(検索入力)	2-20	仕入単価(to)	0~999999999		99999999	eccube_price_len	
ECCUBE_HARERUYA-2352	68	2-1	ND1_設計上限 > 実装上限 ＝ 設計値が入力できない（9件）	0202	在庫履歴検索一覧(検索入力)	2-21	変更後原価単価(from)	0~999999999		99999999	eccube_price_len	
ECCUBE_HARERUYA-2352	69	2-1	ND1_設計上限 > 実装上限 ＝ 設計値が入力できない（9件）	0202	在庫履歴検索一覧(検索入力)	2-22	変更後原価単価(to)	0~999999999		99999999	eccube_price_len	
ECCUBE_HARERUYA-2352	70	2-1	ND1_設計上限 > 実装上限 ＝ 設計値が入力できない（9件）	0202	在庫検索一覧(検索入力)	2-10	基準価格	0-999999999		99999999	eccube_price_len	
ECCUBE_HARERUYA-2352	71	2-1	ND1_設計上限 > 実装上限 ＝ 設計値が入力できない（9件）	0202	在庫検索一覧(検索入力)	2-20	販売価格	0-999999999		99999999	eccube_price_len	
ECCUBE_HARERUYA-1943	73	2-2	ND2_設計上限 < 実装上限 ＝ 実装が設計より緩い（11件）	0204	商品マスター(検索入力)	17	販売価格(From)	0 -999999999		99999999	eccube_price_len	
ECCUBE_HARERUYA-1943	74	2-2	ND2_設計上限 < 実装上限 ＝ 実装が設計より緩い（11件）	0204	商品マスター(検索入力)	18	販売価格(To)	0 -999999999		99999999	eccube_price_len	
ECCUBE_HARERUYA-2213	81	2-2	ND2_設計上限 < 実装上限 ＝ 実装が設計より緩い（11件）	0214	イベント編集	1-11	定員	8字		9	eccube_int_len	
ECCUBE_HARERUYA-2353	85	3-1	設計は必須◯だが pf/ee 両方とも NotBlank が無い（74件）	0202	棚卸計画新規作成	1	棚卸名	◯	False	False	Admin/Stock/InventoryPlanType.php:63	
ECCUBE_HARERUYA-2353	86	3-1	設計は必須◯だが pf/ee 両方とも NotBlank が無い（74件）	0202	棚卸計画編集	1	棚卸名	◯	False	False	Admin/Stock/InventoryPlanType.php:63	
ECCUBE_HARERUYA-2353	87	3-1	設計は必須◯だが pf/ee 両方とも NotBlank が無い（74件）	0202	棚卸在庫確認	10	棚卸数量	〇	False	False	Admin/Stock/InventoryPlanDetailType.php:72	
ECCUBE_HARERUYA-2353	88	3-1	設計は必須◯だが pf/ee 両方とも NotBlank が無い（74件）	0202	棚卸在庫確認	9	在庫数量	〇	False	False	Admin/Stock/InventoryPlanDetailType.php:67	
ECCUBE_HARERUYA-2157	98	3-1	設計は必須◯だが pf/ee 両方とも NotBlank が無い（74件）	0209	店舗登録	1-4	店名(カナ)	○	False	False	Admin/Enterprise/MallTenantShopType.php:393	
ECCUBE_HARERUYA-2211	112	3-1	設計は必須◯だが pf/ee 両方とも NotBlank が無い（74件）	0214	イベント編集	1-5	フォーマット	〇	False	False	Admin/EventType.php:93	
ECCUBE_HARERUYA-1854	124	3-1	設計は必須◯だが pf/ee 両方とも NotBlank が無い（74件）	0305	ネット買取買取手続き～完了	24	ネット買取規約同意	◯	False	False	src/Eccube/Resource/template/default/Purchase/fill.twig:320	
ECCUBE_HARERUYA-2112	164	3-2	設計は任意(-)だが実装は NotBlank を持つ（14件）	0207	会員登録編集	3	お名前名	-	True	True	NameType.php:119	
ECCUBE_HARERUYA-2208	174	4-1	F1_Form が DB列長より長い入力を通す ＝ 登録・更新が失敗（4件）				DtbEvent.name_jp		255 (eccube_stext_len)	155	Admin/EventType.php:76	DtbEvent.php:46
ECCUBE_HARERUYA-2209	175	4-1	F1_Form が DB列長より長い入力を通す ＝ 登録・更新が失敗（4件）				DtbEvent.name_en		255 (eccube_stext_len)	155	Admin/EventType.php:82	DtbEvent.php:49
ECCUBE_HARERUYA-2165	180	4-2	F3_Form に Assert\Length が無く DB varchar(255) に依存（25件）				BaseInfo.email01			255	Admin/Enterprise/MallTenantShopType.php:190	通常UIから到達可能
ECCUBE_HARERUYA-2165	181	4-2	F3_Form に Assert\Length が無く DB varchar(255) に依存（25件）				BaseInfo.email02			255	Admin/Enterprise/MallTenantShopType.php:197	通常UIから到達可能
ECCUBE_HARERUYA-2165	182	4-2	F3_Form に Assert\Length が無く DB varchar(255) に依存（25件）				BaseInfo.email03			255	Admin/Enterprise/MallTenantShopType.php:204	通常UIから到達可能
ECCUBE_HARERUYA-2165	183	4-2	F3_Form に Assert\Length が無く DB varchar(255) に依存（25件）				BaseInfo.email04			255	Admin/Enterprise/MallTenantShopType.php:211	通常UIから到達可能
