書番	設計書	シート(機能)	所見区分	件数	Backlog起票済	未起票
0201	システム設定	メンバー管理	D2_HTML≠ee — pf側は未解決だが ee と食い違う	1	0	1
0201	システム設定	メンバー管理	D_HTML孤立 — 設計値が pf/ee どちらとも違う	3	3	0
0201	システム設定	メンバー管理	設計は必須◯だが pf/ee 両方とも NotBlank が無い	1	0	1
0202	在庫管理機能	在庫一括編集	C_HTML=pf≠ee — 設計書がpf値のまま未更新 or ee未実装	1	1	0
0202	在庫管理機能	在庫履歴検索一覧(検索入力)	D2_HTML≠ee — pf側は未解決だが ee と食い違う	1	1	0
0202	在庫管理機能	在庫履歴検索一覧(検索入力)	ND1_設計上限 > 実装上限 ＝ 設計値が入力できない	6	6	0
0202	在庫管理機能	在庫検索一覧(検索入力)	ND1_設計上限 > 実装上限 ＝ 設計値が入力できない	2	2	0
0202	在庫管理機能	在庫移動・振替登録 編集 (	設計は任意(-)だが実装は NotBlank を持つ	1	0	1
0202	在庫管理機能	在庫移動指示詳細	D2_HTML≠ee — pf側は未解決だが ee と食い違う	1	1	0
0202	在庫管理機能	在庫編集	D2_HTML≠ee — pf側は未解決だが ee と食い違う	1	1	0
0202	在庫管理機能	棚卸在庫確認	設計は必須◯だが pf/ee 両方とも NotBlank が無い	2	2	0
0202	在庫管理機能	棚卸計画新規作成	設計は必須◯だが pf/ee 両方とも NotBlank が無い	1	1	0
0202	在庫管理機能	棚卸計画編集	設計は必須◯だが pf/ee 両方とも NotBlank が無い	1	1	0
0203	受注管理機能	受注情報編集	C_HTML=pf≠ee — 設計書がpf値のまま未更新 or ee未実装	3	2	1
0203	受注管理機能	受注情報編集	D2_HTML≠ee — pf側は未解決だが ee と食い違う	2	2	0
0203	受注管理機能	受注情報編集	D_HTML孤立 — 設計値が pf/ee どちらとも違う	13	12	1
0203	受注管理機能	受注情報編集	設計は任意(-)だが実装は NotBlank を持つ	5	0	5
0203	受注管理機能	受注情報編集	設計は必須◯だが pf/ee 両方とも NotBlank が無い	1	0	1
0204	商品管理	商品マスター(検索入力)	ND2_設計上限 < 実装上限 ＝ 実装が設計より緩い	2	2	0
0204	商品管理	買取・販売価格履歴検索	ND2_設計上限 < 実装上限 ＝ 実装が設計より緩い	6	0	6
0204	商品管理	購入グループ管理	C_HTML=pf≠ee — 設計書がpf値のまま未更新 or ee未実装	1	1	0
0205	店頭買取管理	買取集計データ(検索入力)	設計は必須◯だが pf/ee 両方とも NotBlank が無い	2	0	2
0206	ネット買取管理機能	買取一覧(検索入力)	C_HTML=pf≠ee — 設計書がpf値のまま未更新 or ee未実装	1	0	1
0207	会員管理機能	ブラックリスト管理	設計は必須◯だが pf/ee 両方とも NotBlank が無い	3	0	3
0207	会員管理機能	会員検索一覧(検索入力)	C_HTML=pf≠ee — 設計書がpf値のまま未更新 or ee未実装	1	1	0
0207	会員管理機能	会員検索一覧(検索入力)	D_HTML孤立 — 設計値が pf/ee どちらとも違う	1	1	0
0207	会員管理機能	会員検索一覧(検索入力)	設計は必須◯だが pf/ee 両方とも NotBlank が無い	1	0	1
0207	会員管理機能	会員登録編集	C_HTML=pf≠ee — 設計書がpf値のまま未更新 or ee未実装	2	2	0
0207	会員管理機能	会員登録編集	D2_HTML≠ee — pf側は未解決だが ee と食い違う	1	1	0
0207	会員管理機能	会員登録編集	D_HTML孤立 — 設計値が pf/ee どちらとも違う	1	1	0
0207	会員管理機能	会員登録編集	設計は任意(-)だが実装は NotBlank を持つ	1	1	0
0207	会員管理機能	配送先編集	D2_HTML≠ee — pf側は未解決だが ee と食い違う	1	1	0
0207	会員管理機能	配送先編集	設計は必須◯だが pf/ee 両方とも NotBlank が無い	2	0	2
0208	カード管理	カード詳細(登録・編集・削除	C_HTML=pf≠ee — 設計書がpf値のまま未更新 or ee未実装	1	0	1
0208	カード管理	フォーマット詳細(登録・編集	ND1_設計上限 > 実装上限 ＝ 設計値が入力できない	1	0	1
0209	基本情報設定	メール設定	設計は任意(-)だが実装は NotBlank を持つ	1	0	1
0209	基本情報設定	店舗登録	D2_HTML≠ee — pf側は未解決だが ee と食い違う	3	3	0
0209	基本情報設定	店舗登録	D_HTML孤立 — 設計値が pf/ee どちらとも違う	3	3	0
0209	基本情報設定	店舗登録	設計は任意(-)だが実装は NotBlank を持つ	3	0	3
0209	基本情報設定	店舗登録	設計は必須◯だが pf/ee 両方とも NotBlank が無い	1	1	0
0209	基本情報設定	自動送信メール	設計は任意(-)だが実装は NotBlank を持つ	2	0	2
0211	分析・集計管理機能	日別・月別集計 集計一覧(検	設計は必須◯だが pf/ee 両方とも NotBlank が無い	6	0	6
0211	分析・集計管理機能	特集タグ編集CSVダウンロー	設計は必須◯だが pf/ee 両方とも NotBlank が無い	1	0	1
0212	デッキ管理	デッキ一覧(検索入力)	C_HTML=pf≠ee — 設計書がpf値のまま未更新 or ee未実装	6	6	0
0212	デッキ管理	デッキ一覧(検索入力)	D_HTML孤立 — 設計値が pf/ee どちらとも違う	1	1	0
0213	データ管理	買取価格対応表(編集)	設計は必須◯だが pf/ee 両方とも NotBlank が無い	1	0	1
0214	イベント管理	イベント編集	ND2_設計上限 < 実装上限 ＝ 実装が設計より緩い	1	1	0
0214	イベント管理	イベント編集	設計は必須◯だが pf/ee 両方とも NotBlank が無い	4	1	3
0214	イベント管理	バナー設定	設計は必須◯だが pf/ee 両方とも NotBlank が無い	1	0	1
0214	イベント管理	日程登録	C_HTML=pf≠ee — 設計書がpf値のまま未更新 or ee未実装	2	2	0
0214	イベント管理	日程登録	設計は必須◯だが pf/ee 両方とも NotBlank が無い	2	0	2
0214	イベント管理	画像設定	設計は必須◯だが pf/ee 両方とも NotBlank が無い	1	0	1
0214	イベント管理	複製新規	ND2_設計上限 < 実装上限 ＝ 実装が設計より緩い	1	0	1
0214	イベント管理	複製新規	設計は必須◯だが pf/ee 両方とも NotBlank が無い	4	0	4
0304	フロント_注文	ご注文方法指定	ND2_設計上限 < 実装上限 ＝ 実装が設計より緩い	1	0	1
0304	フロント_注文	ご注文方法指定	設計は必須◯だが pf/ee 両方とも NotBlank が無い	1	0	1
0304	フロント_注文	買い物かご	設計は必須◯だが pf/ee 両方とも NotBlank が無い	1	0	1
0304	フロント_注文	配送先の新規登録_変更	設計は必須◯だが pf/ee 両方とも NotBlank が無い	2	0	2
0305	フロント_ネット買取	ネット買取買取手続き～完了	設計は任意(-)だが実装は NotBlank を持つ	1	0	1
0305	フロント_ネット買取	ネット買取買取手続き～完了	設計は必須◯だが pf/ee 両方とも NotBlank が無い	2	1	1
0306	フロント_会員	お問い合わせ	設計は必須◯だが pf/ee 両方とも NotBlank が無い	9	0	9
0306	フロント_会員	オンライン本人確認	設計は必須◯だが pf/ee 両方とも NotBlank が無い	5	0	5
0306	フロント_会員	パスワード再発行	C_HTML=pf≠ee — 設計書がpf値のまま未更新 or ee未実装	2	2	0
0306	フロント_会員	会員情報変更	C_HTML=pf≠ee — 設計書がpf値のまま未更新 or ee未実装	2	2	0
0306	フロント_会員	会員情報変更	D2_HTML≠ee — pf側は未解決だが ee と食い違う	2	2	0
0306	フロント_会員	会員情報変更	設計は必須◯だが pf/ee 両方とも NotBlank が無い	1	0	1
0306	フロント_会員	新規会員登録	C_HTML=pf≠ee — 設計書がpf値のまま未更新 or ee未実装	2	2	0
0306	フロント_会員	新規会員登録	D2_HTML≠ee — pf側は未解決だが ee と食い違う	2	2	0
0306	フロント_会員	新規会員登録	設計は必須◯だが pf/ee 両方とも NotBlank が無い	2	0	2
0306	フロント_会員	退会	設計は必須◯だが pf/ee 両方とも NotBlank が無い	1	0	1
0306	フロント_会員	配送先新規登録・変更	D2_HTML≠ee — pf側は未解決だが ee と食い違う	1	1	0
0306	フロント_会員	配送先新規登録・変更	設計は必須◯だが pf/ee 両方とも NotBlank が無い	4	0	4
0308	フロント_店頭買取	会員登録フォーム	設計は必須◯だが pf/ee 両方とも NotBlank が無い	5	0	5
0308	フロント_店頭買取	店頭買取査定申込情報入力	設計は必須◯だが pf/ee 両方とも NotBlank が無い	6	0	6
