機能No	機能名	区分	ブック	シートID	シート見出し	一致根拠	スコア	状態
F01-01	本店ECTOP	フロント	0301	sheet-3	ECTOP	機能No欄が一致	1.00	確定
F01-02	支店ECTOP	フロント	0301	sheet-4	支店ECTOP	機能No欄が一致	1.00	確定
F02-01	PC版ナビゲーション	フロント	0302	sheet-3	PC版ナビゲーション	機能No欄が一致	1.00	確定
F02-02	スマホ版ナビゲーション	フロント	0302	sheet-4	スマホ版ナビゲーション	機能No欄が一致	1.00	確定
F02-03	支店PC版ナビゲーション	フロント	0302	sheet-5	支店PC版ナビゲーション	機能No欄が一致	1.00	確定
F02-04	支店スマホ版ナビゲーション	フロント	0302	sheet-6	支店スマホ版ナビゲーション	機能No欄が一致	1.00	確定
F02-05	通知	フロント	0302	sheet-7	通知	機能No欄が一致	1.00	確定
F03-01	商品一覧	フロント	0303	sheet-3	商品一覧	機能No欄が一致	1.00	確定
F03-02	商品詳細	フロント	0303	sheet-4	商品詳細	機能No欄が一致	1.00	確定
F03-03	商品詳細検索	フロント	0303	sheet-5	商品詳細検索	機能No欄が一致	1.00	確定
F03-04	カテゴリ一覧	フロント	0303	sheet-6	カテゴリ一覧	機能No欄が一致	1.00	確定
F03-05	商品リコメンド	フロント	0303	sheet-7	商品リコメンド	機能No欄が一致	1.00	確定
F03-06	最近見た商品	フロント	0303	sheet-8	最近チェックした商品	機能No欄が一致	1.00	確定
F03-07	入荷時通知	フロント	0303	sheet-9	入荷時通知	機能No欄が一致	1.00	確定
F03-08	お気に入り	フロント	0303	sheet-10	お気に入り	機能No欄が一致	1.00	確定
F04-01	買い物かご	フロント	0304	sheet-3	買い物かご	機能No欄が一致	1.00	確定
F04-02	ご注文方法指定	フロント	0304	sheet-4	ご注文方法指定	機能No欄が一致	1.00	確定
F04-03	配送先の新規登録・変更	フロント	0304	sheet-5	配送先の新規登録_変更	機能No欄が一致	1.00	確定
F04-03	配送先の新規登録・変更	フロント	0304	sheet-6	配送先の新規登録_確認	機能No欄が一致	1.00	確定
F04-04	決済~購入完了	フロント	0304	sheet-7	決済~購入完了	機能No欄が一致	1.00	確定
F05-01	ネット買取トップページ	フロント	0305	sheet-3	ネット買取トップページ	機能No欄が一致	1.00	確定
F05-02	ネット買取商品検索	フロント	0305	sheet-4	ネット買取商品検索	機能No欄が一致	1.00	確定
F05-03	ネット買取商品一覧	フロント	0305	sheet-5	ネット買取商品一覧	機能No欄が一致	1.00	確定
F05-04	ネット買取商品詳細	フロント	0305	sheet-6	ネット買取商品詳細	機能No欄が一致	1.00	確定
F05-05	ネット買取カート	フロント	0305	sheet-7	ネット買取カート	機能No欄が一致	1.00	確定
F05-06	ネット買取買取手続き～完了	フロント	0305	sheet-8	ネット買取買取手続き～完了	機能No欄が一致	1.00	確定
F05-06	ネット買取買取手続き～完了	フロント	0305	sheet-9	買取依頼完了	機能No欄が一致	1.00	確定
F08-01	店頭買取査定申込前ログイン	フロント	0308	sheet-3	店頭買取査定申込前ログイン	機能No欄が一致	1.00	確定
F08-02	店頭買取査定申込情報入力	フロント	0308	sheet-4	店頭買取査定申込情報入力	機能No欄が一致	1.00	確定
F08-03	店頭買取査定申込登録確認～完了	フロント	0308	sheet-5	店頭買取査定申込登録確認～完了	機能No欄が一致	1.00	確定
F06-01	新規会員登録	フロント	0306	sheet-3	新規会員登録	機能No欄が一致	1.00	確定
F06-02	本会員登録	フロント	0306	sheet-4	本会員登録	機能No欄が一致	1.00	確定
F06-03	ログイン	フロント	0306	sheet-5	ログイン	機能No欄が一致	1.00	確定
F06-04	パスワード変更	フロント	0306	sheet-6	パスワード再発行	機能No欄が一致	1.00	確定
F06-05	マイページ	フロント	0306	sheet-7	マイページ	機能No欄が一致	1.00	確定
F06-06	購入履歴一覧	フロント	0304	sheet-8	注文購入履歴一覧	機能No欄が一致	1.00	確定
F06-07	購入履歴詳細	フロント	0304	sheet-9	注文購入履歴詳細	機能No欄が一致	1.00	確定
F06-08	入荷待ち商品一覧	フロント	0306	sheet-8	入荷待ち商品一覧	機能No欄が一致	1.00	確定
F06-09	お気に入り商品一覧	フロント	0306	sheet-9	お気に入り商品一覧	機能No欄が一致	1.00	確定
F06-10	ポイント履歴	フロント	0306	sheet-10	ポイント履歴	機能No欄が一致	1.00	確定
F06-11	買取一覧	フロント	0305	sheet-10	買取履歴一覧	機能No欄が一致	1.00	確定
F06-15	買取履歴詳細	フロント	0305	sheet-11	買取履歴詳細	シート名が機能名に一致（シートの機能No欄と目次は F06-12 と記載。機能一覧では F06-12 はまとめて買取査定結果）（2026-10-06 人手で確定）	1.00	確定
F06-12	まとめて買取査定結果	フロント	0305	sheet-12	まとめて買取査定結果	機能No欄が一致	1.00	確定
F06-13	オンライン本人確認	フロント	0306	sheet-11	オンライン本人確認	機能No欄が一致	1.00	確定
F06-14	予約済み大会一覧	フロント	0306	sheet-12	マイイベント・デッキ登録	機能No欄が一致	1.00	確定
F06-16	大会デッキ登録編集	フロント	0306	sheet-13	大会デッキ登録編集	機能No欄が一致	1.00	確定
F06-17	大会デッキ登録確認～完了	フロント	0306	sheet-14	大会デッキ登録確認～完了	機能No欄が一致	1.00	確定
F06-18	会員情報変更	フロント	0306	sheet-15	会員情報変更	機能No欄が一致	1.00	確定
F06-19	クレジットカード情報登録・変更	フロント	0306	sheet-7	マイページ	シート本文に機能名が出現（0306:マイページ!E141）	0.11	候補
F06-19	クレジットカード情報登録・変更	フロント	0306	sheet-15	会員情報変更	シート名が類似	0.40	候補
F06-20	配送先新規登録・変更	フロント	0306	sheet-16	配送先新規登録・変更	機能No欄が一致	1.00	確定
F06-21	退会	フロント	0306	sheet-17	退会	機能No欄が一致	1.00	確定
F06-22	お問い合わせ	フロント	0306	sheet-18	お問い合わせ	機能No欄が一致	1.00	確定
F06-23	お問い合わせ履歴	フロント	0306	sheet-19	お問い合わせ履歴	機能No欄が一致	1.00	確定
F06-24	お問い合わせ履歴詳細	フロント	0306	sheet-20	お問い合わせ履歴詳細	機能No欄が一致	1.00	確定
F06-25	店頭注文呼び出し番号表示	フロント	0306	sheet-21	店頭注文呼び出し番号表示	機能No欄が一致	1.00	確定
F06-26	店頭PC用アカウント制御	フロント	0306	sheet-22	店頭PC用アカウント制御	機能No欄が一致	1.00	確定
F07-01	イベント大会TOP	フロント	0307	sheet-3	イベント大会TOP	機能No欄が一致	1.00	確定
F07-02	大会詳細検索	フロント	0307	sheet-4	大会詳細検索	機能No欄が一致	1.00	確定
F07-03	大会詳細	フロント	0307	sheet-5	大会詳細	機能No欄が一致	1.00	確定
F07-04	大会申込～完了	フロント	0307	sheet-6	大会申込～完了	機能No欄が一致	1.00	確定
M01-01	パスワード認証	管理画面	-	-	-	この機能グループのシートがどのブックにも無い	0.00	Excel設計書なし
M01-02	二段階認証	管理画面	-	-	-	この機能グループのシートがどのブックにも無い	0.00	Excel設計書なし
M02-01	受注状況	管理画面	-	-	-	この機能グループのシートがどのブックにも無い	0.00	Excel設計書なし
M02-02	売上状況	管理画面	-	-	-	この機能グループのシートがどのブックにも無い	0.00	Excel設計書なし
M02-03	売上状況グラフ	管理画面	-	-	-	この機能グループのシートがどのブックにも無い	0.00	Excel設計書なし
M02-04	ショップ状況	管理画面	-	-	-	この機能グループのシートがどのブックにも無い	0.00	Excel設計書なし
M02-05	EC-CUBEのお知らせ	管理画面	-	-	-	この機能グループのシートがどのブックにも無い	0.00	Excel設計書なし
M02-06	おすすめプラグイン	管理画面	-	-	-	この機能グループのシートがどのブックにも無い	0.00	Excel設計書なし
M03-01	商品検索/一覧	管理画面	0204	sheet-3	商品マスター(検索入力)	機能No欄が一致	1.00	確定
M03-01	商品検索/一覧	管理画面	0204	sheet-4	商品マスター(検索結果)	機能No欄が一致	1.00	確定
M03-02	商品編集機能	管理画面	0204	sheet-5	商品登録編集	機能No欄が一致	1.00	確定
M03-03	カード商品CSV出力	管理画面	0204	sheet-9	カード商品CSV出力	機能No欄が一致	1.00	確定
M03-04	グッズ商品CSV出力	管理画面	0204	sheet-12	グッズ商品CSV出力	機能No欄が一致	1.00	確定
M03-05	セール用価格変更CSV出力	管理画面	0204	sheet-6	セール用価格変更CSV出力	機能No欄が一致	1.00	確定
M03-43	低価格帯カード価格変更CSV出力	管理画面	0204	sheet-46	低価格帯カード価格変更CSV出力	シート名とシートの機能名欄が機能名に一致（目次は M03-44 と記載。機能一覧では M03-44 は低価格帯カード価格変更CSV登録）。このシートのケースは M03-44 のファイルにある（2026-10-06 人手で確定）	1.00	確定
M03-06	商品情報カスタムCSV出力	管理画面	0204	sheet-7	商品情報カスタムCSV出力	機能No欄が一致	1.00	確定
M03-08	商品規格一覧	管理画面	0204	sheet-21	商品規格一覧	機能No欄が一致	1.00	確定
M03-09	商品規格登録/編集	管理画面	0204	sheet-22	商品規格登録編集	機能No欄が一致	1.00	確定
M03-10	買取・販売価格一括編集	管理画面	0204	sheet-23	買取・基準価格一括編集	機能No欄が一致	1.00	確定
M03-45	カテゴリー一覧	管理画面	0204	sheet-24	カテゴリ一覧	機能No欄が一致	1.00	確定
M03-11	カテゴリ登録/編集	管理画面	0204	sheet-25	カテゴリ登録	機能No欄が一致	1.00	確定
M03-12	カテゴリCSV出力	管理画面	0204	sheet-26	カテゴリCSV出力	機能No欄が一致	1.00	確定
M03-13	タグ登録/編集	管理画面	0204	sheet-27	タグ登録	機能No欄が一致	1.00	確定
M03-14	略称タグ登録/編集	管理画面	0204	sheet-28	略称タグ登録	機能No欄が一致	1.00	確定
M03-15	略称タグCSV出力	管理画面	0204	sheet-29	略称タグCSV出力	機能No欄が一致	1.00	確定
M03-16	略称タグCSV入力	管理画面	0204	sheet-30	略称タグCSVアップロード	機能No欄が一致	1.00	確定
M03-16	略称タグCSV入力	管理画面	0204	sheet-31	略称タグCSVフォーマット	機能No欄が一致	1.00	確定
M03-17	売上分析タグ登録/編集	管理画面	0204	sheet-16	売上分析タグ登録編集	機能No欄が一致	1.00	確定
M03-18	部門登録/編集	管理画面	0204	sheet-32	部門登録	機能No欄が一致	1.00	確定
M03-19	部門CSV出力	管理画面	0204	sheet-33	部門CSV出力	機能No欄が一致	1.00	確定
M03-20	部門CSV入力	管理画面	0204	sheet-34	部門登録CSVアップロード	機能No欄が一致	1.00	確定
M03-20	部門CSV入力	管理画面	0204	sheet-35	部門登録CSVフォーマット	機能No欄が一致	1.00	確定
M03-21	棚番登録/編集	管理画面	0204	sheet-36	棚番登録 編集	機能No欄が一致	1.00	確定
M03-21	棚番登録/編集	管理画面	0204	sheet-37	棚番号CSVフォーマット	機能No欄が一致	1.00	確定
M03-22	購入グループ管理	管理画面	0204	sheet-38	購入グループ管理	機能No欄が一致	1.00	確定
M03-23	買取/販売価格履歴検索/一覧	管理画面	0204	sheet-39	買取・販売価格履歴検索	機能No欄が一致	1.00	確定
M03-24	買取/販売価格履歴情報CSV出力	管理画面	0204	sheet-40	買取 販売価格履歴情報CSV出力	機能No欄が一致	1.00	確定
M03-25	重複商品コード確認	管理画面	0204	sheet-41	重複商品コード確認	機能No欄が一致	1.00	確定
M03-26	カード商品CSV登録	管理画面	0204	sheet-8	カード商品CSV登録	機能No欄が一致	1.00	確定
M03-26	カード商品CSV登録	管理画面	0204	sheet-10	カード商品CSVフォーマット	機能No欄が一致	1.00	確定
M03-27	グッズ商品CSV登録	管理画面	0204	sheet-11	グッズ商品CSV登録	機能No欄が一致	1.00	確定
M03-27	グッズ商品CSV登録	管理画面	0204	sheet-13	グッズ商品CSVフォーマット	機能No欄が一致	1.00	確定
M03-28	商品タグ更新CSV登録	管理画面	0204	sheet-14	商品タグ更新CSV登録	機能No欄が一致	1.00	確定
M03-28	商品タグ更新CSV登録	管理画面	0204	sheet-15	商品タグ更新CSVフォーマット	機能No欄が一致	1.00	確定
M03-29	売上分析タグ更新CSV登録	管理画面	0204	sheet-17	売上分析タグ更新CSV登録	機能No欄が一致	1.00	確定
M03-29	売上分析タグ更新CSV登録	管理画面	0204	sheet-18	売上分析タグ更新CSVフォーマット	機能No欄が一致	1.00	確定
M03-30	価格変更CSV登録	管理画面	0204	sheet-42	基準価格変更CSVアップロード	機能No欄が一致	1.00	確定
M03-30	価格変更CSV登録	管理画面	0204	sheet-43	基準価格変更CSVフォーマット	機能No欄が一致	1.00	確定
M03-31	セール用価格変更CSV登録	管理画面	0204	sheet-44	セール用価格変更CSVアップロード	機能No欄が一致	1.00	確定
M03-31	セール用価格変更CSV登録	管理画面	0204	sheet-45	セール用価格変更CSVフォーマット	機能No欄が一致	1.00	確定
M03-44	低価格帯カード価格変更CSV登録	管理画面	0204	sheet-47	低価格帯カード価格変更CSVフォーマット	機能No欄が一致	1.00	確定
M03-32	高額商品価格変更CSV登録	管理画面	0204	sheet-48	高額商品価格変更CSVアップロード	機能No欄が一致	1.00	確定
M03-32	高額商品価格変更CSV登録	管理画面	0204	sheet-49	高額商品価格変更CSVフォーマット	機能No欄が一致	1.00	確定
M03-33	セール用高額商品価格変更CSV登録	管理画面	0204	sheet-50	セール用高額商品価格変更CSVアップロード	機能No欄が一致	1.00	確定
M03-33	セール用高額商品価格変更CSV登録	管理画面	0204	sheet-51	セール用高額商品価格変更CSVフォーマット	機能No欄が一致	1.00	確定
M03-34	割引率変更CSV登録	管理画面	-	-	-	0204 の目次に無く、対応するシートも無い。機能名は別添資料__スマレジ連携機能一覧（C37）に出るだけ。機能を実装していないためテスト対象外（依頼者決定）（2026-10-06 人手で確定）	0.00	Excelに該当なし
M03-35	部門更新CSV登録	管理画面	0204	sheet-52	部門更新CSV登録	機能No欄が一致	1.00	確定
M03-35	部門更新CSV登録	管理画面	0204	sheet-53	部門更新CSVフォーマット	機能No欄が一致	1.00	確定
M03-36	買取減額率変更CSV登録	管理画面	-	-	-	0204 の目次に無く、対応するシートも無い。機能名は別添資料__スマレジ連携機能一覧（C40）に出るだけ。機能を実装していないためテスト対象外（依頼者決定）（2026-10-06 人手で確定）	0.00	Excelに該当なし
M03-37	略称タグ更新CSV登録	管理画面	0204	sheet-54	略称タグ更新CSV登録	機能No欄が一致	1.00	確定
M03-37	略称タグ更新CSV登録	管理画面	0204	sheet-55	略称タグ更新CSVフォーマット	機能No欄が一致	1.00	確定
M03-38	商品公開CSV登録	管理画面	0204	sheet-19	商品公開CSV登録	機能No欄が一致	1.00	確定
M03-38	商品公開CSV登録	管理画面	0204	sheet-20	商品公開CSVフォーマット	機能No欄が一致	1.00	確定
M03-40	棚番号更新CSV登録	管理画面	0204	sheet-56	棚番号更新CSV登録	機能No欄が一致	1.00	確定
M03-40	棚番号更新CSV登録	管理画面	0204	sheet-57	棚番号更新CSVフォーマット	機能No欄が一致	1.00	確定
M03-41	カテゴリCSV登録	管理画面	0204	sheet-58	カテゴリ登録CSVアップロード	機能No欄が一致	1.00	確定
M03-41	カテゴリCSV登録	管理画面	0204	sheet-59	カテゴリ登録CSVフォーマット	機能No欄が一致	1.00	確定
M04-01	在庫検索/一覧	管理画面	0202	sheet-4	在庫検索一覧(検索入力)	機能No欄が一致	1.00	確定
M04-01	在庫検索/一覧	管理画面	0202	sheet-5	在庫検索一覧(検索結果)	機能No欄が一致	1.00	確定
M04-02	在庫編集機能	管理画面	0202	sheet-6	在庫編集	機能No欄が一致	1.00	確定
M04-03	在庫一括編集	管理画面	0202	sheet-7	在庫一括編集	機能No欄が一致	1.00	確定
M04-04	在庫情報CSV出力	管理画面	0202	sheet-8	在庫情報CSV出力	機能No欄が一致	1.00	確定
M04-05	在庫情報カスタムCSV出力	管理画面	0202	sheet-9	在庫情報カスタムCSV出力	機能No欄が一致	1.00	確定
M04-06	在庫切れリストCSV出力	管理画面	0202	sheet-10	在庫切れ、在庫警戒リストCSV出力	機能No欄が一致	1.00	確定
M04-06	在庫切れリストCSV出力	管理画面	0202	sheet-11	在庫切れリストCSV出力	機能No欄が一致	1.00	確定
M04-07	在庫警戒リストCSV出力	管理画面	0202	sheet-12	在庫警戒リストCSV出力	機能No欄が一致	1.00	確定
M04-08	在庫移動・振替検索/一覧	管理画面	0202	sheet-13	在庫移動・振替検索一覧(検索・結果)	目次に「M04-08 在庫移動・振替検索一覧(検索・結果)」と記載。このシートのケースは M04-09 のファイルにある（2026-10-06 人手で確定）	1.00	確定
M04-09	在庫移動・振替登録/編集	管理画面	0202	sheet-14	在庫移動・振替登録 編集 (移動)	機能No欄が一致	1.00	確定
M04-09	在庫移動・振替登録/編集	管理画面	0202	sheet-15	在庫移動・振替登録 編集(振替)	機能No欄が一致	1.00	確定
M04-09	在庫移動・振替登録/編集	管理画面	0202	sheet-52	別添資料_在庫移動ステータス遷移概要	機能No欄が一致	1.00	確定
M04-10	在庫移動・振替情報CSV出力	管理画面	0202	sheet-16	在庫移動・振替情報CSV出力	機能No欄が一致	1.00	確定
M04-11	在庫移動・振替情報カスタムCSV出力	管理画面	-	-	-	目次に「2026/1/26 カスタムCSVは不要で通常のCSV出力のみ必要となったため削除」と記載（0202:目次）（2026-10-06 人手で確定）	0.00	Excelに該当なし
M04-12	在庫分割結合検索/一覧	管理画面	0202	sheet-17	在庫分割結合検索一覧(検索・結果)	機能No欄が一致	1.00	確定
M04-13	在庫分割結合登録/編集	管理画面	0202	sheet-18	在庫分割結合登録編集（分割）	機能No欄が一致	1.00	確定
M04-13	在庫分割結合登録/編集	管理画面	0202	sheet-19	在庫分割結合登録編集（結合)	機能No欄が一致	1.00	確定
M04-14	在庫分割結合情報CSV出力	管理画面	0202	sheet-20	在庫分割結合情報CSV出力	機能No欄が一致	1.00	確定
M04-15	在庫分割結合情報カスタムCSV出力	管理画面	-	-	-	目次に「2026/1/26 カスタムCSVは不要で通常のCSV出力のみ必要となったため削除」と記載（0202:目次）（2026-10-06 人手で確定）	0.00	Excelに該当なし
M04-16	在庫リコメンドCSV出力	管理画面	0202	sheet-21	在庫リコメンドCSV出力	機能No欄が一致	1.00	確定
M04-17	在庫履歴検索/一覧	管理画面	0202	sheet-22	在庫履歴検索一覧(検索入力)	機能No欄が一致	1.00	確定
M04-17	在庫履歴検索/一覧	管理画面	0202	sheet-23	在庫履歴検索一覧(検索結果)	機能No欄が一致	1.00	確定
M04-18	在庫履歴CSV出力	管理画面	0202	sheet-24	在庫変動履歴CSV出力	機能No欄が一致	1.00	確定
M04-19	欠品履歴検索/一覧	管理画面	0202	sheet-25	欠品履歴検索一覧(検索結果)	機能No欄が一致	1.00	確定
M04-20	欠品履歴CSV出力	管理画面	0202	sheet-26	欠品履歴CSV出力	機能No欄が一致	1.00	確定
M04-21	在庫変更CSV登録	管理画面	0202	sheet-27	在庫変更CSV登録	機能No欄が一致	1.00	確定
M04-22	在庫移動・振替CSV登録	管理画面	0202	sheet-28	在庫移動CSV登録	機能No欄が一致	1.00	確定
M04-22	在庫移動・振替CSV登録	管理画面	0202	sheet-29	在庫振替CSV登録	機能No欄が一致	1.00	確定
M04-23	在庫分割結合CSV登録	管理画面	0202	sheet-30	在庫分割CSV登録	機能No欄が一致	1.00	確定
M04-23	在庫分割結合CSV登録	管理画面	0202	sheet-31	在庫結合CSV登録	機能No欄が一致	1.00	確定
M04-24	在庫移動指示リスト作成/検索	管理画面	0202	sheet-32	在庫移動指示検索	機能No欄が一致	1.00	確定
M04-25	在庫移動指示リストエクスポート	管理画面	0202	sheet-33	在庫移動指示詳細	機能No欄が一致	1.00	確定
M04-26	ピッキングリスト印刷	管理画面	-	-	-	目次に「2026/1/27 ピッキングは在庫移動指示の前に完了しているためピッキングリストは不要となった」と記載（0202:目次）。シート「在庫移動指示リスト ピッキングリスト印刷」（sheet-34）は残っている（2026-10-06 人手で確定）	0.00	Excelに該当なし
M04-27	在庫移動実績入力用CSV出力	管理画面	-	-	-	目次に「2026/1/29 …廃止と打ち合わせで決まった」と記載（0202:目次）（2026-10-06 人手で確定）	0.00	Excelに該当なし
M04-30	バーコード貼替リストCSV出力	管理画面	0202	sheet-36	バーコード貼替リストCSV出力	機能No欄が一致	1.00	確定
M04-28	送り状CSV出力	管理画面	0202	sheet-35	送り状CSV出力	機能No欄が一致	1.00	確定
M04-29	在庫移動実績 インポート	管理画面	0202	sheet-32	在庫移動指示検索	目次に「M04-29 在庫移動実績インポートは在庫移動指示検索画面上から行う形となったため、在庫移動指示検索画面に設計を記載し、シートは削除」と記載。このシートのケースは M04-24 のファイルにある（2026-10-06 人手で確定）	1.00	確定
M04-31	棚卸計画	管理画面	0202	sheet-37	棚卸計画一覧	目次に「M04-31 棚卸計画一覧」と記載（2026-10-06 人手で確定）	1.00	確定
M04-31	棚卸計画	管理画面	0202	sheet-38	棚卸計画新規作成	目次に「M04-31 棚卸計画新規作成」と記載（2026-10-06 人手で確定）	1.00	確定
M04-31	棚卸計画	管理画面	0202	sheet-39	棚卸計画編集	目次に「M04-31 棚卸計画編集」と記載（2026-10-06 人手で確定）	1.00	確定
M04-31	棚卸計画	管理画面	0202	sheet-40	棚卸詳細登録CSV	目次に「M04-31 棚卸詳細登録CSV」と記載（2026-10-06 人手で確定）	1.00	確定
M04-31	棚卸計画	管理画面	0202	sheet-41	棚卸詳細CSV出力	目次に「M04-31 棚卸詳細CSV出力」と記載（2026-10-06 人手で確定）	1.00	確定
M04-31	棚卸計画	管理画面	0202	sheet-42	棚卸在庫確認	目次に「M04-31 棚卸在庫確認」と記載（2026-10-06 人手で確定）	1.00	確定
M04-31	棚卸計画	管理画面	0202	sheet-43	棚卸在庫反映	目次に「M04-31 棚卸在庫反映」と記載（2026-10-06 人手で確定）	1.00	確定
M04-32	承認一覧	管理画面	0202	sheet-44	在庫編集承認一覧(検索入力)	目次に「M04-32 承認一覧(検索入力)」と記載（2026-10-06 人手で確定）	1.00	確定
M04-32	承認一覧	管理画面	0202	sheet-45	在庫編集承認一覧(検索結果)	目次に「M04-32 承認一覧(検索結果)」と記載（2026-10-06 人手で確定）	1.00	確定
M04-32	承認一覧	管理画面	0202	sheet-46	承認一覧CSV出力	目次に「M04-32 承認一覧CSV出力」と記載（2026-10-06 人手で確定）	1.00	確定
M04-32	承認一覧	管理画面	0202	sheet-47	承認対象在庫一覧CSV出力	目次に「M04-32 承認対象在庫一覧CSV出力」と記載（2026-10-06 人手で確定）	1.00	確定
M04-33	戻しリストCSV	管理画面	0202	sheet-48	在庫移動戻しリストCSV出力	機能No欄が一致	1.00	確定
M04-34	戻しリストPDF	管理画面	0202	sheet-49	在庫移動戻しリストPDF	機能No欄が一致	1.00	確定
M05-01	受注情報検索/一覧(検索入力)	管理画面	0203	sheet-3	受注情報検索 一覧(検索入力)	機能No欄が一致	1.00	確定
M05-01	受注情報検索/一覧(検索入力)	管理画面	0203	sheet-4	受注情報検索 一覧(検索結果)	機能No欄が一致	1.00	確定
M05-01	受注情報検索/一覧(検索結果)	管理画面	0203	sheet-3	受注情報検索 一覧(検索入力)	機能No欄が一致	1.00	確定
M05-01	受注情報検索/一覧(検索結果)	管理画面	0203	sheet-4	受注情報検索 一覧(検索結果)	機能No欄が一致	1.00	確定
M05-02	受注情報CSV出力	管理画面	0203	sheet-5	受注一覧CSV出力	機能No欄が一致	1.00	確定
M05-03	受注情報カスタムCSV出力	管理画面	0203	sheet-6	受注一覧カスタムCSV出力	機能No欄が一致	1.00	確定
M05-04	配送CSV出力	管理画面	0203	sheet-7	受注詳細CSV出力	機能No欄が一致	1.00	確定
M05-05	配送カスタムCSV出力	管理画面	0203	sheet-8	受注詳細カスタムCSV出力	機能No欄が一致	1.00	確定
M05-06	メール一括送信機能	管理画面	0203	sheet-9	メール一括送信	機能No欄が一致	1.00	確定
M05-07	送り状CSV出力	管理画面	0203	sheet-11	送り状CSV出力	目次に「M05-07 送り状CSV出力」と記載（2026-10-06 人手で確定）	1.00	確定
M05-08	スタック用紙印刷	管理画面	0203	sheet-12	スタック用紙印刷	機能No欄が一致	1.00	確定
M05-09	納品書印刷（日本語）	管理画面	0203	sheet-13	納品書印刷（日本語）	機能No欄が一致	1.00	確定
M05-10	納品書印刷（英語）	管理画面	0203	sheet-14	納品書印刷（英語）	機能No欄が一致	1.00	確定
M05-11	受注情報編集	管理画面	0203	sheet-15	受注情報編集	機能No欄が一致	1.00	確定
M05-12	対応状況一括変更	管理画面	-	-	-	候補なし	0.00	Excelに該当なし
M05-13	問い合わせ番号（出荷伝票番号）入力機能	管理画面	-	-	-	候補なし	0.00	Excelに該当なし
M05-14	対応状況設定	管理画面	-	-	-	候補なし	0.00	Excelに該当なし
M05-15	各種メール送信	管理画面	0203	sheet-9	メール一括送信	シート名が類似	0.71	候補
M05-16	ショップ用メモ登録機能	管理画面	-	-	-	候補なし	0.00	Excelに該当なし
M05-17	配達用メモ登録機能	管理画面	-	-	-	候補なし	0.00	Excelに該当なし
M05-18	出荷指示リスト作成	管理画面	0203	sheet-17	出荷指示リスト生成	機能No欄が一致	1.00	確定
M05-19	出荷指示リスト検索	管理画面	0203	sheet-18	出荷指示リスト検索	機能No欄が一致	1.00	確定
M05-20	出荷指示リスト詳細編集/削除	管理画面	0203	sheet-19	出荷指示リスト編集	機能No欄が一致	1.00	確定
M05-21	ピッキングリスト印刷	管理画面	0203	sheet-20	ピッキングリスト印刷	機能No欄が一致	1.00	確定
M05-22	出荷指示：納品書印刷（日本語）	管理画面	0203	sheet-21	出荷指示ー納品書印刷（日本語）	機能No欄が一致	1.00	確定
M05-23	出荷指示：納品書印刷（英語）	管理画面	0203	sheet-22	出荷指示ー納品書印刷（英語）	機能No欄が一致	1.00	確定
M05-24	出荷実績入力用CSV出力	管理画面	0203	sheet-23	出荷実績入力用CSV出力	機能No欄が一致	1.00	確定
M05-26	出荷実績インポート登録	管理画面	0203	sheet-24	出荷実績インポート登録	機能No欄が一致	1.00	確定
M05-26	出荷実績インポート登録	管理画面	0203	sheet-25	出荷実績登録CSVフォーマット	機能No欄が一致	1.00	確定
M05-26	出荷実績登録CSVフォーマット	管理画面	0203	sheet-24	出荷実績インポート登録	機能No欄が一致	1.00	確定
M05-26	出荷実績登録CSVフォーマット	管理画面	0203	sheet-25	出荷実績登録CSVフォーマット	機能No欄が一致	1.00	確定
M05-27	店頭注文番号札管理	管理画面	0203	sheet-26	店頭注文番号札管理	機能No欄が一致	1.00	確定
M06-01	買取検索/一覧	管理画面	0205	sheet-3	買取一覧(検索入力)	機能No欄が一致	1.00	確定
M06-01	買取検索/一覧	管理画面	0205	sheet-4	買取一覧(検索結果)	機能No欄が一致	1.00	確定
M06-02	古物台帳入力用CSV出力	管理画面	0205	sheet-5	古物台帳入力用CSV出力	機能No欄が一致	1.00	確定
M06-03	買取情報編集	管理画面	0205	sheet-10	買取詳細	機能No欄が一致	1.00	確定
M06-04	買取ステータス変更	管理画面	0205	sheet-11	ステータス変更	機能No欄が一致	1.00	確定
M06-05	買取商品履歴検索/一覧	管理画面	0205	sheet-12	買取商品履歴(検索入力)	機能No欄が一致	1.00	確定
M06-05	買取商品履歴検索/一覧	管理画面	0205	sheet-13	買取商品履歴(検索結果)	機能No欄が一致	1.00	確定
M06-06	買取商品履歴全件CSV出力	管理画面	0205	sheet-14	買取商品履歴CSV出力	目次に「M06-06, M06-07 買取商品履歴CSV出力」と記載（2026-10-06 人手で確定）	1.00	確定
M06-07	買取商品履歴選択CSV出力	管理画面	0205	sheet-14	買取商品履歴CSV出力	目次に「M06-06, M06-07 買取商品履歴CSV出力」と記載（2026-10-06 人手で確定）	1.00	確定
M06-08	買取集計データ	管理画面	0205	sheet-15	買取集計データ(検索入力)	機能No欄が一致	1.00	確定
M06-08	買取集計データ	管理画面	0205	sheet-16	買取集計データ(検索結果)	機能No欄が一致	1.00	確定
M06-09	買取集計データCSV出力	管理画面	0205	sheet-17	買取集計データCSV出力	機能No欄が一致	1.00	確定
M06-10	戻しリストCSV出力	管理画面	0205	sheet-8	【新規】戻しリストCSV出力	機能No欄が一致	1.00	確定
M06-11	戻しリストPDF出力	管理画面	0205	sheet-9	【新規】戻しリストPDF出力	機能No欄が一致	1.00	確定
M06-12	買取商品一覧CSV	管理画面	0205	sheet-6	【新規】買取商品一覧CSV出力項目	機能No欄が一致	1.00	確定
M06-13	買取商品（キャンセル）CSV	管理画面	0205	sheet-7	【新規】買取商品一覧（キャンセル）CSV出力項目	機能No欄が一致	1.00	確定
M07-01	買取検索/一覧	管理画面	0206	sheet-3	買取一覧(検索入力)	機能No欄が一致	1.00	確定
M07-01	買取検索/一覧	管理画面	0206	sheet-4	買取一覧(検索結果)	機能No欄が一致	1.00	確定
M07-02	古物台帳入力用CSV	管理画面	0206	sheet-5	古物台帳入力用CSV出力項目	機能No欄が一致	1.00	確定
M07-03	買取情報編集	管理画面	0206	sheet-11	買取情報編集	機能No欄が一致	1.00	確定
M07-04	手動メール通知	管理画面	0206	sheet-12	手動メール通知(入力画面)	機能No欄が一致	1.00	確定
M07-05	入金CSV	管理画面	0206	sheet-6	入金CSV出力項目	機能No欄が一致	1.00	確定
M07-06	買取商品一覧CSV	管理画面	0206	sheet-7	買取商品一覧CSV出力項目	目次に「M07-06 買取商品一覧CSV」と記載（2026-10-06 人手で確定）	1.00	確定
M07-07	買取商品（キャンセル）CSV	管理画面	0206	sheet-8	【新規】買取商品一覧（キャンセル）CSV出力項目	目次に「M07-07 【新規】買取商品（キャンセル）CSV」と記載（2026-10-06 人手で確定）	1.00	確定
M07-08	戻しリストCSV	管理画面	0206	sheet-9	【新規】戻しリストCSV出力	機能No欄が一致	1.00	確定
M07-09	戻しリストPDF	管理画面	0206	sheet-10	【新規】戻しリストPDF出力	目次に「M07-09 【新規】戻しリストPDF」と記載。このシートのケースは M07-08 のファイルにある（2026-10-06 人手で確定）	1.00	確定
M08-01	会員検索/一覧	管理画面	0207	sheet-3	会員検索一覧(検索入力)	機能No欄が一致	1.00	確定
M08-01	会員検索/一覧	管理画面	0207	sheet-4	会員検索一覧(検索結果)	機能No欄が一致	1.00	確定
M08-02	メール一括送信	管理画面	0207	sheet-5	メール一括送信	機能No欄が一致	1.00	確定
M08-02	メール一括送信	管理画面	0207	sheet-6	メール一括送信確認	機能No欄が一致	1.00	確定
M08-02	メール一括送信	管理画面	0207	sheet-7	メール一括送信完了	機能No欄が一致	1.00	確定
M08-03	顧客情報CSV出力	管理画面	0207	sheet-8	顧客情報CSV出力項目設定	目次に「M08-03 顧客情報CSV出力」と記載（2026-10-06 人手で確定）	1.00	確定
M08-04	会員登録/編集	管理画面	0207	sheet-9	会員登録編集	機能No欄が一致	1.00	確定
M08-05	ポイント付与	管理画面	0207	sheet-10	ポイント付与	機能No欄が一致	1.00	確定
M08-05	ポイント付与	管理画面	0207	sheet-11	ポイント付与（キャンペーン、特別対応）	機能No欄が一致	1.00	確定
M08-05	ポイント付与	管理画面	0207	sheet-12	ポイント付与（余剰入金へのご返金、注文金額変更によるご返金	機能No欄が一致	1.00	確定
M08-06	ポイント履歴	管理画面	0207	sheet-13	ポイント履歴確認	機能No欄が一致	1.00	確定
M08-07	メール送信履歴	管理画面	0207	sheet-14	メール配信履歴	機能No欄が一致	1.00	確定
M08-08	手動メール通知	管理画面	0207	sheet-15	手動メール通知(入力画面)	機能No欄が一致	1.00	確定
M08-09	配送先一覧表示/編集	管理画面	0207	sheet-17	配送先編集	機能No欄が一致	1.00	確定
M08-10	オンライン本人確認	管理画面	0207	sheet-18	オンライン本人確認	機能No欄が一致	1.00	確定
M08-11	顧客分析タグマスター	管理画面	0207	sheet-19	【新規】顧客分析タグ	機能No欄が一致	1.00	確定
M08-12	顧客グループ管理	管理画面	0207	sheet-20	顧客グループ管理	機能No欄が一致	1.00	確定
M08-13	ブラックリスト登録/編集/削除	管理画面	0207	sheet-21	ブラックリスト管理	機能No欄が一致	1.00	確定
M08-14	会員登録仮登録完了メール再送	管理画面	0207	sheet-22	会員登録仮登録完了メール再送	機能No欄が一致	1.00	確定
M08-15	会員顧客分析タグ情報CSV出力	管理画面	0207	sheet-24	【新規】会員顧客分析タグ情報CSV出力項目設定	シート名・項目内容が機能名に一致（目次は M08-16 と記載。functions/phase2_specs.json 0207-M08-15 と同じ対応）。フェーズ2対応（2026-10-06 人手で確定）	1.00	確定
M08-16	会員顧客分析タグ登録アップロード	管理画面	0207	sheet-23	【新規】顧客分析タグ登録CSV入力項目設定	シート名・項目内容が機能名に一致（目次は M08-15 と記載。functions/phase2_specs.json 0207-M08-16 と同じ対応）。フェーズ2対応（2026-10-06 人手で確定）	1.00	確定
M09-01	新着情報管理	管理画面	-	-	-	候補なし	0.00	Excelに該当なし
M09-02	ファイル管理	管理画面	-	-	-	候補なし	0.00	Excelに該当なし
M09-03	レイアウト管理	管理画面	-	-	-	候補なし	0.00	Excelに該当なし
M09-04	ページ管理	管理画面	0210	sheet-3	ページ管理(一覧)	機能No欄が一致	1.00	確定
M09-04	ページ管理	管理画面	0210	sheet-4	ページ管理(登録・編集)	機能No欄が一致	1.00	確定
M09-05	CSS管理	管理画面	0210	sheet-3	ページ管理(一覧)	シート名が類似	0.40	候補
M09-05	CSS管理	管理画面	0210	sheet-4	ページ管理(登録・編集)	シート名が類似	0.40	候補
M09-06	JavaScript管理	管理画面	-	-	-	候補なし	0.00	Excelに該当なし
M09-07	ブロック管理	管理画面	0210	sheet-5	ブロック管理(一覧)	機能No欄が一致	1.00	確定
M09-07	ブロック管理	管理画面	0210	sheet-6	ブロック管理(登録・編集)	機能No欄が一致	1.00	確定
M09-08	キャッシュ管理	管理画面	0210	sheet-5	ブロック管理(一覧)	シート名が類似	0.46	候補
M09-08	キャッシュ管理	管理画面	0210	sheet-6	ブロック管理(登録・編集)	シート名が類似	0.46	候補
M09-09	メンテナンス管理	管理画面	-	-	-	候補なし	0.00	Excelに該当なし
M09-10	支店トップページ管理	管理画面	0210	sheet-7	支店トップページ管理	機能No欄が一致	1.00	確定
M10-01	基本設定(旧ショップマスター)	管理画面	0209	sheet-3	基本設定(旧ショップマスター)	機能No欄が一致	1.00	確定
M10-02	特定商取引に関する法律	管理画面	0209	sheet-4	特定商取引に関する法律	機能No欄が一致	1.00	確定
M10-03	会員規約設定	管理画面	0209	sheet-5	利用規約管理	機能No欄が一致	1.00	確定
M10-04	支払い方法/手数料設定	管理画面	0209	sheet-6	支払い方法 手数料設定	機能No欄が一致	1.00	確定
M10-05	配送料無料条件設定	管理画面	0209	sheet-7	配送方法設定	シート名が類似	0.53	候補
M10-06	配送業者/配送料/配送時間設定	管理画面	0209	sheet-7	配送方法設定	シート名が類似	0.42	候補
M10-07	税率設定	管理画面	0209	sheet-8	税率設定	機能No欄が一致	1.00	確定
M10-08	自動メール送信テンプレ	管理画面	0209	sheet-9	自動送信メール	機能No欄が一致	1.00	確定
M10-09	メール設定	管理画面	0209	sheet-10	メール設定	機能No欄が一致	1.00	確定
M10-10	CSV出力項目設定	管理画面	0209	sheet-11	CSV出力項目設定	機能No欄が一致	1.00	確定
M10-11	受注対応状況設定	管理画面	-	-	-	候補なし	0.00	Excelに該当なし
M10-12	定休日カレンダー設定	管理画面	0209	sheet-10	メール設定	シート名が類似	0.40	候補
M10-13	カスタムCSV出力設定	管理画面	0209	sheet-12	カスタムCSV出力設定	機能No欄が一致	1.00	確定
M10-14	店舗一覧	管理画面	0209	sheet-13	店舗登録	シート名が類似	0.50	候補
M10-15	店舗登録	管理画面	0209	sheet-13	店舗登録	機能No欄が一致	1.00	確定
M10-16	追加システム設定	管理画面	0209	sheet-14	追加システム設定	機能No欄が一致	1.00	確定
M11-01	メンバー管理一覧	管理画面	0201	sheet-3	メンバー管理一覧	機能No欄が一致	1.00	確定
M11-02	メンバー管理	管理画面	0201	sheet-4	メンバー管理	機能No欄が一致	1.00	確定
M11-03	権限管理	管理画面	0201	sheet-5	権限管理	機能No欄が一致	1.00	確定
M11-03	権限管理	管理画面	0201	sheet-6	権限制御	機能No欄が一致	1.00	確定
M11-04	ログイン履歴	管理画面	0201	sheet-6	権限制御	シート本文に機能名が出現	0.00	候補
M11-05	マスタデータ管理	管理画面	0201	sheet-4	メンバー管理	シート名が類似	0.43	候補
M11-06	システム情報	管理画面	-	-	-	候補なし	0.00	Excelに該当なし
M12-01	日別/月別集計 集計一覧表示	管理画面	0211	sheet-3	日別・月別集計 集計一覧(検索項目-日別)	機能No欄が一致	1.00	確定
M12-01	日別/月別集計 集計一覧表示	管理画面	0211	sheet-4	日別・月別集計 集計一覧(検索項目-月別)	機能No欄が一致	1.00	確定
M12-01	日別/月別集計 集計一覧表示	管理画面	0211	sheet-5	日別・月別集計 集計一覧(検索結果-日別)	機能No欄が一致	1.00	確定
M12-01	日別/月別集計 集計一覧表示	管理画面	0211	sheet-6	日別・月別集計 集計一覧(検索結果-月別)	機能No欄が一致	1.00	確定
M12-01	日別/月別集計 集計一覧表示	管理画面	0211	sheet-3	日別・月別集計 集計一覧(検索項目-日別)	機能No欄が一致	1.00	確定
M12-01	日別/月別集計 集計一覧表示	管理画面	0211	sheet-4	日別・月別集計 集計一覧(検索項目-月別)	機能No欄が一致	1.00	確定
M12-01	日別/月別集計 集計一覧表示	管理画面	0211	sheet-5	日別・月別集計 集計一覧(検索結果-日別)	機能No欄が一致	1.00	確定
M12-01	日別/月別集計 集計一覧表示	管理画面	0211	sheet-6	日別・月別集計 集計一覧(検索結果-月別)	機能No欄が一致	1.00	確定
M12-02	日別/月別集計 CSVダウンロード	管理画面	0211	sheet-7	日別・月別集計 CSV出力	機能No欄が一致	1.00	確定
M12-02	日別/月別集計 CSVダウンロード	管理画面	0211	sheet-7	日別・月別集計 CSV出力	機能No欄が一致	1.00	確定
M12-03	受注/売上分析 集計一覧表示	管理画面	0211	sheet-8	受注売上分析 集計一覧(検索項目)	機能No欄が一致	1.00	確定
M12-03	受注/売上分析 集計一覧表示	管理画面	0211	sheet-9	受注売上分析 集計一覧(検索結果-集計単位 商品)	機能No欄が一致	1.00	確定
M12-03	受注/売上分析 集計一覧表示	管理画面	0211	sheet-10	受注売上分析 集計一覧(検索結果-集計単位 カテゴリ )	機能No欄が一致	1.00	確定
M12-03	受注/売上分析 集計一覧表示	管理画面	0211	sheet-8	受注売上分析 集計一覧(検索項目)	機能No欄が一致	1.00	確定
M12-03	受注/売上分析 集計一覧表示	管理画面	0211	sheet-9	受注売上分析 集計一覧(検索結果-集計単位 商品)	機能No欄が一致	1.00	確定
M12-03	受注/売上分析 集計一覧表示	管理画面	0211	sheet-10	受注売上分析 集計一覧(検索結果-集計単位 カテゴリ )	機能No欄が一致	1.00	確定
M12-04	受注/売上分析 CSVダウンロード	管理画面	0211	sheet-11	受注売上分析 CSV出力(商品)	機能No欄が一致	1.00	確定
M12-04	受注/売上分析 CSVダウンロード	管理画面	0211	sheet-12	受注売上分析 CSV出力(カテゴリ)	機能No欄が一致	1.00	確定
M12-04	受注/売上分析 CSVダウンロード	管理画面	0211	sheet-11	受注売上分析 CSV出力(商品)	機能No欄が一致	1.00	確定
M12-04	受注/売上分析 CSVダウンロード	管理画面	0211	sheet-12	受注売上分析 CSV出力(カテゴリ)	機能No欄が一致	1.00	確定
M12-05	入荷通知依頼 一覧表示	管理画面	0211	sheet-13	入荷通知依頼 一覧表示(検索項目)	機能No欄が一致	1.00	確定
M12-05	入荷通知依頼 一覧表示	管理画面	0211	sheet-14	入荷通知依頼 一覧表示(検索結果)	機能No欄が一致	1.00	確定
M12-05	入荷通知依頼 一覧表示	管理画面	0211	sheet-13	入荷通知依頼 一覧表示(検索項目)	機能No欄が一致	1.00	確定
M12-05	入荷通知依頼 一覧表示	管理画面	0211	sheet-14	入荷通知依頼 一覧表示(検索結果)	機能No欄が一致	1.00	確定
M12-06	入荷通知依頼 CSVダウンロード	管理画面	0211	sheet-15	入荷通知依頼 CSV出力	機能No欄が一致	1.00	確定
M12-06	入荷通知依頼 CSVダウンロード	管理画面	0211	sheet-15	入荷通知依頼 CSV出力	機能No欄が一致	1.00	確定
M12-07	フォーマット売上分析 集計一覧表示	管理画面	0211	sheet-16	フォーマット売上分析 集計一覧(検索項目)	機能No欄が一致	1.00	確定
M12-07	フォーマット売上分析 集計一覧表示	管理画面	0211	sheet-17	フォーマット売上分析 集計一覧(検索結果)	機能No欄が一致	1.00	確定
M12-07	フォーマット売上分析 集計一覧表示	管理画面	0211	sheet-16	フォーマット売上分析 集計一覧(検索項目)	機能No欄が一致	1.00	確定
M12-07	フォーマット売上分析 集計一覧表示	管理画面	0211	sheet-17	フォーマット売上分析 集計一覧(検索結果)	機能No欄が一致	1.00	確定
M12-08	フォーマット売上分析 CSVダウンロード	管理画面	0211	sheet-18	フォーマット売上分析 CSV出力	機能No欄が一致	1.00	確定
M12-08	フォーマット売上分析 CSVダウンロード	管理画面	0211	sheet-18	フォーマット売上分析 CSV出力	機能No欄が一致	1.00	確定
M12-09	デッキ採用枚数集計 出力条件変更	管理画面	0211	sheet-19	特集タグ編集CSVダウンロード(検索項目)	機能No欄が一致	1.00	確定
M12-09	デッキ採用枚数集計 出力条件変更	管理画面	0211	sheet-19	特集タグ編集CSVダウンロード(検索項目)	機能No欄が一致	1.00	確定
M12-10	デッキ採用枚数集計 特集タグ編集用CSVダウンロード	管理画面	0211	sheet-20	特集タグ編集CSVダウンロード CSV出力	機能No欄が一致	1.00	確定
M12-10	デッキ採用枚数集計 特集タグ編集用CSVダウンロード	管理画面	0211	sheet-20	特集タグ編集CSVダウンロード CSV出力	機能No欄が一致	1.00	確定
M13-01	イベント一覧検索	管理画面	0214	sheet-3	イベント一覧(検索入力)	機能No欄が一致	1.00	確定
M13-01	イベント一覧検索	管理画面	0214	sheet-4	イベント一覧(検索結果)	機能No欄が一致	1.00	確定
M13-02	イベント編集/削除	管理画面	0214	sheet-5	イベント編集	機能No欄が一致	1.00	確定
M13-02	イベント編集/削除	管理画面	0214	sheet-6	イベント削除	機能No欄が一致	1.00	確定
M13-03	日程追加	管理画面	0214	sheet-7	日程登録	機能No欄が一致	1.00	確定
M13-04	繰り返し日程登録	管理画面	0214	sheet-8	繰返日程追加	機能No欄が一致	1.00	確定
M13-05	複製新規	管理画面	0214	sheet-9	複製新規	機能No欄が一致	1.00	確定
M13-06	イベント申込検索	管理画面	0214	sheet-10	イベント申込一覧(検索入力)	機能No欄が一致	1.00	確定
M13-06	イベント申込検索	管理画面	0214	sheet-11	イベント申込一覧(検索結果)	機能No欄が一致	1.00	確定
M13-07	イベント申込一括編集	管理画面	0214	sheet-12	イベント申込一括編集	機能No欄が一致	1.00	確定
M13-08	デッキ表示	管理画面	0214	sheet-13	デッキ表示	機能No欄が一致	1.00	確定
M13-09	CSVダウンロード	管理画面	0214	sheet-14	CSVダウンロード	目次に「M13-09 CSVダウンロード」と記載（2026-10-06 人手で確定）	1.00	確定
M13-10	イベント申込詳細・編集	管理画面	0214	sheet-15	イベント申込詳細・編集	機能No欄が一致	1.00	確定
M13-11	イベント申込登録検索	管理画面	0214	sheet-16	イベント申込登録(検索入力)	機能No欄が一致	1.00	確定
M13-11	イベント申込登録検索	管理画面	0214	sheet-17	イベント申込登録(検索結果)	機能No欄が一致	1.00	確定
M13-12	イベント新規申込登録	管理画面	0214	sheet-18	イベント新規申込登録	機能No欄が一致	1.00	確定
M13-13	イベント申込一括CSV登録	管理画面	0214	sheet-19	イベント一括登録	機能No欄が一致	1.00	確定
M13-13	イベント申込一括CSV登録	管理画面	0214	sheet-20	イベント一括登録CSV	機能No欄が一致	1.00	確定
M13-14	バナー設定	管理画面	0214	sheet-21	バナー設定	機能No欄が一致	1.00	確定
M13-15	画像設定	管理画面	0214	sheet-22	画像設定	機能No欄が一致	1.00	確定
M14-01	カード検索	管理画面	0208	sheet-3	カード一覧(検索入力)	機能No欄が一致	1.00	確定
M14-01	カード検索	管理画面	0208	sheet-4	カード一覧(検索結果)	機能No欄が一致	1.00	確定
M14-02	カード情報CSV出力	管理画面	0208	sheet-5	カード情報CSV出力項目	目次に「M14-02 カード情報CSV出力項目」と記載（2026-10-06 人手で確定）	1.00	確定
M14-03	一括削除	管理画面	0208	sheet-4	カード一覧(検索結果)	シート本文に機能名が出現（0208:カード一覧(検索結果)!C49）。目次に M14-03 の行は無く、一覧画面の一操作として書かれている。このシートのケースは M14-01 のファイルにある（2026-10-06 人手で確定）	1.00	確定
M14-04	カード新規登録/編集/削除	管理画面	0208	sheet-6	カード詳細(登録・編集・削除)	機能No欄が一致	1.00	確定
M14-05	カードCSV登録	管理画面	0208	sheet-7	カード登録CSVアップロード	機能No欄が一致	1.00	確定
M14-05	カードCSV登録	管理画面	0208	sheet-8	カード登録CSV	目次に「M14-05 カード登録CSV」と記載（シートに機能No欄が無い）（2026-10-06 人手で訂正）	1.00	確定
M14-06	カードセット一覧	管理画面	0208	sheet-9	カードセット管理(一覧)	機能No欄が一致	1.00	確定
M14-07	画像ダウンロード(2種)	管理画面	0208	sheet-10	画像ダウンロード(セット別)	機能No欄が一致	1.00	確定
M14-07	画像ダウンロード(2種)	管理画面	0208	sheet-11	画像ダウンロード(言語別)	機能No欄が一致	1.00	確定
M14-08	カードセット新規登録/編集/削除	管理画面	0208	sheet-12	カードセット詳細（登録・編集・削除)	機能No欄が一致	1.00	確定
M14-09	フォーマット一覧	管理画面	0208	sheet-13	フォーマット一覧	機能No欄が一致	1.00	確定
M14-10	フォーマット新規登録/編集/削除	管理画面	0208	sheet-14	フォーマット詳細(登録・編集・削除)	機能No欄が一致	1.00	確定
M15-01	デッキ検索/一覧	管理画面	0212	sheet-3	デッキ一覧(検索入力)	機能No欄が一致	1.00	確定
M15-01	デッキ検索/一覧	管理画面	0212	sheet-4	デッキ一覧(検索結果)	機能No欄が一致	1.00	確定
M15-02	デッキCSV出力	管理画面	0212	sheet-4	デッキ一覧(検索結果)	目次に「M15-01, M15-02, M15-03, M15-04 デッキ一覧(検索結果)」と記載（デッキ編集のシートの機能No欄が M15-02 と誤記されていた）（2026-10-06 人手で訂正）	1.00	確定
M15-03	一括削除	管理画面	0212	sheet-4	デッキ一覧(検索結果)	目次に「M15-01, M15-02, M15-03, M15-04 デッキ一覧(検索結果)」と記載。このシートのケースは M15-01 のファイルにある（2026-10-06 人手で確定）	1.00	確定
M15-04	一括編集	管理画面	0212	sheet-4	デッキ一覧(検索結果)	目次に「M15-01, M15-02, M15-03, M15-04 デッキ一覧(検索結果)」と記載。このシートのケースは M15-01 のファイルにある（2026-10-06 人手で確定）	1.00	確定
M15-05	デッキ新規登録/編集/削除/複製	管理画面	0212	sheet-5	デッキ編集	目次に「M15-05 デッキ編集」と記載。このシートのケースは M15-02 のファイルにある（2026-10-06 人手で確定）	1.00	確定
M15-06	デッキ登録CSV	管理画面	0212	sheet-6	デッキ登録CSVアップロード	機能No欄が一致	1.00	確定
M15-06	デッキ登録CSV	管理画面	0212	sheet-7	デッキ登録CSV	機能No欄が一致	1.00	確定
M15-07	デッキタグ一覧	管理画面	0212	sheet-8	デッキタグ一覧	機能No欄が一致	1.00	確定
M15-08	アーキタイプ検索	管理画面	0212	sheet-9	アーキタイプ管理(検索入力)	機能No欄が一致	1.00	確定
M15-08	アーキタイプ検索	管理画面	0212	sheet-10	アーキタイプ管理(検索結果)	機能No欄が一致	1.00	確定
M15-09	アーキタイ登録/編集/削除	管理画面	0212	sheet-11	アーキタイプ編集	機能No欄が一致	1.00	確定
M15-10	アーキタイプ登録CSV	管理画面	0212	sheet-12	アーキタイプ登録CSVアップロード	機能No欄が一致	1.00	確定
M15-10	アーキタイプ登録CSV	管理画面	0212	sheet-13	アーキタイプ登録CSV	目次に「M15-10 アーキタイプ登録CSV」と記載（シートの機能No欄は M15-06 と誤記）（2026-10-06 人手で訂正）	1.00	確定
M15-11	直近の大会編集	管理画面	0212	sheet-14	直近の大会管理	目次に「M15-11 直近の大会管理」と記載（2026-10-06 人手で確定）	1.00	確定
M16-01	バナー設定(トップバナー管理)	管理画面	0213	sheet-3	バナー設定	機能No欄が一致	1.00	確定
M16-02	画像設定(トップバナー管理)	管理画面	0213	sheet-4	画像設定	機能No欄が一致	1.00	確定
M16-03	祝日追加/削除	管理画面	0213	sheet-5	祝日管理	機能No欄が一致	1.00	確定
M16-04	MTGマスターデータ編集	管理画面	0213	sheet-6	MTGマスターデータ	機能No欄が一致	1.00	確定
M16-05	割引率一覧表示	管理画面	0213	sheet-7	販売割引率一覧	目次に「M16-05 販売割引率一覧」と記載（2026-10-06 人手で確定）	1.00	確定
M16-06	買取価格対応表一覧表示	管理画面	0213	sheet-8	買取価格対応表(一覧)	機能No欄が一致	1.00	確定
M16-07	買取価格対応修正	管理画面	0213	sheet-9	買取価格対応表(編集)	機能No欄が一致	1.00	確定
M16-08	買取減額率一覧表示	管理画面	0213	sheet-10	買取減額率一覧	機能No欄が一致	1.00	確定
B01-02	在庫切れ	バッチ	0402	sheet-3	在庫切れバッチ	機能No欄が一致	1.00	確定
B01-03	在庫警告	バッチ	0402	sheet-4	在庫警戒バッチ	機能No欄が一致	1.00	確定
B02-01	期間別販売数集計	バッチ	0404	sheet-3	期間別販売数集計	機能No欄が一致	1.00	確定
B02-02	入荷通知キャンセル	バッチ	0404	sheet-4	入荷通知キャンセル	機能No欄が一致	1.00	確定
B02-03	期間別入庫数集計	バッチ	0402	sheet-5	期間別入庫数集計バッチ	機能No欄が一致	1.00	確定
B02-03	期間別入庫数集計	バッチ	0404	sheet-5	期間別入庫数集計	機能No欄が一致	1.00	確定
B02-04	商品部門未設定チェック	バッチ	0404	sheet-6	商品部門未設定チェック	機能No欄が一致	1.00	確定
B02-05	お気に入り商品セール通知	バッチ	0404	sheet-7	お気に入り商品セール通知	機能No欄が一致	1.00	確定
B02-06	在庫初期化	バッチ	0404	sheet-8	在庫初期化	機能No欄が一致	1.00	確定
B02-07	週間在庫履歴更新	バッチ	0402	sheet-6	週間在庫履歴更新バッチ	機能No欄が一致	1.00	確定
B02-07	週間在庫履歴更新	バッチ	0404	sheet-10	ユニサーチフィードTSV	機能No欄が一致	1.00	確定
B05-01	注文番号登録	バッチ	0405	sheet-3	注文番号登録	機能No欄が一致	1.00	確定
B05-02	購入完了手続き再処理	バッチ	0405	sheet-4	購入完了手続き再処理	機能No欄が一致	1.00	確定
B05-03	店頭注文番号初期化	バッチ	0405	sheet-5	店頭注文番号初期化	機能No欄が一致	1.00	確定
B05-04	スマレジ商品再連携	バッチ	0405	sheet-6	スマレジ商品再連携	機能No欄が一致	1.00	確定
B05-05	スマレジ商品削除	バッチ	0405	sheet-7	スマレジ商品削除	機能No欄が一致	1.00	確定
B05-06	ポイント二重登録チェック	バッチ	0405	sheet-8	ポイント二重登録チェック	機能No欄が一致	1.00	確定
B05-07	ポイント利用未反映チェック	バッチ	0405	sheet-9	ポイント利用未反映チェック	機能No欄が一致	1.00	確定
B05-08	スマレジEC受注連携エラー再連携	バッチ	0405	sheet-10	スマレジEC受注連携エラー再連携	機能No欄が一致	1.00	確定
B05-09	スマレジ取引連携エラー再連携	バッチ	0405	sheet-11	スマレジ取引連携エラー再連携	機能No欄が一致	1.00	確定
B06-01	買取自動入庫バッチ	バッチ	0406	sheet-3	【新規】買取自動入庫バッチ	機能No欄が一致	1.00	確定
B06-02	買取集計バッチ	バッチ	0406	sheet-4	買取集計バッチ	機能No欄が一致	1.00	確定
B08-01	リニューアル時パスワードリセットメール送信	バッチ	0408	sheet-3	リニューアル時パスワードリセットメール送信	機能No欄が一致	1.00	確定
B08-02	ポイント失効	バッチ	0408	sheet-4	ポイント失効	機能No欄が一致	1.00	確定
B08-03	ポイント有効期限通知	バッチ	0408	sheet-5	ポイント有効期限通知	機能No欄が一致	1.00	確定
B08-04	必須項目が空欄の会員発生通知	バッチ	0408	sheet-6	必須項目が空欄の会員発生通知	目次に「B08-04 必須項目が空欄の会員発生通知」と記載（2026-10-06 人手で確定）	1.00	確定
B08-05	ポイント差分発生通知	バッチ	0408	sheet-7	ポイント差分発生通知	機能No欄が一致	1.00	確定
B08-06	スマレジ使用ポイント連携	バッチ	0408	sheet-8	スマレジ使用ポイント連携	機能No欄が一致	1.00	確定
B13-01	決済処理中チェックバッチ	バッチ	0413	sheet-3	決済処理中チェックバッチ	機能No欄が一致	1.00	確定
B13-02	コンビニ支払チェックバッチ	バッチ	0413	sheet-4	コンビニ支払チェックバッチ	機能No欄が一致	1.00	確定
B17-01	最新記事jsonファイル作成	バッチ	-	-	-	この機能グループのシートがどのブックにも無い	0.00	Excel設計書なし
A01-01	スマレジ連携処理	API	0501	sheet-3	スマレジ連携処理	機能No欄が一致	1.00	確定
A01-02	スマレジwebhook連携エラー再連携	API	0501	sheet-4	スマレジwebhook連携エラー再連携	機能No欄が一致	1.00	確定
A02-01	ポップアップ用商品情報取得	API	0502	sheet-3	ポップアップ用商品情報取得	機能No欄が一致	1.00	確定
A02-02	ポップアップ用カード情報取得	API	0502	sheet-4	ポップアップ用カード情報取得	機能No欄が一致	1.00	確定
A02-03	ポップアップ用商品情報取得（旧商品ID）	API	0502	sheet-5	ポップアップ用商品情報取得（旧商品ID）	機能No欄が一致	1.00	確定
A02-04	ポップアップ用カード情報取得（旧商品ID）	API	0502	sheet-6	ポップアップ用カード情報取得（旧商品ID）	機能No欄が一致	1.00	確定
A02-05	更新商品規格取得	API	0502	sheet-7	更新商品規格取得	機能No欄が一致	1.00	確定
A05-01	注文印刷_印刷情報をプリンタへ送信	API	0505	sheet-3	注文印刷_印刷情報をプリンタへ送信	機能No欄が一致	1.00	確定
A05-02	注文印刷_該当受注のステータスを印刷済みに変更	API	0505	sheet-4	注文印刷_該当受注のステータスを印刷済みに変更	機能No欄が一致	1.00	確定
A05-03	店頭注文番号取得	API	0505	sheet-5	店頭注文番号取得	機能No欄が一致	1.00	確定
A05-04	スマレジ受信処理	API	0505	sheet-6	スマレジ受信処理	機能No欄が一致	1.00	確定
A06-01	買取アプリ用ログイン	API	0506	sheet-3	買取アプリ用ログイン	機能No欄が一致	1.00	確定
A06-02	店頭買取受注一覧取得	API	0506	sheet-4	店頭買取情報取得	機能No欄が一致	1.00	確定
A06-03	店頭買取受注詳細更新	API	0506	sheet-5	店頭買取情報更新	機能No欄が一致	1.00	確定
A06-04	店頭買取受注コメント更新	API	0506	sheet-6	店頭買取情報コメント更新	機能No欄が一致	1.00	確定
A06-05	店頭買取受注ステータス更新	API	0506	sheet-7	店頭買取情報ステータス更新	機能No欄が一致	1.00	確定
A06-06	カード詳細IDから買取用商品情報を取得	API	0506	sheet-8	カード詳細IDから買取用商品情報を取得	機能No欄が一致	1.00	確定
A06-07	商品IDリストから買取用商品情報を取得	API	0506	sheet-9	商品IDリストから買取用商品情報を取得	機能No欄が一致	1.00	確定
A06-08	カード名から買取用商品情報を取得	API	0506	sheet-10	カード名から買取用商品情報を取得	機能No欄が一致	1.00	確定
A06-09	商品名から商品詳細の情報を取得	API	0506	sheet-2	目次	目次に機能名が記載（掲載の裏付け・0506:目次!C12）	0.00	候補
A06-09	商品名から商品詳細の情報を取得	API	0506	sheet-9	商品IDリストから買取用商品情報を取得	シート名が類似	0.65	候補
A06-09	商品名から商品詳細の情報を取得	API	0506	sheet-10	カード名から買取用商品情報を取得	シート名が類似	0.65	候補
A06-10	商品IDリストから買取用商品情報を取得する	API	0506	sheet-2	目次	目次に機能名が記載（掲載の裏付け・0506:目次!C13）	0.00	候補
A06-10	商品IDリストから買取用商品情報を取得する	API	0506	sheet-9	商品IDリストから買取用商品情報を取得	シート名が類似	0.95	候補
A06-10	商品IDリストから買取用商品情報を取得する	API	0506	sheet-8	カード詳細IDから買取用商品情報を取得	シート名が類似	0.70	候補
A06-11	部門一覧を取得	API	0506	sheet-11	部門一覧を取得	機能No欄が一致	1.00	確定
A06-12	固定価格部門を部門情報を取得	API	0506	sheet-12	固定価格部門の部門情報を取得	機能No欄が一致	1.00	確定
A06-13	本人確認更新	API	0506	sheet-13	本人確認更新	機能No欄が一致	1.00	確定
A06-14	店頭買取情報一部キャンセル情報連携	API	0506	sheet-14	【新規】店頭買取情報一部キャンセル情報連携	機能No欄が一致	1.00	確定
A06-15	店頭買取情報同一所属店舗メンバー取得	API	0506	sheet-2	目次	目次に機能名が記載（掲載の裏付け・0506:目次!C18）	0.00	候補
A06-15	店頭買取情報同一所属店舗メンバー取得	API	0506	sheet-4	店頭買取情報取得	シート名が類似	0.62	候補
A06-15	店頭買取情報同一所属店舗メンバー取得	API	0506	sheet-6	店頭買取情報コメント更新	シート名が類似	0.53	候補
A06-16	店頭買取情報ダブルチェック者更新	API	0506	sheet-15	【新規】ダブルチェック者更新	機能No欄が一致	1.00	確定
A06-17	買取用商品情報取得	API	0506	sheet-10	カード名から買取用商品情報を取得	シート名が類似	0.72	候補
A06-17	買取用商品情報取得	API	0506	sheet-4	店頭買取情報取得	シート名が類似	0.71	候補
A06-17	買取用商品情報取得	API	0506	sheet-8	カード詳細IDから買取用商品情報を取得	シート名が類似	0.64	候補
A06-18	買取用商品情報一括取得	API	0506	sheet-10	カード名から買取用商品情報を取得	シート名が類似	0.67	候補
A06-18	買取用商品情報一括取得	API	0506	sheet-4	店頭買取情報取得	シート名が類似	0.63	候補
A06-18	買取用商品情報一括取得	API	0506	sheet-8	カード詳細IDから買取用商品情報を取得	シート名が類似	0.60	候補
A07-01	まとめて買取商品IDの取得	API	0507	sheet-3	まとめて買取商品IDの取得	機能No欄が一致	1.00	確定
A07-02	ネット買取受注一覧取得	API	0507	sheet-4	ネット買取受注一覧取得	機能No欄が一致	1.00	確定
A07-03	ネット買取受注コメント更新	API	0507	sheet-5	ネット買取受注コメント更新	機能No欄が一致	1.00	確定
A07-04	ネット買取受注ステータス更新	API	0507	sheet-6	ネット買取受注ステータス更新	機能No欄が一致	1.00	確定
A07-05	ネット買取注文の査定終了処理	API	0507	sheet-7	ネット買取注文の査定終了処理	機能No欄が一致	1.00	確定
A07-06	複数ネット買取IDからネット買取受注の商品一覧を取得	API	0507	sheet-8	複数ネット買取IDからネット買取受注の商品一覧を取得	シート名と目次が機能名に一致（シートの機能No欄はA07-05と誤記。2026-10-06 人手で訂正）	1.00	確定
A07-07	複数ネット買取IDから個別入力商品の一覧を取得	API	0507	sheet-9	複数ネット買取IDから個別入力商品の一覧を取得	シート名と目次が機能名に一致（シートの機能No欄はA07-06と誤記。2026-10-06 人手で訂正）	1.00	確定
A08-01	トップバナーIDのトップバナー情報を取得	API	-	-	-	この機能グループのシートがどのブックにも無い	0.00	Excel設計書なし
A08-02	指定言語の設定済みトップバナー一覧を取得	API	-	-	-	この機能グループのシートがどのブックにも無い	0.00	Excel設計書なし
A14-01	カードIDからカード情報を取得	API	0514	sheet-3	カードIDからカード情報を取得	機能No欄が一致	1.00	確定
A14-02	カード詳細IDからカード詳細情報を取得	API	0514	sheet-4	カード詳細IDからカード詳細情報を取得	機能No欄が一致	1.00	確定
A14-03	検索クエリに一致するカード情報1件を取得	API	0514	sheet-5	検索クエリに一致するカード情報1件を取得	機能No欄が一致	1.00	確定
A15-01	ログイン	API	-	-	-	この機能グループのシートがどのブックにも無い	0.00	Excel設計書なし
A15-02	ログアウト	API	-	-	-	この機能グループのシートがどのブックにも無い	0.00	Excel設計書なし
A15-03	ユーザー情報参照	API	-	-	-	この機能グループのシートがどのブックにも無い	0.00	Excel設計書なし
A15-04	他ユーザー情報参照	API	-	-	-	この機能グループのシートがどのブックにも無い	0.00	Excel設計書なし
A15-05	ユーザー情報変更	API	-	-	-	この機能グループのシートがどのブックにも無い	0.00	Excel設計書なし
A15-06	マスタ検索	API	-	-	-	この機能グループのシートがどのブックにも無い	0.00	Excel設計書なし
A15-07	アーキタイプ検索	API	-	-	-	この機能グループのシートがどのブックにも無い	0.00	Excel設計書なし
A15-08	カード検索	API	-	-	-	この機能グループのシートがどのブックにも無い	0.00	Excel設計書なし
A15-09	デッキ情報登録	API	-	-	-	この機能グループのシートがどのブックにも無い	0.00	Excel設計書なし
A15-10	デッキ情報登更新	API	-	-	-	この機能グループのシートがどのブックにも無い	0.00	Excel設計書なし
A15-11	デッキ情報削除	API	-	-	-	この機能グループのシートがどのブックにも無い	0.00	Excel設計書なし
A15-12	デッキ情報参照	API	-	-	-	この機能グループのシートがどのブックにも無い	0.00	Excel設計書なし
A15-13	デッキ情報検索	API	-	-	-	この機能グループのシートがどのブックにも無い	0.00	Excel設計書なし
A15-14	メタゲーム情報参照	API	-	-	-	この機能グループのシートがどのブックにも無い	0.00	Excel設計書なし
A15-15	採用枚数情報参照	API	-	-	-	この機能グループのシートがどのブックにも無い	0.00	Excel設計書なし
A15-16	直近大会情報取得	API	-	-	-	この機能グループのシートがどのブックにも無い	0.00	Excel設計書なし
A15-17	デッキ登録インポート	API	-	-	-	この機能グループのシートがどのブックにも無い	0.00	Excel設計書なし
A15-18	デッキ更新インポート	API	-	-	-	この機能グループのシートがどのブックにも無い	0.00	Excel設計書なし
A17-01	検索クエリに一致する記事情報1件を取得	API	0517	sheet-3	検索クエリに一致する記事情報1件を取得	機能No欄が一致	1.00	確定
A17-02	記事IDに関連する記事情報を取得	API	0517	sheet-4	記事IDに関連する記事情報を取得	機能No欄が一致	1.00	確定
A17-03	PointGranterAPI連携	API	0517	sheet-5	PointGranterAPI連携	機能No欄が一致	1.00	確定
A17-04	[任意門]商品IDに紐づく商品詳細の情報を取得	API	0517	sheet-6	商品IDに紐づく商品詳細の情報を取得	機能No欄が一致	1.00	確定
A17-05	[任意門]商品名から商品詳細の情報を取得	API	0517	sheet-7	商品名から商品詳細の情報を取得	機能No欄が一致	1.00	確定
A16-01	トップバナーIDのトップバナー情報を取得	API	0516	sheet-3	トップバナー情報取得	機能No欄が一致	1.00	確定
A16-02	指定言語の設定済みトップバナー一覧を取得	API	0516	sheet-4	言語コードに紐づいたトップバナーの情報一覧を取得	機能No欄が一致	1.00	確定
O01-01	店頭買取	その他	0601	sheet-3	MTGバイヤー店頭買取査定	目次に「O01-01 MTGバイヤー 店頭買取査定」と記載（シートの機能No欄はM06-01と誤記。2026-10-06 人手で訂正）	1.00	確定
O01-02	ネット買取	その他	-	-	-	この機能グループのシートがどのブックにも無い	0.00	Excel設計書なし
O01-03	入庫モード	その他	-	-	-	この機能グループのシートがどのブックにも無い	0.00	Excel設計書なし
