status	book	sheetId	sheetName	featureNo	primaryDoc	ph2InDoc	line
known	0202	sheet-10	在庫切れ、在庫警戒リストCSV出力	M04-06	functions/ec-cube-enterprise/m04-06_admin_stock_stock_shortage_csv_export.md	yes	在庫切れ、在庫警戒リストCSV出力はPh2で対応するため、Ph1では実装しない
known	0202	sheet-11	在庫切れリストCSV出力	M04-06	functions/ec-cube-enterprise/m04-06_admin_stock_stock_shortage_csv_export.md	yes	在庫切れリストCSV出力はPh2で対応するため、Ph1では実装しない
known	0202	sheet-12	在庫警戒リストCSV出力	M04-07	functions/ec-cube-enterprise/m04-07_admin_stock_stock_warning_csv_export.md	yes	在庫警戒リストCSV出力はPh2で対応するため、Ph1では実装しない
known	0203	sheet-15	受注情報編集	M05-11	functions/pf-eccube3/m05-11_admin_order_order_edit.md		・Ph2へ見送り
known	0203	sheet-15	受注情報編集	M05-11	functions/pf-eccube3/m05-11_admin_order_order_edit.md		・Ph2へ見送り期限通知情報を参照
known	0203	sheet-15	受注情報編集	M05-11	functions/pf-eccube3/m05-11_admin_order_order_edit.md		Ph2にて対応
known	0203	sheet-16	【新規】受注情報履歴	M05-11	functions/pf-eccube3/m05-11_admin_order_order_edit.md		Ph2にて対応
known	0204	sheet-46	低価格帯カード価格変更CSV出力	M03-44	functions/ec-cube-enterprise/m03-44_admin_product_product_simple_low_price_csv_import.md	yes	Ph2で対応
known	0204	sheet-47	低価格帯カード価格変更CSVフォーマット	M03-44	functions/ec-cube-enterprise/m03-44_admin_product_product_simple_low_price_csv_import.md	yes	Ph2で対応
known	0205	sheet-4	買取一覧(検索結果)	M06-01	functions/pf-eccube3/m06-01_admin_store_purchase_purchase_store_search_list.md	yes	買取商品（キャンセル）CSVはPh2の要件となるためPh1では実装しない
known	0205	sheet-7	【新規】買取商品一覧（キャンセル）CSV出力項目	M06-13	functions/ec-cube-enterprise/m06-13_admin_store_purchase_purchase_store_product_cancel_csv_export.md	yes	買取商品一覧（キャンセル）CSVはPh2で対応するため、Ph1では実装しない
known	0205	sheet-10	買取詳細	M06-03	functions/pf-eccube3/m06-03_admin_store_purchase_purchase_store_otc_buy_info_edit.md	yes	一部キャンセルはPh2の要件となるためPh1では実装しない
known	0207	sheet-3	会員検索一覧(検索入力)	M08-01	functions/pf-eccube3/m08-01_admin_customer_customer_search_list.md	yes	※顧客分析タグ登録はPh2で対応するため、Ph1では実装しない
known	0207	sheet-4	会員検索一覧(検索結果)	M08-01	functions/pf-eccube3/m08-01_admin_customer_customer_search_list.md	yes	・下記機能はPh2で対応するためPh1ではスコープ外とする
known	0207	sheet-9	会員登録編集	M08-04	functions/pf-eccube3/m08-04_admin_customer_customer_edit.md	yes	・フロントで会員がオプトイン・オプトアウトできるようにする要件はPh2とする
known	0207	sheet-9	会員登録編集	M08-04	functions/pf-eccube3/m08-04_admin_customer_customer_edit.md	yes	※下記項目はPh2で対応するため、Ph1では実装しない
known	0207	sheet-19	【新規】顧客分析タグ	M08-11	functions/ec-cube-enterprise/m08-11_admin_customer_customer_analysis_tag_master.md	yes	・会員顧客分析タグCSVアップロードはPh2で対応のためPh1ではスコープ外とする
known	0207	sheet-3	会員検索一覧(検索入力)	M08-01	functions/pf-eccube3/m08-01_admin_customer_customer_search_list.md	yes	※カスタマイズ対応、項目を追加する・検索はor条件とすること・顧客分析タグへ登録予定である下記を表示RFMセグメンテーション（アクティブ上位、中位、下位、コレクター、休眠予備軍、新規）※顧客分析タグ登録はPh2で対応するため、Ph1では実装しない
known	0207	sheet-3	会員検索一覧(検索入力)	M08-01	functions/pf-eccube3/m08-01_admin_customer_customer_search_list.md	yes	顧客分析タグ登録はPh2で対応するため、Ph1では実装しない
known	0207	sheet-4	会員検索一覧(検索結果)	M08-01	functions/pf-eccube3/m08-01_admin_customer_customer_search_list.md	yes	※カスタマイズ対応、項目を追加する選択肢：顧客分析マスターに登録されているデータを表示※顧客分析タグ登録はPh2で対応するため、Ph1では実装しない
known	0207	sheet-4	会員検索一覧(検索結果)	M08-01	functions/pf-eccube3/m08-01_admin_customer_customer_search_list.md	yes	※カスタマイズ対応、ボタンを追加するCSV出力にチェックを入れない状態でボタンをリンクを押下するとエラーとなる※顧客分析タグ登録はPh2で対応するため、Ph1では実装しない
known	0207	sheet-4	会員検索一覧(検索結果)	M08-01	functions/pf-eccube3/m08-01_admin_customer_customer_search_list.md	yes	※カスタマイズ対応、項目を追加する選択肢:CSVダウンロード、会員顧客分析タグダウンロード、出力項目設定CSV出力にチェックを入れない状態でボタンをリンクを押下するとエラーとなる※顧客分析タグ登録はPh2で対応するため、Ph1では実装しない
known	0207	sheet-4	会員検索一覧(検索結果)	M08-01	functions/pf-eccube3/m08-01_admin_customer_customer_search_list.md	yes	顧客分析タグ登録はPh2で対応するため、Ph1では実装しない
known	0207	sheet-8	顧客情報CSV出力項目設定				顧客分析タグ登録はPh2で対応するため、Ph1では実装しない
known	0207	sheet-9	会員登録編集	M08-04	functions/pf-eccube3/m08-04_admin_customer_customer_edit.md	yes	※カスタマイズ対応、項目を追加する顧客分析タグは複数登録できるようにする※顧客分析タグ登録はPh2で対応するため、Ph1では実装しない
known	0207	sheet-19	【新規】顧客分析タグ	M08-11	functions/ec-cube-enterprise/m08-11_admin_customer_customer_analysis_tag_master.md	yes	顧客分析タグマスターはPh2で対応するため、Ph1では実装しない
known	0207	sheet-22	会員登録仮登録完了メール再送	M08-14	functions/pf-eccube3/m08-14_admin_customer_customer_resend_provisional_mail.md	yes	顧客分析タグ登録はPh2で対応するため、Ph1では実装しない
known	0207	sheet-23	【新規】顧客分析タグ登録CSV入力項目設定				会員顧客分析タグCSVはPh2で対応するため、Ph1では実装しない
known	0207	sheet-24	【新規】会員顧客分析タグ情報CSV出力項目設定				会員顧客分析タグCSVはPh2で対応するため、Ph1では実装しない
known	0302	sheet-3	PC版ナビゲーション	F02-01	functions/pf-eccube3/f02-01_front_global_nav_global_nav_pc.md	yes	※通知はフェーズ2以降で設計予定とする
known	0302	sheet-4	スマホ版ナビゲーション	F02-02	functions/pf-eccube3/f02-02_front_global_nav_global_nav_sp.md	yes	※通知はフェーズ2以降で設計予定とする
known	0302	sheet-5	支店PC版ナビゲーション	F02-03	functions/pf-eccube3/f02-03_front_global_nav_branch_global_nav_pc.md	yes	※通知はフェーズ2以降で設計予定とする
known	0302	sheet-6	支店スマホ版ナビゲーション	F02-04	functions/pf-eccube3/f02-04_front_global_nav_branch_global_nav_sp.md	yes	※通知はフェーズ2以降で設計予定とする
known	0302	sheet-7	通知	F02-05	functions/pf-eccube3/f02-05_front_global_nav_global_nav_notification.md	yes	pinアンカー画像割当対応状態項目定義候補pin重複 (1)0302:通知!C8image 1（枠外クランプ）matched0302:通知!B112 (2)0302:通知!C8image 3matched0302:通知!B113×2 (3)0302:通知!C8image 3matched0302:通知!B114 フェーズ2以降で設計予定とする0302:通知!C6image 1（枠外クランプ）matched0302:通知!B113×2
known	0302	sheet-8	別添資料_通知一覧				pinアンカー画像割当対応状態項目定義候補pin重複 フェーズ2以降で設計予定とする0302:別添資料_通知一覧!C5未割当matched0302:別添資料_通知一覧!B6
known	0302	sheet-3	PC版ナビゲーション	F02-01	functions/pf-eccube3/f02-01_front_global_nav_global_nav_pc.md	yes	※カスタマイズ対応、会員に通知がある場合、インジケーターを表示する・会員未ログインの場合、以下1~2の仕様とする 1 「ログイン」と表示する 2 押下するとログイン画面に遷移する・会員ログイン済みの場合、以下1~2の仕様とする 1 「マイページ」と表示する 2 押下すると、マイページ画面に遷移する・会員ログイン済みかつ通知がある場合、インジケーターを表示する※通知はフェーズ2以降で設計予定とする※機能については、シート「通知」を参照
known	0302	sheet-4	スマホ版ナビゲーション	F02-02	functions/pf-eccube3/f02-02_front_global_nav_global_nav_sp.md	yes	※カスタマイズ対応、会員に通知がある場合、インジケーターを表示する・会員未ログインの場合、以下1~2の仕様とする 1 「ログイン」と表示する 2 押下するとログイン画面に遷移する・会員ログイン済みの場合、以下1~2の仕様とする 1 「マイページ」と表示する 2 押下すると、マイページ画面に遷移する・会員ログイン済みかつ通知がある場合、インジケーターを表示する※通知はフェーズ2以降で設計予定とする※機能については、シート「通知」を参照
known	0302	sheet-5	支店PC版ナビゲーション	F02-03	functions/pf-eccube3/f02-03_front_global_nav_branch_global_nav_pc.md	yes	※カスタマイズ対応、会員に通知がある場合、インジケーターを表示する・会員未ログインの場合、以下1~2の仕様とする 1 「ログイン」と表示する 2 押下するとログイン画面に遷移する・会員ログイン済みの場合、以下1~2の仕様とする 1 「マイページ」と表示する 2 押下すると、マイページ画面に遷移する・会員ログイン済みかつ通知がある場合、インジケーターを表示する※通知はフェーズ2以降で設計予定とする※機能については、シート「通知」を参照
known	0302	sheet-6	支店スマホ版ナビゲーション	F02-04	functions/pf-eccube3/f02-04_front_global_nav_branch_global_nav_sp.md	yes	※カスタマイズ対応、会員に通知がある場合、インジケーターを表示する・会員未ログインの場合、以下1~2の仕様とする 1 「ログイン」と表示する 2 押下するとログイン画面に遷移する・会員ログイン済みの場合、以下1~2の仕様とする 1 「マイページ」と表示する 2 押下すると、マイページ画面に遷移する・会員ログイン済みかつ通知がある場合、インジケーターを表示する※通知はフェーズ2以降で設計予定とする※機能については、シート「通知」を参照
known	0302	sheet-7	通知	F02-05	functions/pf-eccube3/f02-05_front_global_nav_global_nav_notification.md	yes	フェーズ2以降で設計予定とする
known	0302	sheet-8	別添資料_通知一覧				フェーズ2以降で設計予定とする
known	0306	sheet-7	マイページ	F06-05	functions/pf-eccube3/f06-05_front_member_mypage_index.md	yes	※通知はフェーズ2以降で設計予定とする
known	0306	sheet-7	マイページ	F06-05	functions/pf-eccube3/f06-05_front_member_mypage_index.md	yes	※カスタマイズ対応、ユーザーへの通知がある場合、通知の内容を表示する・機能については別紙「0302_基本設計仕様書(フロント_グローバルナビ)」のシート「通知」を参照Ph2の対応とする
known	0306	sheet-7	マイページ	F06-05	functions/pf-eccube3/f06-05_front_member_mypage_index.md	yes	通知機能はPh2で対応
known	0402	sheet-3	在庫切れバッチ	B01-02	functions/ec-cube-enterprise/b01-02_batch_data_stock_shortage.md	yes	在庫切れバッチはPh2で対応するため、Ph1では実装しない
known	0402	sheet-4	在庫警戒バッチ	B01-03	functions/ec-cube-enterprise/b01-03_batch_data_stock_warning.md	yes	在庫警戒バッチはPh2で対応するため、Ph1では実装しない
known	0506	sheet-14	【新規】店頭買取情報一部キャンセル情報連携	A06-14	functions/ec-cube-enterprise/a06-14_api_store_purchase_otc_buy_order_partial_cancel_sync.md	yes	このAPIはPh2で対応するため、Ph1では実装しない
known	0601	sheet-3	MTGバイヤー店頭買取査定	M06-01	functions/pf-eccube3/m06-01_admin_store_purchase_purchase_store_search_list.md	yes	PH2で対応
