status	book	sheetId	sheetName	featureNo	primaryDoc	targetInPrimary	identifierId	targets	rippleDocs	ph2	line
candidate	0202	sheet-4	在庫検索一覧(検索入力)	M04-01	functions/ec-cube-enterprise/m04-01_admin_stock_stock_search_list.md						・検索条件を削除
candidate	0202	sheet-4	在庫検索一覧(検索入力)	M04-01	functions/ec-cube-enterprise/m04-01_admin_stock_stock_search_list.md						・ボタン押下時に選択されている検索条件を削除する
candidate	0202	sheet-15	在庫移動・振替登録 編集(振替)	M04-09	functions/ec-cube-enterprise/m04-09_admin_stock_stock_move_transfer_register_edit.md						・商品登録されていない物品や什器などは在庫移動機能の対象外とする
candidate	0202	sheet-15	在庫移動・振替登録 編集(振替)	M04-09	functions/ec-cube-enterprise/m04-09_admin_stock_stock_move_transfer_register_edit.md						・確認のモーダルで削除するボタンを押下すると、画面から該当商品を削除する
candidate	0202	sheet-18	在庫分割結合登録編集（分割）	M04-13	functions/ec-cube-enterprise/m04-13_admin_stock_stock_split_join_register_edit.md						・画面操作による分割先商品の登録および削除は、それぞれの商品の登録ボタンまたは削除ボタンを押下時に画面に反映される（データベースへの登録、削除は行わない）
candidate	0202	sheet-19	在庫分割結合登録編集（結合)	M04-13	functions/ec-cube-enterprise/m04-13_admin_stock_stock_split_join_register_edit.md						・結合元在庫数は0を許容し、0の場合は結合元商品から削除すること
candidate	0202	sheet-36	バーコード貼替リストCSV出力	M04-30	functions/ec-cube-enterprise/m04-30_admin_stock_stock_barcode_replacement_list_csv_export.md						・商品および商品規格のステータスが廃止でない（非公開は検索結果に含む）
candidate	0202	sheet-48	在庫移動戻しリストCSV出力	M04-33	functions/ec-cube-enterprise/m04-33_admin_stock_stock_move_return_list_csv_export.md						・商品名内に[略称タグ]が含まれない場合は[～]（[]内にある文字を[]ごと）を削除
candidate	0202	sheet-49	在庫移動戻しリストPDF	M04-34	functions/ec-cube-enterprise/m04-34_admin_stock_stock_move_return_list_pdf_export.md						・商品名内に[略称タグ]が含まれない場合は[～]（[]内にある文字を[]ごと）を削除
candidate	0203	sheet-18	出荷指示リスト検索	M08-02	functions/pf-eccube3/m08-02_admin_customer_customer_mail_all.md						・ポップアップメニューの「削除」をクリックすると、確認のJSダイアログを表示し、OKなら当該出荷指示データを削除して、
candidate	0203	sheet-24	出荷実績インポート登録	M05-26	functions/pf-eccube3/m05-26_admin_order_order_shipping_result_csv_import.md						★TSVの文言を削除する
candidate	0204	sheet-3	商品マスター(検索入力)	M03-01	functions/pf-eccube3/m03-01_admin_product_product_search_list.md						・在庫関連機能は在庫管理に移動するため、在庫変更CSV出力ボタン、在庫一括編集ボタンは削除する
candidate	0204	sheet-4	商品マスター(検索結果)	M03-01	functions/pf-eccube3/m03-01_admin_product_product_search_list.md						・在庫関連機能は在庫管理に移動するため、在庫変更CSV出力ボタン、在庫一括編集ボタンは削除する
candidate	0204	sheet-5	商品登録編集	M03-02	functions/pf-eccube3/m03-02_admin_product_product_edit.md						・公開ステータスが廃止とした場合、その後公開ステータス編集を行えないようにする
candidate	0204	sheet-5	商品登録編集	M03-02	functions/pf-eccube3/m03-02_admin_product_product_edit.md		26				★識別ID:26「複製」ボタンを削除する。
candidate	0204	sheet-5	商品登録編集	M03-02	functions/pf-eccube3/m03-02_admin_product_product_edit.md						★商品公開ステータスが廃止で更新された場合、以降の商品情報を変更できなくする。参照は可能。
candidate	0204	sheet-9	カード商品CSV出力	M03-03	functions/pf-eccube3/m03-03_admin_product_product_card_csv_export.md			カード名(英)／カードセット名／Foilフラグ／プロモーション名(日)	functions/ec-cube-enterprise/b01-02_batch_data_stock_shortage.md functions/ec-cube-enterprise/b01-03_batch_data_stock_warning.md functions/ec-cube-enterprise/m04-06_admin_stock_stock_shortage_csv_export.md functions/ec-cube-enterprise/m04-07_admin_stock_stock_warning_csv_export.md functions/ec-cube-enterprise/m04-26_admin_stock_stock_move_instruction_picking_list_print.md functions/ec-cube-enterprise/m04-33_admin_stock_stock_move_return_list_csv_export.md functions/ec-cube-enterprise/m04-34_admin_stock_stock_move_return_list_pdf_export.md functions/ec-cube-enterprise/m06-11_admin_store_purchase_purchase_store_return_list_pdf_export.md functions/ec-cube-enterprise/m07-09_admin_online_purchase_purchase_online_return_list_pdf_export.md functions/pf-api/a14-02_api_card_card_detail_get.md functions/pf-api/a17-04_api_other_product_detail.md functions/pf-eccube3/m14-04_admin_card_card_register_update_delete.md functions/pf-eccube3/m14-05_admin_card_card_csv_import.md functions/pf-eccube3/m14-08_admin_card_cardset_register_update_delete.md functions/pf-eccube3/o01-02_other_mtg_buyer_mtg_buyer_online_purchase.md		・「カード名(英)」「カードセット名」「Foilフラグ」「プロモーション名(日)」の4項目を削除
candidate	0204	sheet-9	カード商品CSV出力	M03-03	functions/pf-eccube3/m03-03_admin_product_product_card_csv_export.md	yes	29	カード詳細(ID)／商品詳細(ID)	functions/pf-eccube3/m03-26_admin_product_product_card_csv_import.md		★識別ID:29 「カード詳細(ID)」の必須項目に伴い、「商品詳細(ID)」の未入力時に検索で使用されていた下記項目を削除
candidate	0204	sheet-10	カード商品CSVフォーマット	M03-26	functions/pf-eccube3/m03-26_admin_product_product_card_csv_import.md			カード名(英)／カードセット名／Foilフラグ／プロモーション名(日)	functions/ec-cube-enterprise/b01-02_batch_data_stock_shortage.md functions/ec-cube-enterprise/b01-03_batch_data_stock_warning.md functions/ec-cube-enterprise/m04-06_admin_stock_stock_shortage_csv_export.md functions/ec-cube-enterprise/m04-07_admin_stock_stock_warning_csv_export.md functions/ec-cube-enterprise/m04-26_admin_stock_stock_move_instruction_picking_list_print.md functions/ec-cube-enterprise/m04-33_admin_stock_stock_move_return_list_csv_export.md functions/ec-cube-enterprise/m04-34_admin_stock_stock_move_return_list_pdf_export.md functions/ec-cube-enterprise/m06-11_admin_store_purchase_purchase_store_return_list_pdf_export.md functions/ec-cube-enterprise/m07-09_admin_online_purchase_purchase_online_return_list_pdf_export.md functions/pf-api/a14-02_api_card_card_detail_get.md functions/pf-api/a17-04_api_other_product_detail.md functions/pf-eccube3/m14-04_admin_card_card_register_update_delete.md functions/pf-eccube3/m14-05_admin_card_card_csv_import.md functions/pf-eccube3/m14-08_admin_card_cardset_register_update_delete.md functions/pf-eccube3/o01-02_other_mtg_buyer_mtg_buyer_online_purchase.md		・「カード名(英)」「カードセット名」「Foilフラグ」「プロモーション名(日)」の4項目を削除
candidate	0204	sheet-10	カード商品CSVフォーマット	M03-26	functions/pf-eccube3/m03-26_admin_product_product_card_csv_import.md						★カード詳細(ID)の必須項目により、4項目を削除
candidate	0204	sheet-10	カード商品CSVフォーマット	M03-26	functions/pf-eccube3/m03-26_admin_product_product_card_csv_import.md	yes	29	カード詳細(ID)／商品詳細(ID)	functions/pf-eccube3/m03-03_admin_product_product_card_csv_export.md		・識別ID:29 「カード詳細(ID)」の必須項目に伴い、「商品詳細(ID)」の未入力時に検索で使用されていた下記項目を削除
candidate	0204	sheet-14	商品タグ更新CSV登録	M03-28	functions/pf-eccube3/m03-28_admin_product_product_product_tag_csv_import.md						・商品IDでタグを削除＆登録する。
candidate	0204	sheet-16	売上分析タグ登録編集	M03-17	functions/pf-eccube3/m03-17_admin_product_product_sales_analysis_management.md						・該当の売上分析タグに紐づく商品がある場合は削除できずにエラーとなる
candidate	0204	sheet-17	売上分析タグ更新CSV登録	M03-29	functions/pf-eccube3/m03-29_admin_product_product_tag_sales_analysis_csv_import.md						・商品IDで売上分析タグを削除＆登録する。
candidate	0204	sheet-21	商品規格一覧	M03-08	functions/pf-eccube3/m03-08_admin_product_product_product_class_list.md						・廃止規格がある場合、有効（公開・非公開）な規格の一覧とは別の場所に表示される
candidate	0204	sheet-21	商品規格一覧	M03-08	functions/pf-eccube3/m03-08_admin_product_product_product_class_list.md						・廃止規格はデフォルトでは折りたたまれた状態で表示される
candidate	0204	sheet-22	商品規格登録編集	M03-09	functions/pf-eccube3/m03-09_admin_product_product_class_edit.md						・フロント表示制御としては”公開”の場合は表示、”非公開（廃止）”の場合は非表示とする
candidate	0204	sheet-22	商品規格登録編集	M03-09	functions/pf-eccube3/m03-09_admin_product_product_class_edit.md						・公開ステータスを廃止とした場合、その後公開ステータス編集を行えないようにする
candidate	0204	sheet-22	商品規格登録編集	M03-09	functions/pf-eccube3/m03-09_admin_product_product_class_edit.md						・廃止の場合は商品規格一覧に表示されなくなり、別枠の表示領域にまとめられる
candidate	0204	sheet-22	商品規格登録編集	M03-09	functions/pf-eccube3/m03-09_admin_product_product_class_edit.md						・公開ステータスを廃止とする場合は、EC-CUBE・スマレジどちらの在庫も確認し1件以上の場合はエラーとする。
candidate	0204	sheet-25	カテゴリ登録	M03-11	functions/pf-eccube3/m03-11_admin_product_product_category_register_edit.md						・サイドメニュー表示フラグを廃止とする
candidate	0204	sheet-25	カテゴリ登録	M03-11	functions/pf-eccube3/m03-11_admin_product_product_category_register_edit.md						・サイドメニュー表示用子カテゴリを廃止とする
candidate	0204	sheet-25	カテゴリ登録	M03-11	functions/pf-eccube3/m03-11_admin_product_product_category_register_edit.md						・リニューアル後では登録済みのカテゴリ構成を出力するため廃止とする
candidate	0204	sheet-25	カテゴリ登録	M03-11	functions/pf-eccube3/m03-11_admin_product_product_category_register_edit.md		12	商品コード	functions/ec-cube-enterprise/b01-02_batch_data_stock_shortage.md functions/ec-cube-enterprise/b01-03_batch_data_stock_warning.md functions/ec-cube-enterprise/m03-43_admin_product_product_simple_low_price_csv_export.md functions/ec-cube-enterprise/m04-01_admin_stock_stock_search_list.md functions/ec-cube-enterprise/m04-04_admin_stock_stock_csv_export.md functions/ec-cube-enterprise/m04-06_admin_stock_stock_shortage_csv_export.md functions/ec-cube-enterprise/m04-07_admin_stock_stock_warning_csv_export.md functions/ec-cube-enterprise/m04-08_admin_stock_stock_move_transfer_search_list.md functions/ec-cube-enterprise/m04-09_admin_stock_stock_move_transfer_register_edit.md functions/ec-cube-enterprise/m04-12_admin_stock_stock_split_join_search_list.md functions/ec-cube-enterprise/m04-13_admin_stock_stock_split_join_register_edit.md functions/ec-cube-enterprise/m04-20_admin_stock_stock_shortage_history_csv_export.md functions/ec-cube-enterprise/m04-22_admin_stock_stock_move_transfer_csv_import.md functions/ec-cube-enterprise/m04-23_admin_stock_stock_split_join_csv_import.md functions/ec-cube-enterprise/m04-30_admin_stock_stock_barcode_replacement_list_csv_export.md functions/ec-cube-enterprise/m04-32_admin_stock_stock_approval_list.md functions/ec-cube-enterprise/m06-12_admin_store_purchase_purchase_store_product_list_csv_export.md functions/ec-cube-enterprise/m06-13_admin_store_purchase_purchase_store_product_cancel_csv_export.md functions/ec-cube-enterprise/m07-07_admin_online_purchase_purchase_online_product_cancel_csv_export.md functions/pf-api/a02-05_api_product_updated_product_class.md functions/pf-api/a06-06_api_buying_products_by_detail.md functions/pf-api/a06-07_api_buying_products_by_ids.md functions/pf-api/a06-08_api_store_purchase_buying_products_search.md functions/pf-api/a06-09_api_product_search_by_name.md functions/pf-api/a06-10_api_buying_products_by_ids.md functions/pf-api/a06-17_api_buying_products_by_detail.md functions/pf-api/a06-18_api_buying_products_by_ids.md functions/pf-api/a17-04_api_other_product_detail.md functions/pf-api/a17-05_api_product_search_by_name.md functions/pf-api/api_buying_products_by_detail.md functions/pf-api/api_buying_products_by_ids.md functions/pf-api/api_product_search_by_name.md functions/pf-eccube3/a05-04_api_order_order_smaregi_receive.md functions/pf-eccube3/admin_otc_buy_order_list_csv_export.md functions/pf-eccube3/admin_product_sale_high_price_csv_export.md functions/pf-eccube3/b05-01_batch_order_order_copy_order_number.md functions/pf-eccube3/b06-02_batch_purchase_purchase_summary.md functions/pf-eccube3/f03-02_front_product_product_detail.md functions/pf-eccube3/f05-01_front_online_purchase_buy_top.md functions/pf-eccube3/f05-02_front_online_purchase_buy_product_search.md functions/pf-eccube3/f05-03_front_online_purchase_buy_product_list.md functions/pf-eccube3/f05-04_front_online_purchase_buy_product_detail.md functions/pf-eccube3/m03-01_admin_product_product_search_list.md functions/pf-eccube3/m03-02_admin_product_product_edit.md functions/pf-eccube3/m03-04_admin_product_product_goods_csv_export.md functions/pf-eccube3/m03-05_admin_product_product_sale_price_csv_export.md functions/pf-eccube3/m03-08_admin_product_product_product_class_list.md functions/pf-eccube3/m03-09_admin_product_product_class_edit.md functions/pf-eccube3/m03-10_admin_product_product_bulk_buy_standard_price_edit.md functions/pf-eccube3/m03-13_admin_product_product_tag.md functions/pf-eccube3/m03-20_admin_product_product_department_csv_import.md functions/pf-eccube3/m03-21_admin_product_product_shelf_number_register_edit.md functions/pf-eccube3/m03-23_admin_product_product_buy_sale_price_history.md functions/pf-eccube3/m03-24_admin_product_product_buy_sale_price_history_csv_export.md functions/pf-eccube3/m03-25_admin_product_product_duplicate_product_code_check.md functions/pf-eccube3/m03-26_admin_product_product_card_csv_import.md functions/pf-eccube3/m03-27_admin_product_product_goods_csv_import.md functions/pf-eccube3/m03-30_admin_product_product_product_price_csv_import.md functions/pf-eccube3/m03-31_admin_product_product_sale_price_csv_import.md functions/pf-eccube3/m03-32_admin_product_product_simple_high_price_csv_import.md functions/pf-eccube3/m03-33_admin_product_product_sale_high_price_csv_import.md functions/pf-eccube3/m03-35_admin_product_product_section_csv_import.md functions/pf-eccube3/m03-40_admin_product_product_shelf_number_csv_import.md functions/pf-eccube3/m04-16_admin_stock_product_stock_recommend_csv_export.md functions/pf-eccube3/m04-17_admin_stock_stock_history_search_list.md functions/pf-eccube3/m04-18_admin_stock_stock_history_csv_export.md functions/pf-eccube3/m04-19_admin_stock_stock_shortage_history_search_list.md functions/pf-eccube3/m04-21_admin_stock_stock_csv_import.md functions/pf-eccube3/m05-01_admin_order_order_search_list.md functions/pf-eccube3/m06-05_admin_store_purchase_purchase_store_history.md functions/pf-eccube3/m06-06_admin_store_purchase_purchase_store_history_csv_export_all.md functions/pf-eccube3/m06-07_admin_store_purchase_purchase_store_history_select_csv_export.md functions/pf-eccube3/m07-06_admin_online_purchase_purchase_online_product_list_csv_export.md functions/pf-eccube3/m12-01_admin_analytics_sales_daily_monthly_summary.md functions/pf-eccube3/m12-03_admin_analytics_sales_order_analysis_summary.md functions/pf-eccube3/m12-04_admin_analytics_sales_order_analysis_csv_export.md functions/pf-eccube3/m12-05_admin_analytics_sales_arrival_notification_search_list.md functions/pf-eccube3/m12-06_admin_analytics_sales_arrival_notification_csv_export.md functions/pf-eccube3/smaregi_api_and_functions_extract.md		・ユニサーチ側の仕様で実現するため、識別ID:12 「商品コード」を削除
candidate	0204	sheet-28	略称タグ登録	M03-14	functions/pf-eccube3/m03-14_admin_product_product_abbreviation_tag_register_edit.md						・該当の略称タグに紐づく商品がある場合は削除できずにエラーとなる
candidate	0204	sheet-46	低価格帯カード価格変更CSV出力	M03-44	functions/ec-cube-enterprise/m03-44_admin_product_product_simple_low_price_csv_import.md						※ 登録する際には、CSVから現行基準価格(7)と現行買取価格(8)は削除した上で基準価格変更CSVアップロードを利用し、登録を行う
candidate	0204	sheet-47	低価格帯カード価格変更CSVフォーマット	M03-44	functions/ec-cube-enterprise/m03-44_admin_product_product_simple_low_price_csv_import.md						※ 登録する際には、CSVから現行基準価格(7)と現行買取価格(8)は削除した上で基準価格変更CSVアップロードを利用し、登録を行う
candidate	0204	sheet-65	別添資料__スマレジ連携対象商品								"※廃止ステータスになる場合は各機能（商品編集やCSV登録）で在庫のありなしのチェックを行うため、スマレジに在庫があるのにスマレジの商品が削除されることはない
            3. スマレジ商品IDについて
            スマレジに登録した商品についてはECCUBE側の商品規格にスマレジ商品IDを保持する
            4. 手動でスマレジ連携フラグをON/OFFした際の自動判定との関係
            更新時の自動判定（価格の変更がある場合かつ主にCSV登録自動判定を行う）"
candidate	0205	sheet-4	買取一覧(検索結果)	M06-01	functions/pf-eccube3/m06-01_admin_store_purchase_purchase_store_search_list.md						・インポートCSVは廃止とする
candidate	0205	sheet-9	【新規】戻しリストPDF出力	M06-11	functions/ec-cube-enterprise/m06-11_admin_store_purchase_purchase_store_return_list_pdf_export.md						・商品名内に[略称タグ]が含まれない場合は[～]（[]内にある文字を[]ごと）を削除
candidate	0205	sheet-10	買取詳細	M06-03	functions/pf-eccube3/m06-03_admin_store_purchase_purchase_store_otc_buy_info_edit.md			ダブルチェック済み	functions/pf-eccube3/admin_otc_buy_order_list_csv_export.md functions/pf-eccube3/b06-02_batch_purchase_purchase_summary.md		・ステータス「ダブルチェック済み」がなくなるため、ダブルチェック＆保存ボタンを削除する
candidate	0205	sheet-10	買取詳細	M06-03	functions/pf-eccube3/m06-03_admin_store_purchase_purchase_store_otc_buy_info_edit.md			ダブルチェック済み	functions/pf-eccube3/admin_otc_buy_order_list_csv_export.md functions/pf-eccube3/b06-02_batch_purchase_purchase_summary.md		・ステータス「ダブルチェック済み」がなくなるため、表示を削除する
candidate	0205	sheet-10	買取詳細	M06-03	functions/pf-eccube3/m06-03_admin_store_purchase_purchase_store_otc_buy_info_edit.md						★現行入っている明細の追加処理（dtb_otc_buy_order_detailへの登録処理）は不要なため、踏襲しない
candidate	0205	sheet-11	ステータス変更	M06-04	functions/pf-eccube3/m06-04_admin_store_purchase_purchase_store_status_change.md						・現状の買取集計対象ステータスであるダブルチェック済、データ出力済は廃止になるため対象から外す
candidate	0205	sheet-12	買取商品履歴(検索入力)	M06-05	functions/pf-eccube3/m06-05_admin_store_purchase_purchase_store_history.md						・ダブルチェック済、データ出力済ステータスはなくなるため、ステータス検索の項目から削除する
candidate	0205	sheet-13	買取商品履歴(検索結果)	M06-05	functions/pf-eccube3/m06-05_admin_store_purchase_purchase_store_history.md						・現行の変更前在庫を利用し変更後在庫-変更前在庫を増減数として表示する、変更前在庫は削除する
candidate	0205	sheet-18	別添資料_店頭買取管理ステータス								"※●はMTGバイヤーで変更するステータス
            廃止ステータス一覧
            払い出し待ち
            ダブルチェック済み
            データ出力済み
            ステータスの流れ
            前提: MTGバイヤーでのステータス変更時は必ずECCUBE側にステータス連携を行う　凡例"
candidate	0206	sheet-3	買取一覧(検索入力)	M07-01	functions/pf-eccube3/m07-01_admin_online_purchase_purchase_online_search_list.md						★使用頻度小の検索項目を削除する
candidate	0206	sheet-3	買取一覧(検索入力)	M07-01	functions/pf-eccube3/m07-01_admin_online_purchase_purchase_online_search_list.md						・本人確認日、振込失敗日、査定中断日、査定再開日は削除
candidate	0206	sheet-10	【新規】戻しリストPDF出力	M07-08	functions/ec-cube-enterprise/m07-08_admin_online_purchase_purchase_online_return_list_csv_export.md						・商品名内に[略称タグ]が含まれない場合は[～]（[]内にある文字を[]ごと）を削除
candidate	0206	sheet-11	買取情報編集	M07-03	functions/pf-eccube3/m07-03_admin_online_purchase_purchase_online_buy_order_edit.md						・売却しない、になっている明細について実在庫情報を削除する　2026/4/30木村：買取承諾時に売却する商品のみ実在庫をつくるようになったため、削除処理をなくす
candidate	0206	sheet-17	別添資料_ネット買取管理ステータス								"※●はMTGBuyerで変更するステータス
            ※★は新しいステータス
            廃止ステータス
            なし
            ステータスの流れ
            前提: MTGBuyerでのステータス変更時は必ずEC-CUBE側にステータス連携を行う　凡例"
candidate	0207	sheet-3	会員検索一覧(検索入力)	M08-01	functions/pf-eccube3/m08-01_admin_customer_customer_search_list.md						・「OK」押下時に該当の検索パターンを削除する
candidate	0207	sheet-4	会員検索一覧(検索結果)	M08-01	functions/pf-eccube3/m08-01_admin_customer_customer_search_list.md						・CSV出力にチェックを入れた会員に対して選択しているお顧客分析タグを削除する
candidate	0207	sheet-9	会員登録編集	M08-04	functions/pf-eccube3/m08-04_admin_customer_customer_edit.md						・新規登録機能は廃止
candidate	0207	sheet-9	会員登録編集	M08-04	functions/pf-eccube3/m08-04_admin_customer_customer_edit.md						★GMO決済を使用しないので、識別ID:GMOメンバーID項目は削除する
candidate	0207	sheet-9	会員登録編集	M08-04	functions/pf-eccube3/m08-04_admin_customer_customer_edit.md						・モーダルを表示後に削除ボタンを押下すると対照のお届け先を削除する
candidate	0207	sheet-20	顧客グループ管理	M08-12	functions/pf-eccube3/m08-12_admin_customer_customer_group.md						・「OK」押下時に該当の顧客グループを削除する
candidate	0208	sheet-6	カード詳細(登録・編集・削除)	M14-04	functions/pf-eccube3/m14-04_admin_card_card_register_update_delete.md			(1-19)~(1-21)の赤枠(リーガリティ)			・(1-20)リーガリティ削除ボタンを押下すると、「(1-19)~(1-21)の赤枠(リーガリティ)」を削除する
candidate	0208	sheet-6	カード詳細(登録・編集・削除)	M14-04	functions/pf-eccube3/m14-04_admin_card_card_register_update_delete.md						・(2-17)この詳細情報を削除を押下すると、(1-21)~(1-24)を削除する
candidate	0208	sheet-6	カード詳細(登録・編集・削除)	M14-04	functions/pf-eccube3/m14-04_admin_card_card_register_update_delete.md						・画像アップロード機能は廃止する(画像はS3にアップロードし、カードと紐づける。画像削除はカードCSV登録で実施する)
candidate	0208	sheet-6	カード詳細(登録・編集・削除)	M14-04	functions/pf-eccube3/m14-04_admin_card_card_register_update_delete.md						※3~5は画像アップロード機能を廃止するため
candidate	0208	sheet-6	カード詳細(登録・編集・削除)	M14-04	functions/pf-eccube3/m14-04_admin_card_card_register_update_delete.md						・カードを削除すると、カード一覧画面へ遷移し以下の文言を表示する
candidate	0208	sheet-6	カード詳細(登録・編集・削除)	M14-04	functions/pf-eccube3/m14-04_admin_card_card_register_update_delete.md						・商品と紐づいているカードを削除しようとした場合は、以下のエラーを表示し、削除しない
candidate	0208	sheet-7	カード登録CSVアップロード	M14-05	functions/pf-eccube3/m14-05_admin_card_card_csv_import.md						・TSVアップロードを廃止
candidate	0208	sheet-7	カード登録CSVアップロード	M14-05	functions/pf-eccube3/m14-05_admin_card_card_csv_import.md						★TSVアップロードの廃止について
candidate	0208	sheet-12	カードセット詳細（登録・編集・削除)	M14-08	functions/pf-eccube3/m14-08_admin_card_cardset_register_update_delete.md						・カードセット情報のうち、未使用の以下の項目は削除とする。
candidate	0208	sheet-12	カードセット詳細（登録・編集・削除)	M14-08	functions/pf-eccube3/m14-08_admin_card_cardset_register_update_delete.md						※1~9は、フロントのカテゴリの描画制御を行わなくなるため
candidate	0208	sheet-12	カードセット詳細（登録・編集・削除)	M14-08	functions/pf-eccube3/m14-08_admin_card_cardset_register_update_delete.md						・(26)削除の機能によりカードを削除すると、カードセット一覧画面へ遷移し以下の文言を表示する
candidate	0208	sheet-14	フォーマット詳細(登録・編集・削除)	M14-10	functions/pf-eccube3/m14-10_admin_card_card_format_register_edit_delete.md						※現行ではフロント＞詳細検索画面を廃止し、モーダル表示となるためカスタマイズとする
candidate	0208	sheet-14	フォーマット詳細(登録・編集・削除)	M14-10	functions/pf-eccube3/m14-10_admin_card_card_format_register_edit_delete.md						・(30)削除の機能によりカードを削除すると、カードセット一覧画面へ遷移し、以下の文言を表示する
candidate	0209	sheet-13	店舗登録	M10-15	functions/pf-eccube3/m10-15_admin_base_setting_setting_shop_register.md						・はれ２、はれ３の管理についてはこの機能では対象外とする
candidate	0209	sheet-13	店舗登録	M10-15	functions/pf-eccube3/m10-15_admin_base_setting_setting_shop_register.md		1-26	テスト用店舗			・識別ID: 1-26「テスト用店舗」を削除（店舗閉店管理を閉店にすることで表示や集計の対象外とするため不要となる）
candidate	0209	sheet-14	追加システム設定	M10-16	functions/pf-eccube3/m10-16_admin_base_setting_setting_shop_additional_system.md						・下記の項目は不要なため削除
candidate	0209	sheet-14	追加システム設定	M10-16	functions/pf-eccube3/m10-16_admin_base_setting_setting_shop_additional_system.md						・支店システム連携エラー通知先メールアドレス（支店連携が廃止となるため）
candidate	0210	sheet-3	ページ管理(一覧)	M09-04	functions/pf-eccube3/m09-04_admin_content_content_page.md						・開発者が追加したページは削除できない
candidate	0210	sheet-3	ページ管理(一覧)	M09-04	functions/pf-eccube3/m09-04_admin_content_content_page.md						・管理画面ログインユーザーが追加したページは削除できる
candidate	0210	sheet-3	ページ管理(一覧)	M09-04	functions/pf-eccube3/m09-04_admin_content_content_page.md						・(8)削除を押下すると、以下1~3のフローでページを削除する
candidate	0210	sheet-5	ブロック管理(一覧)	M09-07	functions/pf-eccube3/m09-07_admin_content_content_block.md						・(6)削除を押下すると、以下1~3のフローでページを削除する
candidate	0210	sheet-7	支店トップページ管理	M09-10	functions/pf-eccube3/m09-10_admin_content_content_branch_top_page.md						※現行の以下の挙動は、リニューアル後の支店ナビゲーションで削除となるため
candidate	0211	sheet-3	日別・月別集計 集計一覧(検索項目-日別) 	M12-01	functions/pf-eccube3/m12-01_admin_analytics_sales_daily_monthly_summary.md						・今回のカスタマイズに伴い、下記項目は削除する
candidate	0211	sheet-4	日別・月別集計 集計一覧(検索項目-月別)	M12-01	functions/pf-eccube3/m12-01_admin_analytics_sales_daily_monthly_summary.md						・今回のカスタマイズに伴い、下記項目は削除する
candidate	0211	sheet-8	受注売上分析 集計一覧(検索項目)	M12-03	functions/pf-eccube3/m12-03_admin_analytics_sales_order_analysis_summary.md						・集計単位の選択肢を商品・カテゴリのみとし、支払方法、購入グループ、都道府県、性別、利用端末、年代(会員)は削除する
candidate	0211	sheet-8	受注売上分析 集計一覧(検索項目)	M12-03	functions/pf-eccube3/m12-03_admin_analytics_sales_order_analysis_summary.md						・下記の項目を削除
candidate	0211	sheet-8	受注売上分析 集計一覧(検索項目)	M12-03	functions/pf-eccube3/m12-03_admin_analytics_sales_order_analysis_summary.md		8				・識別ID:8 集計単位の選択肢を商品・カテゴリのみとし、支払方法、購入グループ、都道府県、性別、利用端末、年代(会員)は削除する
candidate	0211	sheet-9	受注売上分析 集計一覧(検索結果-集計単位 商品)	M12-03	functions/pf-eccube3/m12-03_admin_analytics_sales_order_analysis_summary.md						・下記の項目を削除
candidate	0211	sheet-10	受注売上分析 集計一覧(検索結果-集計単位 カテゴリ )	M12-03	functions/pf-eccube3/m12-03_admin_analytics_sales_order_analysis_summary.md						・下記の項目を削除
candidate	0211	sheet-11	受注売上分析 CSV出力(商品)	M12-04	functions/pf-eccube3/m12-04_admin_analytics_sales_order_analysis_csv_export.md						・下記の項目を削除
candidate	0211	sheet-12	受注売上分析 CSV出力(カテゴリ)	M12-04	functions/pf-eccube3/m12-04_admin_analytics_sales_order_analysis_csv_export.md						・下記の項目を削除
candidate	0211	sheet-19	特集タグ編集CSVダウンロード(検索項目)	M12-09	functions/pf-eccube3/m12-09_admin_analysis_used_card.md						・採用枚数略式CSVダウンロードは利用頻度が少ないため、今回のカスタマイズで廃止する
candidate	0214	sheet-5	イベント編集	M13-02	functions/pf-eccube3/m13-02_admin_event_event_edit_delete.md						・コンビニ決済を削除する
candidate	0214	sheet-5	イベント編集	M13-02	functions/pf-eccube3/m13-02_admin_event_event_edit_delete.md	yes	1-13	支払方法	functions/ec-cube-enterprise/f06-19_front_member_mypage_credit_card.md functions/ec-cube-enterprise/m02-01_admin_home_home_order_status.md functions/pf-api/a05-01_api_order_print_direct.md functions/pf-api/a05-02_api_order_print_direct.md functions/pf-api/api_order_print_direct.md functions/pf-eccube3/f04-02_front_cart_shopping_order_method.md functions/pf-eccube3/f06-06_front_member_mypage_order_history.md functions/pf-eccube3/f06-07_front_member_mypage_order_history_detail.md functions/pf-eccube3/f07-04_front_event_event_entry_complete.md functions/pf-eccube3/m03-22_admin_product_product_sell_group.md functions/pf-eccube3/m05-01_admin_order_order_search_list.md functions/pf-eccube3/m05-11_admin_order_order_edit.md functions/pf-eccube3/m10-02_admin_base_setting_setting_shop_tradelaw.md functions/pf-eccube3/m10-04_admin_base_setting_setting_shop_payment.md functions/pf-eccube3/m10-06_admin_base_setting_setting_shop_delivery.md functions/pf-eccube3/m10-09_admin_base_setting_setting_shop_mail.md functions/pf-eccube3/m12-03_admin_analytics_sales_order_analysis_summary.md functions/pf-eccube3/m13-05_admin_event_event_duplicate_register.md functions/pf-eccube3/m13-06_admin_event_event_entry_management_search.md functions/pf-eccube3/m13-09_admin_event_event_csv_export.md functions/pf-eccube3/m13-10_admin_event_event_entry_edit.md functions/pf-eccube3/m13-12_admin_event_event_entry_register.md functions/pf-eccube3/m13-13_admin_event_event_entry_csv_import.md		・識別ID:1-13 「支払方法」からコンビニ決済を削除する
candidate	0214	sheet-5	イベント編集	M13-02	functions/pf-eccube3/m13-02_admin_event_event_edit_delete.md		2-3				・識別ID:2-3、2-4 「備考」を削除する
known	0214	sheet-5	イベント編集	M13-02	functions/pf-eccube3/m13-02_admin_event_event_edit_delete.md	yes	1-12	チーム人数／チーム戦	functions/pf-eccube3/f07-03_front_event_event_detail.md functions/pf-eccube3/f07-04_front_event_event_entry_complete.md functions/pf-eccube3/m13-05_admin_event_event_duplicate_register.md functions/pf-eccube3/m13-10_admin_event_event_entry_edit.md functions/pf-eccube3/m13-12_admin_event_event_entry_register.md functions/pf-eccube3/m13-13_admin_event_event_entry_csv_import.md		・識別ID:1-12 現行の「チーム人数」を削除し、「チーム戦」チェックボックスを追加する
candidate	0214	sheet-6	イベント削除	M13-02	functions/pf-eccube3/m13-02_admin_event_event_edit_delete.md						・イベント情報を削除して、イベント一覧（検索結果）画面に遷移する。
candidate	0214	sheet-9	複製新規	M13-05	functions/pf-eccube3/m13-05_admin_event_event_duplicate_register.md						・コンビニ決済を削除する
candidate	0214	sheet-9	複製新規	M13-05	functions/pf-eccube3/m13-05_admin_event_event_duplicate_register.md	yes	1-13	支払方法	functions/ec-cube-enterprise/f06-19_front_member_mypage_credit_card.md functions/ec-cube-enterprise/m02-01_admin_home_home_order_status.md functions/pf-api/a05-01_api_order_print_direct.md functions/pf-api/a05-02_api_order_print_direct.md functions/pf-api/api_order_print_direct.md functions/pf-eccube3/f04-02_front_cart_shopping_order_method.md functions/pf-eccube3/f06-06_front_member_mypage_order_history.md functions/pf-eccube3/f06-07_front_member_mypage_order_history_detail.md functions/pf-eccube3/f07-04_front_event_event_entry_complete.md functions/pf-eccube3/m03-22_admin_product_product_sell_group.md functions/pf-eccube3/m05-01_admin_order_order_search_list.md functions/pf-eccube3/m05-11_admin_order_order_edit.md functions/pf-eccube3/m10-02_admin_base_setting_setting_shop_tradelaw.md functions/pf-eccube3/m10-04_admin_base_setting_setting_shop_payment.md functions/pf-eccube3/m10-06_admin_base_setting_setting_shop_delivery.md functions/pf-eccube3/m10-09_admin_base_setting_setting_shop_mail.md functions/pf-eccube3/m12-03_admin_analytics_sales_order_analysis_summary.md functions/pf-eccube3/m13-02_admin_event_event_edit_delete.md functions/pf-eccube3/m13-06_admin_event_event_entry_management_search.md functions/pf-eccube3/m13-09_admin_event_event_csv_export.md functions/pf-eccube3/m13-10_admin_event_event_entry_edit.md functions/pf-eccube3/m13-12_admin_event_event_entry_register.md functions/pf-eccube3/m13-13_admin_event_event_entry_csv_import.md		・識別ID:1-13 「支払方法」からコンビニ決済を削除する
known	0214	sheet-9	複製新規	M13-05	functions/pf-eccube3/m13-05_admin_event_event_duplicate_register.md	yes	1-12	チーム人数／チーム戦	functions/pf-eccube3/f07-03_front_event_event_detail.md functions/pf-eccube3/f07-04_front_event_event_entry_complete.md functions/pf-eccube3/m13-02_admin_event_event_edit_delete.md functions/pf-eccube3/m13-10_admin_event_event_entry_edit.md functions/pf-eccube3/m13-12_admin_event_event_entry_register.md functions/pf-eccube3/m13-13_admin_event_event_entry_csv_import.md		・識別ID:1-12 現行の「チーム人数」を削除し、「チーム戦」チェックボックスを追加する
candidate	0214	sheet-10	イベント申込一覧(検索入力) 	M13-06	functions/pf-eccube3/m13-06_admin_event_event_entry_management_search.md						・DCIナンバーの項目を廃止とする
candidate	0214	sheet-10	イベント申込一覧(検索入力) 	M13-06	functions/pf-eccube3/m13-06_admin_event_event_entry_management_search.md						・決済中処理バッチ実行のボタンは廃止とする
known	0214	sheet-10	イベント申込一覧(検索入力) 	M13-06	functions/pf-eccube3/m13-06_admin_event_event_entry_management_search.md	yes	3-1	DCIナンバー	functions/pf-eccube3/f06-16_front_member_mypage_event_deck_edit.md functions/pf-eccube3/f06-17_front_member_mypage_event_deck_complete.md functions/pf-eccube3/m08-01_admin_customer_customer_search_list.md functions/pf-eccube3/m08-04_admin_customer_customer_edit.md functions/pf-eccube3/m13-08_admin_event_event_deck_view.md functions/pf-eccube3/m13-10_admin_event_event_entry_edit.md functions/pf-eccube3/m13-12_admin_event_event_entry_register.md functions/pf-eccube3/m15-04_admin_deck_deck_bulk_update.md		・識別ID:3-1 「DCIナンバー」を削除
candidate	0214	sheet-10	イベント申込一覧(検索入力) 	M13-06	functions/pf-eccube3/m13-06_admin_event_event_entry_management_search.md		3-2	決済中処理バッチ実行			・識別ID:3-2 「決済中処理バッチ実行」を削除
candidate	0214	sheet-13	デッキ表示	M13-08	functions/pf-eccube3/m13-08_admin_event_event_deck_view.md						・DCIナンバーの項目を廃止とする
known	0214	sheet-13	デッキ表示	M13-08	functions/pf-eccube3/m13-08_admin_event_event_deck_view.md	yes	5	DCIナンバー	functions/pf-eccube3/f06-16_front_member_mypage_event_deck_edit.md functions/pf-eccube3/f06-17_front_member_mypage_event_deck_complete.md functions/pf-eccube3/m08-01_admin_customer_customer_search_list.md functions/pf-eccube3/m08-04_admin_customer_customer_edit.md functions/pf-eccube3/m13-06_admin_event_event_entry_management_search.md functions/pf-eccube3/m13-10_admin_event_event_entry_edit.md functions/pf-eccube3/m13-12_admin_event_event_entry_register.md functions/pf-eccube3/m15-04_admin_deck_deck_bulk_update.md		・識別ID:5「DCIナンバー」の項目を削除する
candidate	0214	sheet-13	デッキ表示	M13-08	functions/pf-eccube3/m13-08_admin_event_event_deck_view.md		9-11	Deck Check Rd／Status／Judge	functions/ec-cube-enterprise/m04-08_admin_stock_stock_move_transfer_search_list.md functions/ec-cube-enterprise/m04-09_admin_stock_stock_move_transfer_register_edit.md functions/ec-cube-enterprise/m04-10_admin_stock_stock_move_transfer_csv_export.md functions/ec-cube-enterprise/m04-12_admin_stock_stock_split_join_search_list.md functions/ec-cube-enterprise/m04-13_admin_stock_stock_split_join_register_edit.md functions/ec-cube-enterprise/m04-14_admin_stock_stock_split_join_csv_export.md functions/ec-cube-enterprise/m04-22_admin_stock_stock_move_transfer_csv_import.md functions/ec-cube-enterprise/m04-29_admin_stock_stock_move_result_csv_import.md functions/ec-cube-enterprise/m04-33_admin_stock_stock_move_return_list_csv_export.md functions/ec-cube-enterprise/m05-12_admin_order_order_bulk_status_change.md functions/ec-cube-enterprise/m05-14_admin_order_order_status_change.md functions/ec-cube-enterprise/m10-11_admin_base_setting_setting_shop_order_status.md functions/ec-cube-enterprise/m11-04_admin_system_setting_setting_system_login_history.md functions/ec-cube-enterprise/m11-05_admin_system_setting_setting_system_masterdata.md functions/pf-api/a06-02_api_store_purchase_otc_buy_order_list.md functions/pf-api/a06-03_api_store_purchase_otc_buy_order_update.md functions/pf-api/a07-02_api_online_purchase_buy_order_list.md functions/pf-api/a07-05_api_online_purchase_buy_order_end.md functions/pf-eccube3/admin_otc_buy_order_list_csv_export.md functions/pf-eccube3/m03-02_admin_product_product_edit.md functions/pf-eccube3/m03-23_admin_product_product_buy_sale_price_history.md functions/pf-eccube3/m03-38_admin_product_product_status_csv.md functions/pf-eccube3/m05-01_admin_order_order_search_list.md functions/pf-eccube3/m05-18_admin_order_order_shipping_standby_list_create.md functions/pf-eccube3/m06-01_admin_store_purchase_purchase_store_search_list.md functions/pf-eccube3/m07-01_admin_online_purchase_purchase_online_search_list.md functions/pf-eccube3/m08-01_admin_customer_customer_search_list.md functions/pf-eccube3/m08-04_admin_customer_customer_edit.md functions/pf-eccube3/m08-10_admin_customer_customer_online_identification.md functions/pf-eccube3/m13-06_admin_event_event_entry_management_search.md functions/pf-eccube3/m13-10_admin_event_event_entry_edit.md functions/pf-eccube3/m13-12_admin_event_event_entry_register.md functions/pf-eccube3/o01-01_other_mtg_buyer_mtg_buyer_store_purchase.md functions/pf-eccube3/o01-02_other_mtg_buyer_mtg_buyer_online_purchase.md functions/pf-eccube3/o01-03_other_mtg_buyer_mtg_buyer_stock_inbound.md		・識別ID:9 - 11 「Deck Check Rd」「Status」「Judge」の項目を削除する
candidate	0214	sheet-14	CSVダウンロード	M13-9							・席順の項目を削除する
candidate	0214	sheet-14	CSVダウンロード	M13-9							・DCIナンバーの項目を削除する
candidate	0214	sheet-14	CSVダウンロード	M13-9							・DCI確認フラグの項目を削除する
candidate	0214	sheet-15	イベント申込詳細・編集	M13-10	functions/pf-eccube3/m13-10_admin_event_event_entry_edit.md						・席順の編集は廃止とする
candidate	0214	sheet-15	イベント申込詳細・編集	M13-10	functions/pf-eccube3/m13-10_admin_event_event_entry_edit.md						・DCIナンバーの項目を廃止とする
candidate	0214	sheet-15	イベント申込詳細・編集	M13-10	functions/pf-eccube3/m13-10_admin_event_event_entry_edit.md						・チームメンバー確認済の項目を廃止とする
known	0214	sheet-15	イベント申込詳細・編集	M13-10	functions/pf-eccube3/m13-10_admin_event_event_entry_edit.md		4-1				・識別ID:4-1「席順」は削除する
known	0214	sheet-15	イベント申込詳細・編集	M13-10	functions/pf-eccube3/m13-10_admin_event_event_entry_edit.md	yes	4-2	DCIナンバー	functions/pf-eccube3/f06-16_front_member_mypage_event_deck_edit.md functions/pf-eccube3/f06-17_front_member_mypage_event_deck_complete.md functions/pf-eccube3/m08-01_admin_customer_customer_search_list.md functions/pf-eccube3/m08-04_admin_customer_customer_edit.md functions/pf-eccube3/m13-06_admin_event_event_entry_management_search.md functions/pf-eccube3/m13-08_admin_event_event_deck_view.md functions/pf-eccube3/m13-12_admin_event_event_entry_register.md functions/pf-eccube3/m15-04_admin_deck_deck_bulk_update.md		・識別ID:4-2「DCIナンバー」は削除する
known	0214	sheet-15	イベント申込詳細・編集	M13-10	functions/pf-eccube3/m13-10_admin_event_event_entry_edit.md	yes	4-3	チームメンバー確認済み	functions/pf-eccube3/f07-04_front_event_event_entry_complete.md functions/pf-eccube3/m13-12_admin_event_event_entry_register.md		・識別ID:4-3「チームメンバー確認済み」は削除する
candidate	0214	sheet-15	イベント申込詳細・編集	M13-10	functions/pf-eccube3/m13-10_admin_event_event_entry_edit.md						・DCIナンバーの項目を廃止する
candidate	0214	sheet-15	イベント申込詳細・編集	M13-10	functions/pf-eccube3/m13-10_admin_event_event_entry_edit.md	yes	8	DCIナンバー	functions/pf-eccube3/f06-16_front_member_mypage_event_deck_edit.md functions/pf-eccube3/f06-17_front_member_mypage_event_deck_complete.md functions/pf-eccube3/m08-01_admin_customer_customer_search_list.md functions/pf-eccube3/m08-04_admin_customer_customer_edit.md functions/pf-eccube3/m13-06_admin_event_event_entry_management_search.md functions/pf-eccube3/m13-08_admin_event_event_deck_view.md functions/pf-eccube3/m13-12_admin_event_event_entry_register.md functions/pf-eccube3/m15-04_admin_deck_deck_bulk_update.md		・識別ID:8「DCIナンバー」を削除する
candidate	0214	sheet-18	イベント新規申込登録	M13-12	functions/pf-eccube3/m13-12_admin_event_event_entry_register.md						・席順の編集は廃止とする
candidate	0214	sheet-18	イベント新規申込登録	M13-12	functions/pf-eccube3/m13-12_admin_event_event_entry_register.md						・DCIナンバーの項目を廃止とする
candidate	0214	sheet-18	イベント新規申込登録	M13-12	functions/pf-eccube3/m13-12_admin_event_event_entry_register.md						・チームメンバー確認済の項目を廃止とする
known	0214	sheet-18	イベント新規申込登録	M13-12	functions/pf-eccube3/m13-12_admin_event_event_entry_register.md		4-1				・識別ID:4-1「席順」は削除する
known	0214	sheet-18	イベント新規申込登録	M13-12	functions/pf-eccube3/m13-12_admin_event_event_entry_register.md	yes	4-2	DCIナンバー	functions/pf-eccube3/f06-16_front_member_mypage_event_deck_edit.md functions/pf-eccube3/f06-17_front_member_mypage_event_deck_complete.md functions/pf-eccube3/m08-01_admin_customer_customer_search_list.md functions/pf-eccube3/m08-04_admin_customer_customer_edit.md functions/pf-eccube3/m13-06_admin_event_event_entry_management_search.md functions/pf-eccube3/m13-08_admin_event_event_deck_view.md functions/pf-eccube3/m13-10_admin_event_event_entry_edit.md functions/pf-eccube3/m15-04_admin_deck_deck_bulk_update.md		・識別ID:4-2「DCIナンバー」は削除する
known	0214	sheet-18	イベント新規申込登録	M13-12	functions/pf-eccube3/m13-12_admin_event_event_entry_register.md	yes	4-3	チームメンバー確認済	functions/pf-eccube3/f07-04_front_event_event_entry_complete.md functions/pf-eccube3/m13-10_admin_event_event_entry_edit.md		・識別ID:4-3「チームメンバー確認済」は削除する
candidate	0214	sheet-18	イベント新規申込登録	M13-12	functions/pf-eccube3/m13-12_admin_event_event_entry_register.md						・DCIナンバーの項目を削除する
candidate	0214	sheet-18	イベント新規申込登録	M13-12	functions/pf-eccube3/m13-12_admin_event_event_entry_register.md	yes	8	DCIナンバー	functions/pf-eccube3/f06-16_front_member_mypage_event_deck_edit.md functions/pf-eccube3/f06-17_front_member_mypage_event_deck_complete.md functions/pf-eccube3/m08-01_admin_customer_customer_search_list.md functions/pf-eccube3/m08-04_admin_customer_customer_edit.md functions/pf-eccube3/m13-06_admin_event_event_entry_management_search.md functions/pf-eccube3/m13-08_admin_event_event_deck_view.md functions/pf-eccube3/m13-10_admin_event_event_entry_edit.md functions/pf-eccube3/m15-04_admin_deck_deck_bulk_update.md		・識別ID:8「DCIナンバー」を削除する
candidate	0301	sheet-3	ECTOP	F01-01	functions/pf-eccube3/f01-01_front_top_home_main.md						・現行本店ECサイトのスライドバナー横にある検索機能を削除
candidate	0301	sheet-3	ECTOP	F01-01	functions/pf-eccube3/f01-01_front_top_home_main.md						★以下の赤枠内のように表示されていた、現行本店ECサイトのスライドバナー横の検索機能を削除する
candidate	0301	sheet-4	支店ECTOP	F01-02	functions/pf-eccube3/f01-02_front_top_home_branch.md						・人気商品ランキングを削除する
candidate	0301	sheet-4	支店ECTOP	F01-02	functions/pf-eccube3/f01-02_front_top_home_branch.md						★以下の赤枠内に表示されていた、現行の商品人気ランキングは削除
known	0303	sheet-5	商品詳細検索	F03-03	functions/pf-eccube3/f03-03_front_product_product_detail_search.md						★現行で表示していた商品詳細検索画面は削除となる
known	0303	sheet-5	商品詳細検索	F03-03	functions/pf-eccube3/f03-03_front_product_product_detail_search.md						★カードセットは新しいカテゴリ構造と重複するため削除とする
candidate	0303	sheet-6	カテゴリ一覧	F03-04	functions/pf-eccube3/f03-04_front_product_product_category_list.md						★現行で表示していたカードとカテゴリを組み合わせて表示内容をあらかじめ生成していたカテゴリ一覧は削除する
candidate	0304	sheet-3	買い物かご	F04-01	functions/pf-eccube3/f04-01_front_cart_cart_index.md						・削除ボタンを押下時は画面をリロードし、商品を削除する
candidate	0304	sheet-3	買い物かご	F04-01	functions/pf-eccube3/f04-01_front_cart_cart_index.md						・削除する商品は閲覧店舗に紐づいている商品のみとする
candidate	0304	sheet-3	買い物かご	F04-01	functions/pf-eccube3/f04-01_front_cart_cart_index.md						・削除ボタン押下時は画面をリロードし、カート内商品をすべて削除する
candidate	0304	sheet-9	注文購入履歴詳細	F06-07	functions/pf-eccube3/f06-07_front_member_mypage_order_history_detail.md						★この注文品をもう一度購入するボタンを削除
candidate	0304	sheet-9	注文購入履歴詳細	F06-07	functions/pf-eccube3/f06-07_front_member_mypage_order_history_detail.md						★決済プラグイン変更により下記の項目を削除
candidate	0305	sheet-6	ネット買取商品詳細	F05-04	functions/pf-eccube3/f05-04_front_online_purchase_buy_product_detail.md			このカードはこんなデッキで使われています			・「このカードはこんなデッキで使われています」を削除する
candidate	0305	sheet-9	買取依頼完了	F05-06	functions/pf-eccube3/f05-06_front_online_purchase_buy_shopping_complete.md						・買取に紐づくセッションは削除する
candidate	0305	sheet-11	買取履歴詳細	F06-12	functions/pf-eccube3/f06-12_front_member_mypage_bulk_purchase_result.md						・PLD表記を廃止し、SP、MPをそれぞれ状態表示する
candidate	0305	sheet-12	まとめて買取査定結果	F06-12	functions/pf-eccube3/f06-12_front_member_mypage_bulk_purchase_result.md						・PLD表記を廃止し、SP、MPをそれぞれ状態表示する
candidate	0306	sheet-6	パスワード再発行	F06-04	functions/pf-eccube3/f06-04_front_member_forgot_password_reset.md						・リセットキーを削除する
candidate	0306	sheet-7	マイページ	F06-05	functions/pf-eccube3/f06-05_front_member_mypage_index.md						・チーム情報変更をメニューから削除する
candidate	0306	sheet-7	マイページ	F06-05	functions/pf-eccube3/f06-05_front_member_mypage_index.md						・大会デッキ登録のメニューは予約済み大会に統合されるため、メニューから削除する
candidate	0306	sheet-7	マイページ	F06-05	functions/pf-eccube3/f06-05_front_member_mypage_index.md						・各メニュー遷移後の画面上部のユーザ名表示を削除する（お気に入り登録商品一覧画面上部のユーザ名表示等）
candidate	0306	sheet-7	マイページ	F06-05	functions/pf-eccube3/f06-05_front_member_mypage_index.md			ロングバナー			・「ロングバナー」は必要時にブロック管理より追加し、不要時に削除する
candidate	0306	sheet-7	マイページ	F06-05	functions/pf-eccube3/f06-05_front_member_mypage_index.md						★以下の赤枠内のように表示していた、現行の各メニュー遷移後の画面上部のユーザ名表示を削除
candidate	0306	sheet-8	入荷待ち商品一覧	F06-08	functions/pf-eccube3/f06-08_front_member_mypage_arrival_notification.md						・商品言語単位で登録済みの入荷通知を削除できる
candidate	0306	sheet-8	入荷待ち商品一覧	F06-08	functions/pf-eccube3/f06-08_front_member_mypage_arrival_notification.md	yes		マイページ	functions/ec-cube-enterprise/f06-19_front_member_mypage_credit_card.md functions/ec-cube-enterprise/m10-11_admin_base_setting_setting_shop_order_status.md functions/pf-eccube3/f01-01_front_top_home_main.md functions/pf-eccube3/f02-01_front_global_nav_global_nav_pc.md functions/pf-eccube3/f02-03_front_global_nav_branch_global_nav_pc.md functions/pf-eccube3/f02-04_front_global_nav_branch_global_nav_sp.md functions/pf-eccube3/f02-05_front_global_nav_global_nav_notification.md functions/pf-eccube3/f03-05_front_product_block_recommend.md functions/pf-eccube3/f03-07_front_product_product_arrival_notification.md functions/pf-eccube3/f03-08_front_product_product_favorite.md functions/pf-eccube3/f04-01_front_cart_cart_index.md functions/pf-eccube3/f04-03_front_cart_shopping_delivery_edit.md functions/pf-eccube3/f05-06_front_online_purchase_buy_shopping_complete.md functions/pf-eccube3/f06-03_front_member_customer_login.md functions/pf-eccube3/f06-05_front_member_mypage_index.md functions/pf-eccube3/f06-06_front_member_mypage_order_history.md functions/pf-eccube3/f06-07_front_member_mypage_order_history_detail.md functions/pf-eccube3/f06-09_front_member_mypage_favorite_product.md functions/pf-eccube3/f06-10_front_member_mypage_point_history.md functions/pf-eccube3/f06-11_front_member_mypage_buy_history.md functions/pf-eccube3/f06-12_front_member_mypage_bulk_purchase_result.md functions/pf-eccube3/f06-12_front_member_mypage_buy_history_detail.md functions/pf-eccube3/f06-13_front_member_mypage_online_identification.md functions/pf-eccube3/f06-14_front_member_mypage_event_reserved_list.md functions/pf-eccube3/f06-16_front_member_mypage_event_deck_edit.md functions/pf-eccube3/f06-17_front_member_mypage_event_deck_complete.md functions/pf-eccube3/f06-18_front_member_mypage_customer_edit.md functions/pf-eccube3/f06-20_front_member_mypage_delivery_edit.md functions/pf-eccube3/f06-21_front_member_mypage_withdraw.md functions/pf-eccube3/f06-23_front_contact_history.md functions/pf-eccube3/f06-24_front_contact_history.md functions/pf-eccube3/f07-04_front_event_event_entry_complete.md functions/pf-eccube3/front_contact_history.md functions/pf-eccube3/m08-10_admin_customer_customer_online_identification.md functions/pf-eccube3/m10-01_admin_shop_setting_setting_shop.md functions/pf-eccube3/m10-15_admin_base_setting_setting_shop_register.md		★シート「マイページ」のカスタマイズ要件より、(2)名前の表示を削除
candidate	0306	sheet-9	お気に入り商品一覧	F06-09	functions/pf-eccube3/f06-09_front_member_mypage_favorite_product.md	yes		マイページ	functions/ec-cube-enterprise/f06-19_front_member_mypage_credit_card.md functions/ec-cube-enterprise/m10-11_admin_base_setting_setting_shop_order_status.md functions/pf-eccube3/f01-01_front_top_home_main.md functions/pf-eccube3/f02-01_front_global_nav_global_nav_pc.md functions/pf-eccube3/f02-03_front_global_nav_branch_global_nav_pc.md functions/pf-eccube3/f02-04_front_global_nav_branch_global_nav_sp.md functions/pf-eccube3/f02-05_front_global_nav_global_nav_notification.md functions/pf-eccube3/f03-05_front_product_block_recommend.md functions/pf-eccube3/f03-07_front_product_product_arrival_notification.md functions/pf-eccube3/f03-08_front_product_product_favorite.md functions/pf-eccube3/f04-01_front_cart_cart_index.md functions/pf-eccube3/f04-03_front_cart_shopping_delivery_edit.md functions/pf-eccube3/f05-06_front_online_purchase_buy_shopping_complete.md functions/pf-eccube3/f06-03_front_member_customer_login.md functions/pf-eccube3/f06-05_front_member_mypage_index.md functions/pf-eccube3/f06-06_front_member_mypage_order_history.md functions/pf-eccube3/f06-07_front_member_mypage_order_history_detail.md functions/pf-eccube3/f06-08_front_member_mypage_arrival_notification.md functions/pf-eccube3/f06-10_front_member_mypage_point_history.md functions/pf-eccube3/f06-11_front_member_mypage_buy_history.md functions/pf-eccube3/f06-12_front_member_mypage_bulk_purchase_result.md functions/pf-eccube3/f06-12_front_member_mypage_buy_history_detail.md functions/pf-eccube3/f06-13_front_member_mypage_online_identification.md functions/pf-eccube3/f06-14_front_member_mypage_event_reserved_list.md functions/pf-eccube3/f06-16_front_member_mypage_event_deck_edit.md functions/pf-eccube3/f06-17_front_member_mypage_event_deck_complete.md functions/pf-eccube3/f06-18_front_member_mypage_customer_edit.md functions/pf-eccube3/f06-20_front_member_mypage_delivery_edit.md functions/pf-eccube3/f06-21_front_member_mypage_withdraw.md functions/pf-eccube3/f06-23_front_contact_history.md functions/pf-eccube3/f06-24_front_contact_history.md functions/pf-eccube3/f07-04_front_event_event_entry_complete.md functions/pf-eccube3/front_contact_history.md functions/pf-eccube3/m08-10_admin_customer_customer_online_identification.md functions/pf-eccube3/m10-01_admin_shop_setting_setting_shop.md functions/pf-eccube3/m10-15_admin_base_setting_setting_shop_register.md		★シート「マイページ」のカスタマイズ要件より、(2)名前の表示を削除
candidate	0306	sheet-9	お気に入り商品一覧	F06-09	functions/pf-eccube3/f06-09_front_member_mypage_favorite_product.md						★(15)お気に入りから削除を押下すると、対象の品をお気に入り登録を解除し、動的に画面から削除する
candidate	0306	sheet-10	ポイント履歴	F06-10	functions/pf-eccube3/f06-10_front_member_mypage_point_history.md	yes		マイページ	functions/ec-cube-enterprise/f06-19_front_member_mypage_credit_card.md functions/ec-cube-enterprise/m10-11_admin_base_setting_setting_shop_order_status.md functions/pf-eccube3/f01-01_front_top_home_main.md functions/pf-eccube3/f02-01_front_global_nav_global_nav_pc.md functions/pf-eccube3/f02-03_front_global_nav_branch_global_nav_pc.md functions/pf-eccube3/f02-04_front_global_nav_branch_global_nav_sp.md functions/pf-eccube3/f02-05_front_global_nav_global_nav_notification.md functions/pf-eccube3/f03-05_front_product_block_recommend.md functions/pf-eccube3/f03-07_front_product_product_arrival_notification.md functions/pf-eccube3/f03-08_front_product_product_favorite.md functions/pf-eccube3/f04-01_front_cart_cart_index.md functions/pf-eccube3/f04-03_front_cart_shopping_delivery_edit.md functions/pf-eccube3/f05-06_front_online_purchase_buy_shopping_complete.md functions/pf-eccube3/f06-03_front_member_customer_login.md functions/pf-eccube3/f06-05_front_member_mypage_index.md functions/pf-eccube3/f06-06_front_member_mypage_order_history.md functions/pf-eccube3/f06-07_front_member_mypage_order_history_detail.md functions/pf-eccube3/f06-08_front_member_mypage_arrival_notification.md functions/pf-eccube3/f06-09_front_member_mypage_favorite_product.md functions/pf-eccube3/f06-11_front_member_mypage_buy_history.md functions/pf-eccube3/f06-12_front_member_mypage_bulk_purchase_result.md functions/pf-eccube3/f06-12_front_member_mypage_buy_history_detail.md functions/pf-eccube3/f06-13_front_member_mypage_online_identification.md functions/pf-eccube3/f06-14_front_member_mypage_event_reserved_list.md functions/pf-eccube3/f06-16_front_member_mypage_event_deck_edit.md functions/pf-eccube3/f06-17_front_member_mypage_event_deck_complete.md functions/pf-eccube3/f06-18_front_member_mypage_customer_edit.md functions/pf-eccube3/f06-20_front_member_mypage_delivery_edit.md functions/pf-eccube3/f06-21_front_member_mypage_withdraw.md functions/pf-eccube3/f06-23_front_contact_history.md functions/pf-eccube3/f06-24_front_contact_history.md functions/pf-eccube3/f07-04_front_event_event_entry_complete.md functions/pf-eccube3/front_contact_history.md functions/pf-eccube3/m08-10_admin_customer_customer_online_identification.md functions/pf-eccube3/m10-01_admin_shop_setting_setting_shop.md functions/pf-eccube3/m10-15_admin_base_setting_setting_shop_register.md		★シート「マイページ」のカスタマイズ要件より、(2)名前の表示を削除
candidate	0306	sheet-13	大会デッキ登録編集	F06-16	functions/pf-eccube3/f06-16_front_member_mypage_event_deck_edit.md						・DCIナンバーを削除
candidate	0306	sheet-13	大会デッキ登録編集	F06-16	functions/pf-eccube3/f06-16_front_member_mypage_event_deck_edit.md						・旧デッキIDの登録処理を削除
candidate	0306	sheet-13	大会デッキ登録編集	F06-16	functions/pf-eccube3/f06-16_front_member_mypage_event_deck_edit.md			MTGアリーナからデッキリストをインポートする方法			・「MTGアリーナからデッキリストをインポートする方法」を削除
candidate	0306	sheet-14	大会デッキ登録確認～完了	F06-17	functions/pf-eccube3/f06-17_front_member_mypage_event_deck_complete.md						・DCIナンバーを削除
candidate	0306	sheet-16	配送先新規登録・変更	F06-20	functions/pf-eccube3/f06-20_front_member_mypage_delivery_edit.md						・配送先登録情報に保存されている配送先氏名を使って削除する配送先の確認を行う
candidate	0306	sheet-16	配送先新規登録・変更	F06-20	functions/pf-eccube3/f06-20_front_member_mypage_delivery_edit.md						・「OK」を押下した場合、該当データを削除処理が行われ、配送先一覧が再読み込みが行われる
candidate	0306	sheet-17	退会	F06-21	functions/pf-eccube3/f06-21_front_member_mypage_withdraw.md						・画面上部のユーザ名表示を削除する
candidate	0306	sheet-17	退会	F06-21	functions/pf-eccube3/f06-21_front_member_mypage_withdraw.md						★画面上部のユーザ名表示を削除する
candidate	0306	sheet-17	退会	F06-21	functions/pf-eccube3/f06-21_front_member_mypage_withdraw.md						・スマレジ側の会員データを削除する
candidate	0306	sheet-19	お問い合わせ履歴	F06-23	functions/pf-eccube3/f06-23_front_contact_history.md						・画面上部のユーザ名表示を削除する
candidate	0306	sheet-19	お問い合わせ履歴	F06-23	functions/pf-eccube3/f06-23_front_contact_history.md						★画面上部のユーザ名表示を削除する
candidate	0306	sheet-20	お問い合わせ履歴詳細	F06-24	functions/pf-eccube3/f06-24_front_contact_history.md						・画面上部のユーザ名表示を削除する
candidate	0306	sheet-20	お問い合わせ履歴詳細	F06-24	functions/pf-eccube3/f06-24_front_contact_history.md						★画面上部のユーザ名表示を削除する
candidate	0306	sheet-22	店頭PC用アカウント制御	F06-26	functions/pf-eccube3/f06-26_front_member_store_pc_account_control.md						・支店店頭PC用アカウントの自動ログインは廃止する
candidate	0306	sheet-22	店頭PC用アカウント制御	F06-26	functions/pf-eccube3/f06-26_front_member_store_pc_account_control.md						★現行の支店に存在する以下の仕様は廃止する
candidate	0306	sheet-23	【新規】パスワード設定（ポリシー違反用）	F06-27							・パスワードの変更が完了したらログイン時に設定したポリシー違反を示すセッション情報を削除する
candidate	0308	sheet-4	店頭買取査定申込情報入力	F08-02	functions/pf-eccube3/f08-02_front_store_purchase_otc_buy_entry_input.md						・個人情報の取り扱いについてを削除する
candidate	0308	sheet-6	会員登録フォーム	F08-04							・個人情報の取り扱いについてを削除する
candidate	0402	sheet-6	週間在庫履歴更新バッチ	B02-07	functions/pf-eccube3/b02-07_batch_product_product_weekly_stock_history_update.md						・週間在庫履歴一時テーブルのデータを全件削除する（前回取得結果のクリア）
candidate	0402	sheet-6	週間在庫履歴更新バッチ	B02-07	functions/pf-eccube3/b02-07_batch_product_product_weekly_stock_history_update.md						・週間在庫履歴テーブルのデータを全件削除する（前回取得結果のクリア）
candidate	0404	sheet-3	期間別販売数集計	B02-01	functions/pf-eccube3/b02-01_batch_product_product_sales_period_summary.md						★閉店した店舗は集計の対象外とする
candidate	0404	sheet-4	入荷通知キャンセル	B02-02	functions/pf-eccube3/b02-02_batch_product_product_arrival_notification_cancel.md						★商品データもしくは商品規格データの商品公開ステータスが非公開・廃止の場合、入荷通知キャンセル処理を行う
candidate	0404	sheet-4	入荷通知キャンセル	B02-02	functions/pf-eccube3/b02-02_batch_product_product_arrival_notification_cancel.md			商品データ	functions/ec-cube-enterprise/m03-44_admin_product_product_simple_low_price_csv_import.md functions/pf-eccube3/b02-04_batch_product_product_no_section_check.md functions/pf-eccube3/f03-02_front_product_product_detail.md functions/pf-eccube3/f05-01_front_online_purchase_buy_top.md functions/pf-eccube3/f05-02_front_online_purchase_buy_product_search.md functions/pf-eccube3/f05-03_front_online_purchase_buy_product_list.md functions/pf-eccube3/f05-04_front_online_purchase_buy_product_detail.md functions/pf-eccube3/f05-05_front_online_purchase_buy_cart.md functions/pf-eccube3/m04-18_admin_stock_stock_history_csv_export.md		・「商品データ」の商品公開フラグが非公開もしくは廃止に設定
candidate	0404	sheet-4	入荷通知キャンセル	B02-02	functions/pf-eccube3/b02-02_batch_product_product_arrival_notification_cancel.md			商品規格データ			・「商品規格データ」の商品公開フラグが非公開もしくは廃止に設定
candidate	0404	sheet-5	期間別入庫数集計	B02-03	functions/pf-eccube3/b02-03_batch_product_product_storage_period_summary.md						・閉店した店舗は集計の対象外とする
candidate	0404	sheet-5	期間別入庫数集計	B02-03	functions/pf-eccube3/b02-03_batch_product_product_storage_period_summary.md						★閉店した店舗は集計の対象外とする
candidate	0404	sheet-7	お気に入り商品セール通知	B02-05	functions/pf-eccube3/b02-05_batch_product_product_favorite_sale_notification.md						★仮会員と退会済み会員は対象外とする
candidate	0404	sheet-9	ユニサーチフィード作成	B02-08							・前回作成したファイルを削除
candidate	0404	sheet-9	ユニサーチフィード作成	B02-08							・支店の追加、廃止ごとにユニサーチのフィードの増減があるのは作業漏れの可能性があるため、在庫のカラムにすべての店舗のEC在庫数を連携する
candidate	0405	sheet-3	注文番号登録	B05-01	functions/pf-eccube3/b05-01_batch_order_order_copy_order_number.md						・スマレジ連携APIについて、呼び出しを廃止予定のスマレジAPIからプラットフォームAPIに変更
candidate	0405	sheet-3	注文番号登録	B05-01	functions/pf-eccube3/b05-01_batch_order_order_copy_order_number.md						★スマレジ連携APIについて、呼び出しを廃止予定のスマレジAPIからプラットフォームAPIに変更
candidate	0405	sheet-4	購入完了手続き再処理	B05-02	functions/pf-eccube3/b05-02_batch_order_order_resend_mail.md						・スマレジ連携APIについて、呼び出しを廃止予定のスマレジAPIからプラットフォームAPIに変更
candidate	0405	sheet-4	購入完了手続き再処理	B05-02	functions/pf-eccube3/b05-02_batch_order_order_resend_mail.md						★スマレジ連携APIについて、呼び出しを廃止予定のスマレジAPIからプラットフォームAPIに変更
candidate	0405	sheet-5	店頭注文番号初期化	B05-03	functions/pf-eccube3/b05-03_batch_order_order_store_call_number_initialize.md						・本店＋支店の店頭受取番号を削除する
candidate	0405	sheet-7	スマレジ商品削除	B05-05	functions/pf-eccube3/b05-05_batch_order_order_delete_smaregi_product.md						・取得した注文データをスマレジ連携をし、注文データの商品をスマレジから論理削除する
candidate	0406	sheet-4	買取集計バッチ	B06-02	functions/pf-eccube3/b06-02_batch_purchase_purchase_summary.md						・集計対象日の集計データがすでにある場合は集計データを削除する
candidate	0408	sheet-5	ポイント有効期限通知	B08-03	functions/pf-eccube3/b08-03_batch_customer_customer_point_expire_notification.md						★仮会員と退会済み会員は対象外とする
candidate	0413	sheet-3	決済処理中チェックバッチ	B13-01	functions/pf-eccube3/b13-01_batch_event_event_check_processing_payment.md						・イベント申込を削除（論理削除）する
candidate	0416	sheet-10	EC-CUBE 同期ディレクトリ処理バッチ	B16-08							・S3内にあったファイルが削除された場合、同期ディレクトリ内にあるファイルも削除する(deleteオプション)
candidate	0416	sheet-12	ステージングデータベース保守バッチ	B16-10							・テンポラリデータベースからスマレジIDおよびスマレジトークンを削除する
candidate	0416	sheet-12	ステージングデータベース保守バッチ	B16-10							・現在のステージング用データベースを削除する
candidate	0416	sheet-12	ステージングデータベース保守バッチ	B16-10							・テンポラリデータベースおよびスナップショットファイル削除する
candidate	0506	sheet-5	店頭買取情報更新	A06-03	functions/pf-api/a06-03_api_store_purchase_otc_buy_order_update.md						・登録済みの以下の情報を削除する（ボタンを複数回押下しても最新の情報しか持たない）
candidate	0506	sheet-14	【新規】店頭買取情報一部キャンセル情報連携	A06-14	functions/ec-cube-enterprise/a06-14_api_store_purchase_otc_buy_order_partial_cancel_sync.md						★MTGバイヤーでチェックした項目を削除するボタンを押したときに、削除した商品を一部キャンセル情報としてECCUBE側に連携するAPI
candidate	0507	sheet-7	ネット買取注文の査定終了処理	A07-05	functions/pf-api/a07-05_api_online_purchase_buy_order_end.md						★登録済みの以下の情報を削除する　2026/4/30木村：ECCUBE_HARERUYA-743により、実在庫の操作をしない。
candidate	0507	sheet-7	ネット買取注文の査定終了処理	A07-05	functions/pf-api/a07-05_api_online_purchase_buy_order_end.md						・まとめて買取の商品ID（固定の商品ID、固定の金額）の明細を削除する
candidate	0507	sheet-7	ネット買取注文の査定終了処理	A07-05	functions/pf-api/a07-05_api_online_purchase_buy_order_end.md						・送信されてきた買取注文詳細、個別入力商品以外は削除する
candidate	0601	sheet-3	MTGバイヤー店頭買取査定	M06-01	functions/pf-eccube3/m06-01_admin_store_purchase_purchase_store_search_list.md						・チェックした項目を削除するボタンを押した際、APIを呼び出しキャンセル商品としてをECCUBE側に連携する
candidate	0601	sheet-3	MTGバイヤー店頭買取査定	M06-01	functions/pf-eccube3/m06-01_admin_store_purchase_purchase_store_search_list.md						★(4)チェックした項目を削除するボタンを押した際、APIを呼び出しキャンセル商品としてをECCUBE側に連携する
