パス	HTTPステータス	ページタイトル	画面見出し
/admin/	200	ホーム - トーナメントセンター 東京	
/admin/product	200	商品管理 商品一覧 - トーナメントセンター 東京	
/admin/product/category	200	カテゴリ一覧 商品管理 - トーナメントセンター 東京	
/admin/product/tag	200	商品管理 タグ管理 - トーナメントセンター 東京	
/admin/product/storage	200	略称タグ新規登録 商品管理 - トーナメントセンター 東京	
/admin/product/tag_sales_analysis	200	売上分析タグ 商品管理 - トーナメントセンター 東京	
/admin/product/section	200	商品管理 部門登録/編集 - トーナメントセンター 東京	
/admin/product/shelf_number	200	棚番号登録/編集 商品管理 - トーナメントセンター 東京	
/admin/product/sell_group	200	購入グループ登録 購入グループ管理 - トーナメントセンター 東京	
/admin/product/buy_sale_price_history	200	買取/販売価格履歴 商品管理 - トーナメントセンター 東京	
/admin/product/pre_doubling_check	200	重複商品コード確認 商品管理 - トーナメントセンター 東京	
/admin/product/unisearch/feed	200	商品管理 ユニサーチフィード作成 - トーナメントセンター 東京	
/admin/product/stock	200	在庫管理 在庫一覧 - トーナメントセンター 東京	
/admin/product/stock/approval_list	200	在庫管理 在庫編集承認一覧 - トーナメントセンター 東京	
/admin/product/stock/move_transfer	200	在庫管理 在庫移動振替一覧 - トーナメントセンター 東京	
/admin/product/stock/move-instruction	200	在庫管理 在庫移動指示 - トーナメントセンター 東京	
/admin/product/stock/history	200	在庫管理 在庫履歴一覧 - トーナメントセンター 東京	
/admin/product/stock/barcode_replacement_list	200	在庫管理 バーコード貼替リスト - トーナメントセンター 東京	
/admin/product/stock/change/new	200	在庫管理 在庫変更CSV登録 - トーナメントセンター 東京	
/admin/product/stock/split-join	200	在庫管理 在庫分割結合一覧 - トーナメントセンター 東京	
/admin/product/stock/inventory_plan/search	200	在庫管理 棚卸計画一覧 - トーナメントセンター 東京	
/admin/order	200	受注管理 受注一覧 - トーナメントセンター 東京	
/admin/standby/search	200	受注管理 出荷指示 - トーナメントセンター 東京	
/admin/order/waiting_tag	200	受注管理 店頭注文番号札管理 - トーナメントセンター 東京	
/admin/otcbuyorder	200	買取一覧 店頭買取管理 - トーナメントセンター 東京	
/admin/otcbuyorder/history	200	買取商品履歴 店頭買取管理 - トーナメントセンター 東京	
/admin/otcbuyorder/summary	200	買取集計データ 店頭買取管理 - トーナメントセンター 東京	
/admin/purchase/list	200	買取一覧 ネット買取管理 - トーナメントセンター 東京	
/admin/purchase/history	200	買取商品履歴 ネット買取管理 - トーナメントセンター 東京	
/admin/customer	200	会員管理 会員一覧 - トーナメントセンター 東京	
/admin/customer/customer_group	200	顧客グループ管理 顧客グループ編集 - トーナメントセンター 東京	
/admin/customer/blacklist	200	ブラックリスト管理 会員管理 - トーナメントセンター 東京	
/admin/content/news	200	コンテンツ管理 新着情報管理 - トーナメントセンター 東京	
/admin/content/file_manager	200	コンテンツ管理 ファイル管理 - トーナメントセンター 東京	
/admin/content/layout	200	コンテンツ管理 レイアウト管理 - トーナメントセンター 東京	
/admin/content/page	200	コンテンツ管理 ページ管理 - トーナメントセンター 東京	
/admin/content/css	200	コンテンツ管理 CSS管理 - トーナメントセンター 東京	
/admin/content/js	200	コンテンツ管理 JavaScript管理 - トーナメントセンター 東京	
/admin/content/block	200	コンテンツ管理 ブロック管理 - トーナメントセンター 東京	
/admin/content/branch_toppage	200	コンテンツ管理 支店トップページ管理 - トーナメントセンター 東京	
/admin/setting/shop	200	基本情報設定 基本設定 - トーナメントセンター 東京	
/admin/setting/shop/tradelaw	200	基本情報設定 特定商取引法設定 - トーナメントセンター 東京	
/admin/content/page/19/edit?return=agreement	200	基本情報設定 利用規約設定 - トーナメントセンター 東京	
/admin/setting/shop/payment	200	基本情報設定 支払方法設定 - トーナメントセンター 東京	
/admin/setting/shop/delivery	200	基本情報設定 配送方法設定 - トーナメントセンター 東京	
/admin/setting/shop/tax	200	基本情報設定 税率設定 - トーナメントセンター 東京	
/admin/mall/auto_mail	200	基本情報設定 自動送信メール - トーナメントセンター 東京	
/admin/mall/mail	200	基本情報設定 メールテンプレート - トーナメントセンター 東京	
/admin/mall/tenant	200	基本情報設定 店舗一覧 - トーナメントセンター 東京	
/admin/mall/tenant/create	200	基本情報設定 店舗登録 -	
/admin/setting/shop/additional_system	200	基本情報設定 追加システム設定 - トーナメントセンター 東京	
/admin/setting/shop/order_status	200	基本情報設定 受注対応状況設定 - トーナメントセンター 東京	
/admin/setting/shop/calendar	200	基本情報設定 定休日カレンダー設定 - トーナメントセンター 東京	
/admin/setting/system/member	200	システム設定 メンバー管理 - トーナメントセンター 東京	
/admin/setting/system/authority	200	システム設定 権限管理 - トーナメントセンター 東京	
/admin/setting/system/permission_access_url	200	システム設定 権限URL管理 - トーナメントセンター 東京	
/admin/setting/system/masterdata	200	システム設定 マスタデータ管理 - トーナメントセンター 東京	
/admin/setting/system/system	200	システム設定 システム情報 - トーナメントセンター 東京	
/admin/analysis/summary/daily	200	日次・月次集計 集計・分析 - トーナメントセンター 東京	
/admin/analysis/summary/monthly	200	日次・月次集計 集計・分析 - トーナメントセンター 東京	
/admin/analysis/sales	200	受注売上分析 集計一覧表示 集計・分析 - トーナメントセンター 東京	
/admin/analysis/product-request	200	入荷通知依頼一覧 分析・集計 - トーナメントセンター 東京	
/admin/analysis/format-sales	200	フォーマット売上分析 集計・分析 - トーナメントセンター 東京	
/admin/analysis/used-card	200	特集タグ編集CSVダウンロード 分析・集計 - トーナメントセンター 東京	
/admin/event	200	イベント管理 イベント一覧 - トーナメントセンター 東京	
/admin/event/entry	200	イベント管理 イベント申込一覧 - トーナメントセンター 東京	
/admin/entry_registration	200	イベント管理 イベント申込登録 - トーナメントセンター 東京	
/admin/event/banner	200	イベント管理 イベントバナー管理 - トーナメントセンター 東京	
/admin/card	200	カード管理 カード一覧 - トーナメントセンター 東京	
/admin/cardset	200	カードセット管理 カードセット一覧 - トーナメントセンター 東京	
/admin/format	200	フォーマット管理 フォーマット一覧 - トーナメントセンター 東京	
/admin/deck	200	デッキ管理 デッキ一覧 - トーナメントセンター 東京	
/admin/data/mtg_master_data?entity=deck_tag	200	データ管理 MTGマスターデータ管理 - トーナメントセンター 東京	
/admin/archetype	200	アーキタイプ管理 アーキタイプ一覧 - トーナメントセンター 東京	
/admin/deck/latest_event_deck	200	デッキ管理 直近の大会管理 - トーナメントセンター 東京	
/admin/data/top_banner	200	データ管理 トップバナー管理 - トーナメントセンター 東京	
/admin/data/holiday	200	データ管理 祝日管理 - トーナメントセンター 東京	
/admin/data/discount	200	データ管理 販売割引率一覧 - トーナメントセンター 東京	
/admin/data/buy_price_list	200	データ管理 買取価格対応表 - トーナメントセンター 東京	
/admin/data/buy_discount	200	データ管理 買取減額率一覧 - トーナメントセンター 東京	
/admin/setting/system/security	200	システム設定 セキュリティ管理 - トーナメントセンター 東京	
/admin/search_nonstock	200	商品管理 商品一覧 - トーナメントセンター 東京	
/admin/search_customer	200	会員管理 会員一覧 - トーナメントセンター 東京	
/admin/store/plugin/api/search/page	200	オーナーズストア 認証キー設定 - トーナメントセンター 東京	
/admin/product/category/177	200	カテゴリ一覧 商品管理 - トーナメントセンター 東京	
/admin/product/category/177/edit	200	カテゴリ一覧 商品管理 - トーナメントセンター 東京	
/admin/product/tag/1	200	商品管理 タグ管理 - トーナメントセンター 東京	
/admin/product/tag/page/2	200	商品管理 タグ管理 - トーナメントセンター 東京	
/admin/product/storage/2514	200	略称タグ編集 商品管理 - トーナメントセンター 東京	
/admin/product/storage/page/2	200	略称タグ新規登録 商品管理 - トーナメントセンター 東京	
/admin/product/tag_sales_analysis/1	200	売上分析タグ 商品管理 - トーナメントセンター 東京	
/admin/product/tag_sales_analysis/page/2	200	売上分析タグ 商品管理 - トーナメントセンター 東京	
/admin/product/section/1	200	商品管理 部門登録/編集 - トーナメントセンター 東京	
/admin/product/sell_group/1	200	購入グループ編集 購入グループ管理 - トーナメントセンター 東京	
/admin/product/doubling_check	200	重複商品コード 商品管理 - トーナメントセンター 東京	
/admin/product/stock/inventory_plan/new	200	棚卸計画新規作成 棚卸計画一覧 - トーナメントセンター 東京	
/admin/customer/customer_group/1	200	顧客グループ管理 顧客グループ編集 - トーナメントセンター 東京	
/admin/content/news/new	200	コンテンツ管理 新着情報管理 - トーナメントセンター 東京	
/admin/content/news/1/edit	200	コンテンツ管理 新着情報管理 - トーナメントセンター 東京	
/admin/content/layout/new	200	コンテンツ管理 レイアウト管理 - トーナメントセンター 東京	
/admin/content/layout/1/edit	200	コンテンツ管理 レイアウト管理 - トーナメントセンター 東京	
/admin/content/page/new	200	コンテンツ管理 ページ管理 - トーナメントセンター 東京	
/admin/content/block/new	200	コンテンツ管理 ブロック管理 - トーナメントセンター 東京	
/admin/content/block/63/edit	200	コンテンツ管理 ブロック管理 - トーナメントセンター 東京	
/admin/setting/shop/payment/new	200	基本情報設定 支払方法設定 - トーナメントセンター 東京	
/admin/setting/shop/payment/24/edit	200	基本情報設定 支払方法設定 - トーナメントセンター 東京	
/admin/setting/shop/delivery/new	200	基本情報設定 配送方法設定 - トーナメントセンター 東京	
/admin/setting/shop/delivery/4/edit	200	基本情報設定 配送方法設定 - トーナメントセンター 東京	
/admin/mall/tenant/detail/7	200	基本情報設定 店舗登録 - 静岡店	
/admin/mall/tenant/page/2	200	基本情報設定 店舗一覧 - トーナメントセンター 東京	
/admin/setting/system/member/new	200	システム設定 メンバー登録 - トーナメントセンター 東京	
/admin/setting/system/member/7/edit	200	システム設定 メンバー登録 - トーナメントセンター 東京	
/admin/event/create	200	イベント登録 イベント管理 - トーナメントセンター 東京	
/admin/event/banner/tc	200	イベント管理 イベントバナー管理 - トーナメントセンター 東京	
/admin/event/banner/narita	200	イベント管理 イベントバナー管理 - トーナメントセンター 東京	
/admin/event/banner/fukuoka	200	イベント管理 イベントバナー管理 - トーナメントセンター 東京	
/admin/event/banner/sapporo	200	イベント管理 イベントバナー管理 - トーナメントセンター 東京	
/admin/event/banner/osaka	200	イベント管理 イベントバナー管理 - トーナメントセンター 東京	
/admin/event/banner/nagoya	200	イベント管理 イベントバナー管理 - トーナメントセンター 東京	
/admin/event/banner/shizuoka	200	イベント管理 イベントバナー管理 - トーナメントセンター 東京	
/admin/event/banner/akihabara	200	イベント管理 イベントバナー管理 - トーナメントセンター 東京	
/admin/event/banner/yokohama	200	イベント管理 イベントバナー管理 - トーナメントセンター 東京	
/admin/event/banner/takamatsu	200	イベント管理 イベントバナー管理 - トーナメントセンター 東京	
/admin/event/banner/nomeruya	200	イベント管理 イベントバナー管理 - トーナメントセンター 東京	
/admin/event/banner/omiya	200	イベント管理 イベントバナー管理 - トーナメントセンター 東京	
/admin/event/banner/utsunomiya	200	イベント管理 イベントバナー管理 - トーナメントセンター 東京	
/admin/event/banner/hiroshima	200	イベント管理 イベントバナー管理 - トーナメントセンター 東京	
/admin/event/banner/koriyama	200	イベント管理 イベントバナー管理 - トーナメントセンター 東京	
/admin/event/banner/kichijoji	200	イベント管理 イベントバナー管理 - トーナメントセンター 東京	
/admin/event/banner/osu	200	イベント管理 イベントバナー管理 - トーナメントセンター 東京	
/admin/event/banner/sannomiya	200	イベント管理 イベントバナー管理 - トーナメントセンター 東京	
/admin/event/banner/kofu	200	イベント管理 イベントバナー管理 - トーナメントセンター 東京	
/admin/event/banner/kawasaki	200	イベント管理 イベントバナー管理 - トーナメントセンター 東京	
/admin/event/banner/mito	200	イベント管理 イベントバナー管理 - トーナメントセンター 東京	
/admin/event/banner/nipponbashi	200	イベント管理 イベントバナー管理 - トーナメントセンター 東京	
/admin/event/banner/niigata	200	イベント管理 イベントバナー管理 - トーナメントセンター 東京	
/admin/event/banner/kanazawa	200	イベント管理 イベントバナー管理 - トーナメントセンター 東京	
/admin/event/banner/chiba	200	イベント管理 イベントバナー管理 - トーナメントセンター 東京	
/admin/event/banner/shibuya	200	イベント管理 イベントバナー管理 - トーナメントセンター 東京	
/admin/event/banner/takasaki	200	イベント管理 イベントバナー管理 - トーナメントセンター 東京	
/admin/event/banner/kyoto	200	イベント管理 イベントバナー管理 - トーナメントセンター 東京	
/admin/event/banner/machida	200	イベント管理 イベントバナー管理 - トーナメントセンター 東京	
/admin/event/banner/nagano	200	イベント管理 イベントバナー管理 - トーナメントセンター 東京	
/admin/card/new	200	カード管理 カード詳細 - トーナメントセンター 東京	
/admin/cardset/new	200	カードセット管理 カードセット詳細 - トーナメントセンター 東京	
/admin/cardset/1/edit	200	カードセット管理 カードセット詳細 - トーナメントセンター 東京	
/admin/cardset/page/2	200	カードセット管理 カードセット一覧 - トーナメントセンター 東京	
/admin/format/new	200	フォーマット管理 フォーマット登録 - トーナメントセンター 東京	
/admin/format/1/edit	200	フォーマット管理 フォーマット登録 - トーナメントセンター 東京	
/admin/deck/new	200	デッキ管理 新規登録 - トーナメントセンター 東京	
/admin/archetype/new	200	アーキタイプ管理 新規登録 - トーナメントセンター 東京	
/admin/data/top_banner/tct	200	データ管理 トップバナー管理 - トーナメントセンター 東京	
/admin/data/top_banner/nrt	200	データ管理 トップバナー管理 - トーナメントセンター 東京	
/admin/data/top_banner/fko	200	データ管理 トップバナー管理 - トーナメントセンター 東京	
/admin/data/top_banner/spr	200	データ管理 トップバナー管理 - トーナメントセンター 東京	
/admin/data/top_banner/osk	200	データ管理 トップバナー管理 - トーナメントセンター 東京	
/admin/data/top_banner/ngy	200	データ管理 トップバナー管理 - トーナメントセンター 東京	
/admin/data/top_banner/szo	200	データ管理 トップバナー管理 - トーナメントセンター 東京	
/admin/data/top_banner/akb	200	データ管理 トップバナー管理 - トーナメントセンター 東京	
/admin/data/top_banner/sdi	200	データ管理 トップバナー管理 - トーナメントセンター 東京	
/admin/data/top_banner/ykh	200	データ管理 トップバナー管理 - トーナメントセンター 東京	
/admin/data/top_banner/tkm	200	データ管理 トップバナー管理 - トーナメントセンター 東京	
/admin/data/top_banner/nmy	200	データ管理 トップバナー管理 - トーナメントセンター 東京	
/admin/data/top_banner/omy	200	データ管理 トップバナー管理 - トーナメントセンター 東京	
/admin/data/top_banner/utm	200	データ管理 トップバナー管理 - トーナメントセンター 東京	
/admin/data/top_banner/hrs	200	データ管理 トップバナー管理 - トーナメントセンター 東京	
/admin/data/top_banner/kry	200	データ管理 トップバナー管理 - トーナメントセンター 東京	
/admin/data/top_banner/kcj	200	データ管理 トップバナー管理 - トーナメントセンター 東京	
/admin/data/top_banner/osu	200	データ管理 トップバナー管理 - トーナメントセンター 東京	
/admin/data/top_banner/smy	200	データ管理 トップバナー管理 - トーナメントセンター 東京	
/admin/data/top_banner/kof	200	データ管理 トップバナー管理 - トーナメントセンター 東京	
/admin/data/top_banner/kws	200	データ管理 トップバナー管理 - トーナメントセンター 東京	
/admin/data/top_banner/mto	200	データ管理 トップバナー管理 - トーナメントセンター 東京	
/admin/data/top_banner/npb	200	データ管理 トップバナー管理 - トーナメントセンター 東京	
/admin/data/top_banner/ngt	200	データ管理 トップバナー管理 - トーナメントセンター 東京	
/admin/data/top_banner/knz	200	データ管理 トップバナー管理 - トーナメントセンター 東京	
/admin/data/top_banner/cba	200	データ管理 トップバナー管理 - トーナメントセンター 東京	
/admin/data/top_banner/sby	200	データ管理 トップバナー管理 - トーナメントセンター 東京	
/admin/data/top_banner/tks	200	データ管理 トップバナー管理 - トーナメントセンター 東京	
/admin/data/top_banner/kyt	200	データ管理 トップバナー管理 - トーナメントセンター 東京	
/admin/data/top_banner/mcd	200	データ管理 トップバナー管理 - トーナメントセンター 東京	
/admin/data/top_banner/ngn	200	データ管理 トップバナー管理 - トーナメントセンター 東京	
/admin/data/buy_price_list/1/edit	200	データ管理 買取価格対応表編集 - トーナメントセンター 東京	
/admin/product/product/182502/edit	200	商品管理 商品登録 - トーナメントセンター 東京	
/admin/product/stock/page/1?product_name=%E3%80%90%E5%A7%94%E8%A8%97%E5%95%86%E5%93%81%E3%80%91%E3%80%90%E3%83%80%E3%83%96%E3%83%AB%E3%83%AC%E3%82%A4%E3%83%B3%E3%83%9C%E3%82%A6%E3%83%BBFoil%E3%80%91%28313%29%E3%80%8A%E3%82%B5%E3%82%A4%E3%82%AF%E3%83%AD%E3%83%B3%E3%81%AE%E8%A3%82%E3%81%91%E7%9B%AE/Cyclonic%20Rift%E3%80%8B%5BRVR%5D%20%E9%9D%92%20NM	200	在庫管理 在庫一覧 - トーナメントセンター 東京	
/admin/product/buy_sale_price_history/search?multi=%E3%80%90%E5%A7%94%E8%A8%97%E5%95%86%E5%93%81%E3%80%91%E3%80%90%E3%83%80%E3%83%96%E3%83%AB%E3%83%AC%E3%82%A4%E3%83%B3%E3%83%9C%E3%82%A6%E3%83%BBFoil%E3%80%91%28313%29%E3%80%8A%E3%82%B5%E3%82%A4%E3%82%AF%E3%83%AD%E3%83%B3%E3%81%AE%E8%A3%82%E3%81%91%E7%9B%AE/Cyclonic%20Rift%E3%80%8B%5BRVR%5D%20%E9%9D%92%20NM	200	買取/販売価格履歴 商品管理 - トーナメントセンター 東京	
/admin/product/page/2	200	商品管理 商品一覧 - トーナメントセンター 東京	
/admin/customer/1/edit	200	会員管理 会員登録 - トーナメントセンター 東京	
/admin/customer/mail/1/history	200	会員管理 メール配信履歴 - トーナメントセンター 東京	
/admin/customer/manual_mail/1	200	会員管理 手動メール通知 - トーナメントセンター 東京	
/admin/customer/page/1?device_view=tablet	200	会員管理 会員一覧 - トーナメントセンター 東京	
/admin/store/plugin	200	オーナーズストア インストールプラグイン一覧 - トーナメントセンター 東京	
/admin/store/plugin/authentication_setting?device_view=tablet	200	オーナーズストア 認証キー設定 - トーナメントセンター 東京	
/admin/product/tag/1/page/2	200	商品管理 タグ管理 - トーナメントセンター 東京	
/admin/product/storage/2514/page/2	200	略称タグ編集 商品管理 - トーナメントセンター 東京	
/admin/product/tag_sales_analysis/1/page/2	200	売上分析タグ 商品管理 - トーナメントセンター 東京	
/admin/event/page/1?resume=1	200	イベント管理 イベント一覧 - トーナメントセンター 東京	
/admin/card/45219/edit	200	カード管理 カード詳細 - トーナメントセンター 東京	
/admin/cardset/page	200	カードセット管理 カードセット一覧 - トーナメントセンター 東京	
/admin/product/product/class/182502	200	商品管理 商品規格一覧 - トーナメントセンター 東京	
/admin/product/stock/432387/stock-approval/new	200	在庫管理 在庫編集 - トーナメントセンター 東京	
/admin/customer/1/delivery/1/edit	200	会員管理 お届け先登録 - トーナメントセンター 東京	
/admin/customer/1/delivery/new	200	会員管理 お届け先登録 - トーナメントセンター 東京	
/admin/customer/point/1/select	200	会員管理 ポイント履歴 - トーナメントセンター 東京	
/admin/customer/point/1/history	200	会員管理 ポイント履歴確認 - トーナメントセンター 東京	
/admin/store/plugin/api/search	200	オーナーズストア 認証キー設定 - トーナメントセンター 東京	
/admin/sln_payment42/config	200	ソニーペイメントサービス決済プラグイン オーナーズストア - トーナメントセンター 東京	
/admin/event/2/edit	200	イベント編集 イベント管理 - トーナメントセンター 東京	
/admin/product/product/class/182502/new	200	商品管理 商品規格登録 - トーナメントセンター 東京	
/admin/product/product/class/182502/edit/1197729	200	商品管理 商品規格登録 - トーナメントセンター 東京	
/admin/customer/point/1/granted	200	会員管理 ポイント履歴確認 - トーナメントセンター 東京	
/admin/customer/point/1/purchase	200	会員管理 ポイント履歴確認 - トーナメントセンター 東京	
/admin/event/entry/event_detail/13	200	イベント管理 イベント申込一覧 - トーナメントセンター 東京	
/admin/event/2/schedule/13/edit	200	日程編集 イベント管理 - トーナメントセンター 東京	
