画面名	現行リポ	現行ルート名	現行URLパターン	移行後ルート名	移行後URLパターン	判定	現行の根拠	移行後の根拠
API	pf-api	get_article_by_params_json	/article.json	article_by_params	/article.json	存続	pf-api/config/routes.yaml:146	ec-cube-enterprise/src/Eccube/Controller/App/ArticleController.php:45
API	pf-api	get_card_by_params_json	/card.json	card_by_params_json	/card.json	存続	pf-api/config/routes.yaml:176	ec-cube-enterprise/src/Eccube/Controller/App/CardController.php:42
API	pf-api	get_popup_product_old_json	/popup/old/{}.json	popup_card_by_old_product_id_json	/popup/old/{}.json	存続	pf-api/config/routes.yaml:94	ec-cube-enterprise/src/Eccube/Controller/App/ProductController.php:318
API	pf-api	get_popup_old_product_json	/popup/old/{}/{}.json	popup_product_by_old_product_id_json	/popup/old/{}/{}.json	存続	pf-api/config/routes.yaml:102	ec-cube-enterprise/src/Eccube/Controller/App/ProductController.php:362
API	pf-api	find_products_by_name_json	/product/search.json	products_search_json	/product/search.json	存続	pf-api/config/routes.yaml:224	ec-cube-enterprise/src/Eccube/Controller/App/ProductController.php:89
API	pf-api	get_top_banners_json	/topBanners/{}.json	top_banners_by_language_code_json	/topBanners/{}.json	存続	pf-api/config/routes.yaml:161	ec-cube-enterprise/src/Eccube/Controller/App/ContentController.php:86
API	pf-api	get_update_products_json	/updateProducts/{}/{}.json	updated_product_classes_json	/updateProducts/{}/{}.json	存続	pf-api/config/routes.yaml:126	ec-cube-enterprise/src/Eccube/Controller/App/ProductController.php:205
API	-	-	-	api_admin_buy_main_card	/%eccube_api_v1_route%/admin/buyMainCard.json	新規	-	ec-cube-enterprise/src/Eccube/Controller/App/MTGBuyer/V1/Admin/BuyMainCardController.php:37
API	-	-	-	api_admin_buy_order_update	/%eccube_api_v1_route%/admin/buyOrder/{}.json	新規	-	ec-cube-enterprise/src/Eccube/Controller/App/MTGBuyer/V1/Admin/BuyOrderController.php:170
API	-	-	-	api_admin_buy_order_update_free_comment	/%eccube_api_v1_route%/admin/buyOrder/{}/freeComment.json	新規	-	ec-cube-enterprise/src/Eccube/Controller/App/MTGBuyer/V1/Admin/BuyOrderController.php:93
API	-	-	-	api_admin_buy_order_update_status	/%eccube_api_v1_route%/admin/buyOrder/{}/status.json	新規	-	ec-cube-enterprise/src/Eccube/Controller/App/MTGBuyer/V1/Admin/BuyOrderController.php:126
API	-	-	-	api_admin_buy_order_indivisual_input_product	/%eccube_api_v1_route%/admin/buyOrderIndivisualInputProduct.json	新規	-	ec-cube-enterprise/src/Eccube/Controller/App/MTGBuyer/V1/Admin/BuyOrderIndivisualInputProductController.php:37
API	-	-	-	api_admin_buy_orders_product_arrival	/%eccube_api_v1_route%/admin/buyOrders.json	新規	-	ec-cube-enterprise/src/Eccube/Controller/App/MTGBuyer/V1/Admin/BuyOrderController.php:59
API	-	-	-	api_admin_fixed_price_section	/%eccube_api_v1_route%/admin/fixedPriceSection.json	新規	-	ec-cube-enterprise/src/Eccube/Controller/App/MTGBuyer/V1/Admin/OptionController.php:50
API	-	-	-	api_admin_login	/%eccube_api_v1_route%/admin/login.json	新規	-	ec-cube-enterprise/src/Eccube/Controller/App/MTGBuyer/V1/Admin/LoginController.php:45
API	-	-	-	api_admin_option_bulk_purchase_id	/%eccube_api_v1_route%/admin/optionBulkPurchaseId.json	新規	-	ec-cube-enterprise/src/Eccube/Controller/App/MTGBuyer/V1/Admin/OptionController.php:35
API	-	-	-	api_admin_otc_buy_order_update	/%eccube_api_v1_route%/admin/otcBuyOrder/{}.json	新規	-	ec-cube-enterprise/src/Eccube/Controller/App/MTGBuyer/V1/Admin/OtcBuyOrderController.php:129
API	-	-	-	api_admin_otc_buy_order_update_double_check_member	/%eccube_api_v1_route%/admin/otcBuyOrder/{}/doubleCheckMember.json	新規	-	ec-cube-enterprise/src/Eccube/Controller/App/MTGBuyer/V1/Admin/OtcBuyOrderController.php:231
API	-	-	-	api_admin_otc_buy_order_update_free_comment	/%eccube_api_v1_route%/admin/otcBuyOrder/{}/freeComment.json	新規	-	ec-cube-enterprise/src/Eccube/Controller/App/MTGBuyer/V1/Admin/OtcBuyOrderController.php:156
API	-	-	-	api_admin_otc_buy_order_update_identification	/%eccube_api_v1_route%/admin/otcBuyOrder/{}/identification.json	新規	-	ec-cube-enterprise/src/Eccube/Controller/App/MTGBuyer/V1/Admin/OtcBuyOrderController.php:273
API	-	-	-	api_admin_otc_buy_order_update_status	/%eccube_api_v1_route%/admin/otcBuyOrder/{}/status.json	新規	-	ec-cube-enterprise/src/Eccube/Controller/App/MTGBuyer/V1/Admin/OtcBuyOrderController.php:190
API	-	-	-	api_admin_otc_buy_orders	/%eccube_api_v1_route%/admin/otcBuyOrders.json	新規	-	ec-cube-enterprise/src/Eccube/Controller/App/MTGBuyer/V1/Admin/OtcBuyOrderController.php:69
API	-	-	-	api_admin_sections	/%eccube_api_v1_route%/admin/sections.json	新規	-	ec-cube-enterprise/src/Eccube/Controller/App/MTGBuyer/V1/Admin/SectionController.php:35
API	-	-	-	api_buying_products	/%eccube_api_v1_route%/buying/products	新規	-	ec-cube-enterprise/src/Eccube/Controller/App/MTGBuyer/V1/Admin/BuyingController.php:67
API	-	-	-	api_buying	/%eccube_api_v1_route%/buying/{}.json	新規	-	ec-cube-enterprise/src/Eccube/Controller/App/MTGBuyer/V1/Admin/BuyingController.php:46
API	-	-	-	api_search	/%eccube_api_v1_route%/search	新規	-	ec-cube-enterprise/src/Eccube/Controller/App/MTGBuyer/V1/Admin/BuyingController.php:99
API	-	-	-	api_deck_builder_archetype	/api/archetype/{}	新規	-	ec-cube-enterprise/src/Eccube/Controller/App/DeckBuilder/ArchetypeController.php:61
API	-	-	-	api_deck_builder_archetypes	/api/archetypes/{}	新規	-	ec-cube-enterprise/src/Eccube/Controller/App/DeckBuilder/ArchetypeController.php:38
API	-	-	-	api_deck_builder_card_search	/api/card	新規	-	ec-cube-enterprise/src/Eccube/Controller/App/DeckBuilder/CardController.php:160
API	-	-	-	api_deck_builder_cards_search	/api/cards	新規	-	ec-cube-enterprise/src/Eccube/Controller/App/DeckBuilder/CardController.php:71
API	-	-	-	api_deck_builder_card	/api/cards/{}	新規	-	ec-cube-enterprise/src/Eccube/Controller/App/DeckBuilder/CardController.php:142
API	-	-	-	api_categories_tree	/api/categories/tree	新規	-	ec-cube-enterprise/src/Eccube/Controller/App/CategoryController.php:37
API	-	-	-	api_categories_tree_branch	/api/categories/tree/{}	新規	-	ec-cube-enterprise/src/Eccube/Controller/App/CategoryController.php:43
API	-	-	-	api_categories_tree_by_id	/api/categories/{}/tree	新規	-	ec-cube-enterprise/src/Eccube/Controller/App/CategoryController.php:67
API	-	-	-	api_categories_tree_by_id_branch	/api/categories/{}/tree/{}	新規	-	ec-cube-enterprise/src/Eccube/Controller/App/CategoryController.php:76
API	-	-	-	api_deck_builder_deck_post	/api/deck	新規	-	ec-cube-enterprise/src/Eccube/Controller/App/DeckBuilder/DeckController.php:75
API	-	-	-	api_deck_builder_deck_import_post	/api/deck/import	新規	-	ec-cube-enterprise/src/Eccube/Controller/App/DeckBuilder/DeckController.php:667
API	-	-	-	api_deck_builder_deck_import_put	/api/deck/import/{}	新規	-	ec-cube-enterprise/src/Eccube/Controller/App/DeckBuilder/DeckController.php:677
API	-	-	-	api_deck_builder_usage_analysis	/api/deck/usage_analysis/{}	新規	-	ec-cube-enterprise/src/Eccube/Controller/App/DeckBuilder/DeckController.php:522
API	-	-	-	api_deck_builder_deck_update	/api/deck/{}	新規	-	ec-cube-enterprise/src/Eccube/Controller/App/DeckBuilder/DeckController.php:124
API	-	-	-	api_deck_builder_deck_delete	/api/deck/{}	新規	-	ec-cube-enterprise/src/Eccube/Controller/App/DeckBuilder/DeckController.php:177
API	-	-	-	api_deck_builder_deck_get	/api/deck/{}	新規	-	ec-cube-enterprise/src/Eccube/Controller/App/DeckBuilder/DeckController.php:214
API	-	-	-	api_deck_builder_decks	/api/decks	新規	-	ec-cube-enterprise/src/Eccube/Controller/App/DeckBuilder/DeckController.php:262
API	-	-	-	api_deck_builder_master	/api/master/{}	新規	-	ec-cube-enterprise/src/Eccube/Controller/App/DeckBuilder/MasterController.php:77
API	-	-	-	api_deck_builder_metagame	/api/metagame	新規	-	ec-cube-enterprise/src/Eccube/Controller/App/DeckBuilder/DeckController.php:556
API	-	-	-	order_direct_print	/api/order/prints/direct/{}	新規	-	ec-cube-enterprise/src/Eccube/Controller/App/OrderController.php:43
API	-	-	-	popup_product_by_card_id	/api/popup/card/{}/{}	新規	-	ec-cube-enterprise/src/Eccube/Controller/App/ProductController.php:265
API	-	-	-	popup_product_by_product_id	/api/popup/product/{}/{}	新規	-	ec-cube-enterprise/src/Eccube/Controller/App/ProductController.php:150
API	-	-	-	product_detail_by_product_id	/api/product/detail/{}	新規	-	ec-cube-enterprise/src/Eccube/Controller/App/ProductController.php:50
API	-	-	-	product_detail_by_product_id_json	/api/product/detail/{}.json	新規	-	ec-cube-enterprise/src/Eccube/Controller/App/ProductController.php:51
API	-	-	-	api_deck_builder_recent_event	/api/recent_event	新規	-	ec-cube-enterprise/src/Eccube/Controller/App/DeckBuilder/DeckController.php:643
API	-	-	-	api_deck_builder_user	/api/user	新規	-	ec-cube-enterprise/src/Eccube/Controller/App/DeckBuilder/UserController.php:43
API	-	-	-	api_deck_builder_user_update	/api/user	新規	-	ec-cube-enterprise/src/Eccube/Controller/App/DeckBuilder/UserController.php:78
API	-	-	-	api_deck_builder_login	/api/user/login	新規	-	ec-cube-enterprise/src/Eccube/Controller/App/DeckBuilder/LoginController.php:43
API	-	-	-	api_deck_builder_logout	/api/user/logout	新規	-	ec-cube-enterprise/src/Eccube/Controller/App/DeckBuilder/LoginController.php:79
API	-	-	-	app_event_schedule_monthly	/assets/data/events-monthly-{}-{}.json	新規	-	ec-cube-enterprise/src/Eccube/Controller/App/EventScheduleController.php:44
API	-	-	-	app_event_schedule_range	/assets/data/events.json	新規	-	ec-cube-enterprise/src/Eccube/Controller/App/EventScheduleController.php:58
API	-	-	-	app_header_categories_json	/assets/data/header-categories.json	新規	-	ec-cube-enterprise/src/Eccube/Controller/App/HeaderCategoriesController.php:41
API	-	-	-	admin_store_plugin_api_uninstall	/{}/store/plugin/api/delete/{}/uninstall	新規	-	ec-cube-enterprise/src/Eccube/Controller/Admin/Store/OwnerStoreController.php:289
API	-	-	-	admin_store_plugin_api_install	/{}/store/plugin/api/install	新規	-	ec-cube-enterprise/src/Eccube/Controller/Admin/Store/OwnerStoreController.php:234
API	-	-	-	admin_store_plugin_install_confirm	/{}/store/plugin/api/install/{}/confirm	新規	-	ec-cube-enterprise/src/Eccube/Controller/Admin/Store/OwnerStoreController.php:202
API	-	-	-	admin_store_plugin_api_schema_update	/{}/store/plugin/api/schema_update	新規	-	ec-cube-enterprise/src/Eccube/Controller/Admin/Store/OwnerStoreController.php:419
API	-	-	-	admin_store_plugin_owners_search	/{}/store/plugin/api/search	新規	-	ec-cube-enterprise/src/Eccube/Controller/Admin/Store/OwnerStoreController.php:77
API	-	-	-	admin_store_plugin_owners_search_page	/{}/store/plugin/api/search/page/{}	新規	-	ec-cube-enterprise/src/Eccube/Controller/Admin/Store/OwnerStoreController.php:78
API	-	-	-	admin_store_plugin_api_update	/{}/store/plugin/api/update	新規	-	ec-cube-enterprise/src/Eccube/Controller/Admin/Store/OwnerStoreController.php:474
API	-	-	-	admin_store_plugin_api_upgrade	/{}/store/plugin/api/upgrade	新規	-	ec-cube-enterprise/src/Eccube/Controller/Admin/Store/OwnerStoreController.php:344
API	-	-	-	admin_store_plugin_update_confirm	/{}/store/plugin/api/upgrade/{}/confirm	新規	-	ec-cube-enterprise/src/Eccube/Controller/Admin/Store/OwnerStoreController.php:520
