area	category	function_id	normalized	name	status	it_cases	e2e_cases	spec	page	md_path
フロント	会員	F06-19	f06_19	クレジットカード情報登録・変更	ok	integration_test/f06_19_front_member_mypage_credit_card_it_cases.md	integration_test/e2e/f06_19_front_member_mypage_credit_card_e2e_cases.md	e2e/spec/front/f06/f06_19_front_member_mypage_credit_card.spec.ts	e2e/pages/front/f06/f06_19_front_member_mypage_credit_card.page.ts	ec-cube-enterprise/f06-19_front_member_mypage_credit_card.md
管理画面	ログイン	M01-01	m01_01	パスワード認証	ok	integration_test/m01_01_admin_login_login_it_cases.md	integration_test/e2e/m01_01_admin_login_login_e2e_cases.md	e2e/spec/admin/login.spec.ts	e2e/pages/admin/login.page.ts	ec-cube-enterprise/m01-01_admin_login_login.md
管理画面	ログイン	M01-02	m01_02	二段階認証	ok	integration_test/m01_02_admin_login_two_factor_auth_it_cases.md	integration_test/e2e/m01_02_admin_login_two_factor_auth_e2e_cases.md	e2e/spec/admin/two_factor_auth.spec.ts	e2e/pages/admin/two_factor_auth.page.ts	ec-cube-enterprise/m01-02_admin_login_two_factor_auth.md
管理画面	TOPページ	M02-01	m02_01	受注状況	ok	integration_test/m02_01_admin_home_home_order_status_it_cases.md	integration_test/e2e/m02_01_admin_home_home_order_status_e2e_cases.md	e2e/spec/admin/m02/m02_01_admin_home_home_order_status.spec.ts	e2e/pages/admin/m02/m02_01_admin_home_home_order_status.page.ts	ec-cube-enterprise/m02-01_admin_home_home_order_status.md
管理画面	TOPページ	M02-02	m02_02	売上状況	ok	integration_test/m02_02_admin_home_home_sales_status_it_cases.md	integration_test/e2e/m02_02_admin_home_home_sales_status_e2e_cases.md	e2e/spec/admin/m02/m02_02_admin_home_home_sales_status.spec.ts	e2e/pages/admin/m02/m02_02_admin_home_home_sales_status.page.ts	ec-cube-enterprise/m02-02_admin_home_home_sales_status.md
管理画面	TOPページ	M02-03	m02_03	売上状況グラフ	ok	integration_test/m02_03_admin_home_home_sales_chart_it_cases.md	integration_test/e2e/m02_03_admin_home_home_sales_chart_e2e_cases.md	e2e/spec/admin/m02/m02_03_admin_home_home_sales_chart.spec.ts	e2e/pages/admin/m02/m02_03_admin_home_home_sales_chart.page.ts	ec-cube-enterprise/m02-03_admin_home_home_sales_chart.md
管理画面	TOPページ	M02-04	m02_04	ショップ状況	ok	integration_test/m02_04_admin_home_home_shop_status_it_cases.md	integration_test/e2e/m02_04_admin_home_home_shop_status_e2e_cases.md	e2e/spec/admin/m02/m02_04_admin_home_home_shop_status.spec.ts	e2e/pages/admin/m02/m02_04_admin_home_home_shop_status.page.ts	ec-cube-enterprise/m02-04_admin_home_home_shop_status.md
管理画面	TOPページ	M02-05	m02_05	EC-CUBEのお知らせ	ok	integration_test/m02_05_admin_home_home_ec_cube_news_it_cases.md	integration_test/e2e/m02_05_admin_home_home_ec_cube_news_e2e_cases.md	e2e/spec/admin/m02/m02_05_admin_home_home_ec_cube_news.spec.ts	e2e/pages/admin/m02/m02_05_admin_home_home_ec_cube_news.page.ts	ec-cube-enterprise/m02-05_admin_home_home_ec_cube_news.md
管理画面	TOPページ	M02-06	m02_06	おすすめプラグイン	ok	integration_test/m02_06_admin_home_home_recommend_plugins_it_cases.md	integration_test/e2e/m02_06_admin_home_home_recommend_plugins_e2e_cases.md	e2e/spec/admin/m02/m02_06_admin_home_home_recommend_plugins.spec.ts	e2e/pages/admin/m02/m02_06_admin_home_home_recommend_plugins.page.ts	ec-cube-enterprise/m02-06_admin_home_home_recommend_plugins.md
管理画面	受注管理	M05-12	m05_12	対応状況一括変更	ok	integration_test/m05_12_admin_order_order_bulk_status_change_it_cases.md	integration_test/e2e/m05_12_admin_order_order_bulk_status_change_e2e_cases.md	e2e/spec/admin/m05/m05_12_admin_order_order_bulk_status_change.spec.ts	e2e/pages/admin/m05/m05_12_admin_order_order_bulk_status_change.page.ts	ec-cube-enterprise/m05-12_admin_order_order_bulk_status_change.md
管理画面	受注管理	M05-13	m05_13	問い合わせ番号（出荷伝票番号）入力機能	ok	integration_test/m05_13_admin_order_order_tracking_number_it_cases.md	integration_test/e2e/m05_13_admin_order_order_tracking_number_e2e_cases.md	e2e/spec/admin/m05/m05_13_admin_order_order_tracking_number.spec.ts	e2e/pages/admin/m05/m05_13_admin_order_order_tracking_number.page.ts	ec-cube-enterprise/m05-13_admin_order_order_tracking_number.md
管理画面	受注管理	M05-14	m05_14	対応状況設定	ok	integration_test/m05_14_admin_order_order_status_change_it_cases.md	integration_test/e2e/m05_14_admin_order_order_status_change_e2e_cases.md	e2e/spec/admin/m05/m05_14_admin_order_order_status_change.spec.ts	e2e/pages/admin/m05/m05_14_admin_order_order_status_change.page.ts	ec-cube-enterprise/m05-14_admin_order_order_status_change.md
管理画面	受注管理	M05-15	m05_15	各種メール送信	ok	integration_test/m05_15_admin_order_order_mail_it_cases.md	integration_test/e2e/m05_15_admin_order_order_mail_e2e_cases.md	e2e/spec/admin/m05/m05_15_admin_order_order_mail.spec.ts	e2e/pages/admin/m05/m05_15_admin_order_order_mail.page.ts	ec-cube-enterprise/m05-15_admin_order_order_mail.md
管理画面	受注管理	M05-16	m05_16	ショップ用メモ登録機能	ok	integration_test/m05_16_admin_order_order_shop_memo_it_cases.md	integration_test/e2e/m05_16_admin_order_order_shop_memo_e2e_cases.md	e2e/spec/admin/m05/m05_16_admin_order_order_shop_memo.spec.ts	e2e/pages/admin/m05/m05_16_admin_order_order_shop_memo.page.ts	ec-cube-enterprise/m05-16_admin_order_order_shop_memo.md
管理画面	受注管理	M05-17	m05_17	配達用メモ登録機能	ok	integration_test/m05_17_admin_order_order_shipping_memo_it_cases.md	integration_test/e2e/m05_17_admin_order_order_shipping_memo_e2e_cases.md	e2e/spec/admin/m05/m05_17_admin_order_order_shipping_memo.spec.ts	e2e/pages/admin/m05/m05_17_admin_order_order_shipping_memo.page.ts	ec-cube-enterprise/m05-17_admin_order_order_shipping_memo.md
管理画面	コンテンツ管理	M09-01	m09_01	新着情報管理	ok	integration_test/m09_01_admin_content_content_news_it_cases.md	integration_test/e2e/m09_01_admin_content_content_news_e2e_cases.md	e2e/spec/admin/m09/m09_01_admin_content_content_news.spec.ts	e2e/pages/admin/m09/m09_01_admin_content_content_news.page.ts	ec-cube-enterprise/m09-01_admin_content_content_news.md
管理画面	コンテンツ管理	M09-02	m09_02	ファイル管理	ok	integration_test/m09_02_admin_content_content_file_it_cases.md	integration_test/e2e/m09_02_admin_content_content_file_e2e_cases.md	e2e/spec/admin/m09/m09_02_admin_content_content_file.spec.ts	e2e/pages/admin/m09/m09_02_admin_content_content_file.page.ts	ec-cube-enterprise/m09-02_admin_content_content_file.md
管理画面	コンテンツ管理	M09-03	m09_03	レイアウト管理	ok	integration_test/m09_03_admin_content_content_layout_it_cases.md	integration_test/e2e/m09_03_admin_content_content_layout_e2e_cases.md	e2e/spec/admin/m09/m09_03_admin_content_content_layout.spec.ts	e2e/pages/admin/m09/m09_03_admin_content_content_layout.page.ts	ec-cube-enterprise/m09-03_admin_content_content_layout.md
管理画面	コンテンツ管理	M09-05	m09_05	CSS管理	ok	integration_test/m09_05_admin_content_content_css_it_cases.md	integration_test/e2e/m09_05_admin_content_content_css_e2e_cases.md	e2e/spec/admin/m09/m09_05_admin_content_content_css.spec.ts	e2e/pages/admin/m09/m09_05_admin_content_content_css.page.ts	ec-cube-enterprise/m09-05_admin_content_content_css.md
管理画面	コンテンツ管理	M09-06	m09_06	JavaScript管理	ok	integration_test/m09_06_admin_content_content_js_it_cases.md	integration_test/e2e/m09_06_admin_content_content_js_e2e_cases.md	e2e/spec/admin/m09/m09_06_admin_content_content_js.spec.ts	e2e/pages/admin/m09/m09_06_admin_content_content_js.page.ts	ec-cube-enterprise/m09-06_admin_content_content_js.md
管理画面	コンテンツ管理	M09-08	m09_08	キャッシュ管理	ok	integration_test/m09_08_admin_content_content_cache_it_cases.md	integration_test/e2e/m09_08_admin_content_content_cache_e2e_cases.md	e2e/spec/admin/m09/m09_08_admin_content_content_cache.spec.ts	e2e/pages/admin/m09/m09_08_admin_content_content_cache.page.ts	ec-cube-enterprise/m09-08_admin_content_content_cache.md
管理画面	コンテンツ管理	M09-09	m09_09	メンテナンス管理	ok	integration_test/m09_09_admin_content_content_maintenance_it_cases.md	integration_test/e2e/m09_09_admin_content_content_maintenance_e2e_cases.md	e2e/spec/admin/m09/m09_09_admin_content_content_maintenance.spec.ts	e2e/pages/admin/m09/m09_09_admin_content_content_maintenance.page.ts	ec-cube-enterprise/m09-09_admin_content_content_maintenance.md
管理画面	（基本設定）	M10-11	m10_11	受注対応状況設定	ok	integration_test/m10_11_admin_base_setting_setting_shop_order_status_it_cases.md	integration_test/e2e/m10_11_admin_base_setting_setting_shop_order_status_e2e_cases.md	e2e/spec/admin/m10/m10_11_admin_base_setting_setting_shop_order_status.spec.ts	e2e/pages/admin/m10/m10_11_admin_base_setting_setting_shop_order_status.page.ts	ec-cube-enterprise/m10-11_admin_base_setting_setting_shop_order_status.md
管理画面	（基本設定）	M10-12	m10_12	定休日カレンダー設定	ok	integration_test/m10_12_admin_base_setting_setting_shop_calendar_it_cases.md	integration_test/e2e/m10_12_admin_base_setting_setting_shop_calendar_e2e_cases.md	e2e/spec/admin/m10/m10_12_admin_base_setting_setting_shop_calendar.spec.ts	e2e/pages/admin/m10/m10_12_admin_base_setting_setting_shop_calendar.page.ts	ec-cube-enterprise/m10-12_admin_base_setting_setting_shop_calendar.md
管理画面	（基本設定）	M10-14	m10_14	店舗一覧	ok	integration_test/m10_14_admin_base_setting_setting_shop_mall_shop_list_it_cases.md	integration_test/e2e/m10_14_admin_base_setting_setting_shop_mall_shop_list_e2e_cases.md	e2e/spec/admin/m10/m10_14_admin_base_setting_setting_shop_mall_shop_list.spec.ts	e2e/pages/admin/m10/m10_14_admin_base_setting_setting_shop_mall_shop_list.page.ts	ec-cube-enterprise/m10-14_admin_base_setting_setting_shop_mall_shop_list.md
管理画面	システム情報設定（設定）	M11-04	m11_04	ログイン履歴	ok	integration_test/m11_04_admin_system_setting_setting_system_login_history_it_cases.md	integration_test/e2e/m11_04_admin_system_setting_setting_system_login_history_e2e_cases.md	e2e/spec/admin/m11/m11_04_admin_system_setting_setting_system_login_history.spec.ts	e2e/pages/admin/m11/m11_04_admin_system_setting_setting_system_login_history.page.ts	ec-cube-enterprise/m11-04_admin_system_setting_setting_system_login_history.md
管理画面	システム情報設定（設定）	M11-05	m11_05	マスタデータ管理	ok	integration_test/m11_05_admin_system_setting_setting_system_masterdata_it_cases.md	integration_test/e2e/m11_05_admin_system_setting_setting_system_masterdata_e2e_cases.md	e2e/spec/admin/m11/m11_05_admin_system_setting_setting_system_masterdata.spec.ts	e2e/pages/admin/m11/m11_05_admin_system_setting_setting_system_masterdata.page.ts	ec-cube-enterprise/m11-05_admin_system_setting_setting_system_masterdata.md
管理画面	システム情報設定（設定）	M11-06	m11_06	システム情報	ok	integration_test/m11_06_admin_system_setting_setting_system_system_info_it_cases.md	integration_test/e2e/m11_06_admin_system_setting_setting_system_system_info_e2e_cases.md	e2e/spec/admin/m11/m11_06_admin_system_setting_setting_system_system_info.spec.ts	e2e/pages/admin/m11/m11_06_admin_system_setting_setting_system_system_info.page.ts	ec-cube-enterprise/m11-06_admin_system_setting_setting_system_system_info.md
