シート	シート名	HTML行範囲	本文行数	画像	要求候補
sheet-1	表紙	979-1002	8	0	7
sheet-2	目次	1003-1033	23	0	22
sheet-3	日別・月別集計 集計一覧(検索項目-日別)	1034-1168	112	1	57
sheet-4	日別・月別集計 集計一覧(検索項目-月別)	1169-1266	81	1	44
sheet-5	日別・月別集計 集計一覧(検索結果-日別)	1267-1400	118	1	50
sheet-6	日別・月別集計 集計一覧(検索結果-月別)	1401-1503	87	1	44
sheet-7	日別・月別集計 CSV出力	1504-1597	79	0	43
sheet-8	受注売上分析 集計一覧(検索項目)	1598-1758	148	2	84
sheet-9	受注売上分析 集計一覧(検索結果-集計単位 商品)	1759-1841	65	1	25
sheet-10	受注売上分析 集計一覧(検索結果-集計単位 カテゴリ )	1842-1922	63	1	24
sheet-11	受注売上分析 CSV出力(商品)	1923-2010	72	0	36
sheet-12	受注売上分析 CSV出力(カテゴリ)	2011-2070	48	0	21
sheet-13	入荷通知依頼 一覧表示(検索項目)	2071-2189	99	1	47
sheet-14	入荷通知依頼 一覧表示(検索結果)	2190-2273	65	1	23
sheet-15	入荷通知依頼 CSV出力	2274-2365	77	0	41
sheet-16	フォーマット売上分析 集計一覧(検索項目)	2366-2460	74	1	35
sheet-17	フォーマット売上分析 集計一覧(検索結果)	2461-2530	49	1	15
sheet-18	フォーマット売上分析 CSV出力	2531-2626	84	0	41
sheet-19	特集タグ編集CSVダウンロード(検索項目)	2627-2719	69	1	26
sheet-20	特集タグ編集CSVダウンロード CSV出力	2720-2810	48	0	22
