メッセージID	画面	要素	トリガー（条件）	種別	どこに	要素(表示)	メッセージ内容	後続処理	根拠(file:line)	解決状態	機能候補(要検証)
EE-SECURITY-MSG-006	管理画面_Security_Type.php	入力フォーム(送信)	要ソース確認	エラー(バリデーション)	入力項目直下/フォーム上部	フォームバリデーション	%ip%はIPv4/ビットマスクの形式ではありません。	要ソース確認	ec-cube-enterprise/src/Eccube/Form/Type/Admin/SecurityType.php:134	key	
EE-SECURITY-MSG-007	管理画面_Security_Type.php	入力フォーム(送信)	要ソース確認	エラー(バリデーション)	入力項目直下/フォーム上部	フォームバリデーション	%ip%はIPv4/ビットマスクの形式ではありません。	要ソース確認	ec-cube-enterprise/src/Eccube/Form/Type/Admin/SecurityType.php:153	key	
EE-SECURITY-MSG-008	管理画面_Security_Type.php	入力フォーム(送信)	要ソース確認	エラー(バリデーション)	入力項目直下/フォーム上部	フォームバリデーション	%ip%はIPv4アドレスではありません。	要ソース確認	ec-cube-enterprise/src/Eccube/Form/Type/Admin/SecurityType.php:172	key	
EE-SECURITY-MSG-009	管理画面_Security_Type.php	入力フォーム(送信)	要ソース確認	エラー(バリデーション)	入力項目直下/フォーム上部	フォームバリデーション	%ip%はIPv4アドレスではありません。	要ソース確認	ec-cube-enterprise/src/Eccube/Form/Type/Admin/SecurityType.php:191	key	
EE-SECURITY-MSG-010	管理画面_Security_Type.php	入力フォーム(送信)	要ソース確認	エラー(バリデーション)	入力項目直下/フォーム上部	フォームバリデーション	httpの場合には設定できません。	要ソース確認	ec-cube-enterprise/src/Eccube/Form/Type/Admin/SecurityType.php:198	key	
EE-SHELFNUMBER-MSG-001	管理画面_Shelf_Number_Type.php	入力フォーム(送信)	要ソース確認	エラー(バリデーション)	入力項目直下	フォームバリデーション	※名称は大文字アルファベットと-(ハイフン)と3桁の数値の形式のみ登録可能です。	要ソース確認	ec-cube-enterprise/src/Eccube/Form/Type/Admin/ShelfNumberType.php:42	literal_ja	m03-21（弱い候補:参照元controller由来・要検証）
EE-SHIPPING-MSG-001	管理画面_Shipping_Type.php	入力フォーム(送信)	要ソース確認	エラー(バリデーション)	入力項目直下/フォーム上部	フォームバリデーション	入力されていません。	要ソース確認	ec-cube-enterprise/src/Eccube/Form/Type/Admin/ShippingType.php:342	key	f04-02,m05-11（弱い候補:参照元controller由来・要検証）
EE-SHIPPING-MSG-002	管理画面_Shipping_Type.php	入力フォーム(送信)	要ソース確認	エラー(バリデーション)	入力項目直下/フォーム上部	フォームバリデーション	入力されていません。	要ソース確認	ec-cube-enterprise/src/Eccube/Form/Type/Admin/ShippingType.php:345	key	f04-02,m05-11（弱い候補:参照元controller由来・要検証）
EE-SHIPPING-MSG-003	管理画面_Shipping_Type.php	入力フォーム(送信)	要ソース確認	エラー(バリデーション)	入力項目直下/フォーム上部	フォームバリデーション	郵便番号(海外)を入力してください。	要ソース確認	ec-cube-enterprise/src/Eccube/Form/Type/Admin/ShippingType.php:350	key	f04-02,m05-11（弱い候補:参照元controller由来・要検証）
EE-SHIPPING-MSG-004	管理画面_Shipping_Type.php	入力フォーム(送信)	要ソース確認	エラー(バリデーション)	入力項目直下/フォーム上部	フォームバリデーション	商品が追加されていません	要ソース確認	ec-cube-enterprise/src/Eccube/Form/Type/Admin/ShippingType.php:374	key	f04-02,m05-11（弱い候補:参照元controller由来・要検証）
