要求ID	判定	重要度	指摘区分	乖離種別	設計根拠_引用	設計期待値	実装参照	実装実態	判定根拠	画像確認メモ	確信度	根本原因
sheet-6-R001	OUT_OF_SCOPE								「処理概要」はレイアウト図の節見出しで、実装対象のふるまいを述べていない。		high	
sheet-6-R002	OUT_OF_SCOPE								「要件説明（要件定義の内容）」は節見出しで、実装対象のふるまいを述べていない。		high	
sheet-6-R003	OUT_OF_SCOPE								「標準の商品規格編集機能をベースに下記の要件を定義する」は以降の要件列挙の前置きで、単独では検証可能なふるまいを述べていない。		high	
sheet-6-R004	MATCHED								在庫編集の登録時にログインメンバーの編集可能店舗かを判定し、対象外なら保存せずエラーメッセージを出す実装がある（src/Eccube/Controller/Admin/Stock/StockApprovalController.php:109）。編集可否の判定は src/Eccube/Controller/Admin/Stock/StockApprovalController.php:109 の isEditableShop で行われる。	sheet-6_img1.png(在庫編集レイアウト全体)/img2.png(フッター 在庫一覧に戻る・登録)/img3.png(廃棄選択時に仕入単価がグレーアウト)を確認	high	
sheet-6-R005	MATCHED								商品に紐づく商品規格の在庫が在庫一覧に1行1在庫で表示され、在庫数と総原価が出力される（src/Eccube/Resource/template/admin/Stock/stock_list_index.twig:607）。在庫編集画面へはその行の商品名リンクから遷移する（src/Eccube/Resource/template/admin/Stock/stock_list_index.twig:587）。		high	
sheet-6-R006	MATCHED								在庫編集画面は商品規格単位の在庫1件（productStockId）を対象に開き（src/Eccube/Controller/Admin/Stock/StockApprovalController.php:57）、その在庫の増減数を入力して登録する（src/Eccube/Resource/template/admin/Stock/approval.twig:600）。		high	
sheet-6-R007	MATCHED								在庫変動理由は必須入力（未入力でエラー）として定義されている（src/Eccube/Form/Type/Admin/StockApprovalType.php:107-116）。画面でも必須バッジが付く（src/Eccube/Resource/template/admin/Stock/approval.twig:583）。	sheet-6_img1.png(在庫編集レイアウト全体)/img2.png(フッター 在庫一覧に戻る・登録)/img3.png(廃棄選択時に仕入単価がグレーアウト)を確認	high	
sheet-6-R008	MATCHED								在庫変動区分を選ぶと当該区分に紐づく定型文が在庫変動理由欄へ自動入力され（src/Eccube/Resource/template/admin/Stock/approval.twig:152-155）、そのままテキストエリアで自由に書き換えられる（src/Eccube/Resource/template/admin/Stock/approval.twig:587）。		high	
sheet-6-R009	OUT_OF_SCOPE								「利用想定として…」は運用想定の記述で、入力可否や表示を定めた要求ではない。在庫変動区分の選択と備考のフリー入力自体は同ブロックの他行（原価入力・必須化）で要求されている。		high	
sheet-6-R010	MATCHED								在庫変動内容に原価の入力項目（仕入単価）が追加されている（src/Eccube/Form/Type/Admin/StockApprovalType.php:128-137、src/Eccube/Resource/template/admin/Stock/approval.twig:610）。	sheet-6_img1.png(在庫編集レイアウト全体)/img2.png(フッター 在庫一覧に戻る・登録)/img3.png(廃棄選択時に仕入単価がグレーアウト)を確認	high	
sheet-6-R011	MATCHED								在庫変動区分の親区分が入庫のとき仕入単価が未入力ならエラーとする（src/Eccube/Form/Type/Admin/StockApprovalType.php:176-180）。		high	
sheet-6-R012	MATCHED								廃棄（在庫が減る）時は仕入単価の入力を受け付けず（src/Eccube/Resource/template/admin/Stock/approval.twig:133-135）、総原価は入力原価ではなく現在の総原価の按分で減算される（src/Eccube/Service/Admin/Stock/StockApprovalStoreAction.php:92、src/Eccube/Entity/ProductStock.php:339-345）。	sheet-6_img1.png(在庫編集レイアウト全体)/img2.png(フッター 在庫一覧に戻る・登録)/img3.png(廃棄選択時に仕入単価がグレーアウト)を確認	high	
sheet-6-R013	MATCHED								在庫変動区分の選択肢に廃棄系が含まれ、廃棄を選んで登録すると在庫が減算される（src/Eccube/Form/Type/Admin/StockApprovalType.php:86-90、src/Eccube/Service/Admin/Stock/StockApprovalStoreAction.php:84-103）。		high	
sheet-6-R014	MATCHED								登録時に承認待ちの在庫編集承認情報と承認一覧行が作られ、承認されるまで在庫増加は確定しない（src/Eccube/Service/Admin/Stock/StockApprovalStoreAction.php:56-64、src/Eccube/Service/Admin/Stock/StockApprovalStoreAction.php:128-143）。		high	
sheet-6-R015	MATCHED								総原価は在庫（商品規格×店舗×在庫区分）ごとに保持され（src/Eccube/Entity/ProductStock.php:288-292）、原価単価は総原価÷在庫数で都度算出される（src/Eccube/Entity/ProductStock.php:352-361）。		high	
sheet-6-R016	UNVERIFIABLE								「一日単位で記録し、呼び出せるようにする」の記録先・呼び出し手段が本シートの機能仕様処理概要にも画面部品一覧にも定義されておらず、在庫編集機能として何が満たされれば充足かを特定できない。在庫変動の都度、変更前後の総原価・原価単価は在庫変動履歴に記録される（src/Eccube/Entity/ProductStock.php:352、src/Eccube/Entity/DtbStockHistory.php:137-182）が、これが日次記録の要求を満たす実装かは静的解析では判定できない。		med	
sheet-6-R017	OUT_OF_SCOPE								要求文が「・」のみで内容が無い空行。		high	
sheet-6-R018	OUT_OF_SCOPE								要求文が「・」のみで内容が無い空行。		high	
sheet-6-R019	OUT_OF_SCOPE								「機能仕様処理概要」は節見出し。		high	
sheet-6-R020	OUT_OF_SCOPE								「1.表示内容」は節見出し。		high	
sheet-6-R021	MATCHED								在庫編集画面は参照中の在庫の商品情報・在庫情報・在庫履歴情報をまとめて表示する（src/Eccube/Controller/Admin/Stock/StockApprovalController.php:270-277、src/Eccube/Resource/template/admin/Stock/approval.twig:434-554、src/Eccube/Resource/template/admin/Stock/approval.twig:645-648）。	sheet-6_img1.png(在庫編集レイアウト全体)/img2.png(フッター 在庫一覧に戻る・登録)/img3.png(廃棄選択時に仕入単価がグレーアウト)を確認	high	
sheet-6-R022	MATCHED								画面に出る在庫数・原価単価・総原価はいずれもEC-CUBE側の在庫（ProductStock）の値をそのまま表示しており（src/Eccube/Resource/template/admin/Stock/approval.twig:534、src/Eccube/Resource/template/admin/Stock/approval.twig:542、src/Eccube/Resource/template/admin/Stock/approval.twig:550）、表示にあたってスマレジ側へ在庫を問い合わせる処理は無い（src/Eccube/Controller/Admin/Stock/StockApprovalController.php:263-278）。	sheet-6_img1.png(在庫編集レイアウト全体)/img2.png(フッター 在庫一覧に戻る・登録)/img3.png(廃棄選択時に仕入単価がグレーアウト)を確認	high	
sheet-6-R023	MATCHED								在庫履歴と承認待ちの入庫情報の双方を同じ表示用の形に整えて1つの配列に結合し、在庫変動履歴一覧として画面へ渡している（src/Eccube/Service/Admin/Stock/StockChangeHistoryListBuilder.php:50-69、src/Eccube/Controller/Admin/Stock/StockApprovalController.php:276）。	sheet-6_img1.png(在庫編集レイアウト全体)/img2.png(フッター 在庫一覧に戻る・登録)/img3.png(廃棄選択時に仕入単価がグレーアウト)を確認	high	
sheet-6-R024	MATCHED								承認待ちとして結合されるのは承認状態が未承認の在庫編集承認に紐づく入庫明細だけで、却下されたものは取得されない（src/Eccube/Repository/DtbStockEditApprovalDetailRepository.php:137-166）。承認済みのものは在庫変動履歴側に現れる（src/Eccube/Service/Admin/Stock/Util/StockEditApprovalLineItemApprover.php:121-144）。		high	
sheet-6-R025	MATCHED								一覧は承認日時があればそれ、無ければ登録日時を並び替えキーとし降順に並べる（src/Eccube/Service/Admin/Stock/StockChangeHistoryListBuilder.php:63-65、src/Eccube/Service/Admin/Stock/StockChangeHistoryListBuilder.php:231-237）。承認日時は登録日時以後にしか設定されない（src/Eccube/Service/Admin/Stock/Util/StockEditApprovalLineItemApprover.php:78-79）ため「登録日時と承認日時のうち後の日時」と一致する。		high	
sheet-6-R026	MATCHED								承認日時が未設定の場合は登録日時が並び替えキーになる（src/Eccube/Service/Admin/Stock/StockChangeHistoryListBuilder.php:231-237、src/Eccube/Repository/DtbStockHistoryRepository.php:356）。		high	
sheet-6-R027	MATCHED								結合後の一覧は基準日時の降順で先頭30件に切り詰めて表示する（src/Eccube/Service/Admin/Stock/StockChangeHistoryListBuilder.php:29、src/Eccube/Service/Admin/Stock/StockChangeHistoryListBuilder.php:63-68）。		high	
sheet-6-R028	OUT_OF_SCOPE								「2.入力制限」は節見出し。		high	
sheet-6-R029	OUT_OF_SCOPE								「2-1.画面部品一覧表にて詳細を記載」は参照指示で、それ自体は検証可能なふるまいを述べていない。個々の入力制限は画面部品一覧の各行で判定する。		high	
sheet-6-R030	MATCHED								在庫変動区分の親区分が廃棄のとき仕入単価は入力不可（無効化）となり、入っていた値は消去される（src/Eccube/Resource/template/admin/Stock/approval.twig:127-139、src/Eccube/Resource/template/admin/Stock/approval.twig:148-160）。	sheet-6_img3.png で廃棄/廃棄を選択した状態の仕入単価欄がグレーアウトしているのを確認	high	
sheet-6-R031	OUT_OF_SCOPE								「2-2.画面イメージ」は画像の見出し。		high	
sheet-6-R032	OUT_OF_SCOPE								「3.登録処理」は節見出し。		high	
sheet-6-R033	MATCHED								登録ボタン押下時にフォームの入力値検証を行い、不正ならエラーメッセージを出して登録しない（src/Eccube/Controller/Admin/Stock/StockApprovalController.php:99-103）。	sheet-6_img1.png(在庫編集レイアウト全体)/img2.png(フッター 在庫一覧に戻る・登録)/img3.png(廃棄選択時に仕入単価がグレーアウト)を確認	high	
sheet-6-R034	MATCHED								必須・範囲・区分別条件（入庫は1以上かつ在庫数との合算が8桁以内、廃棄は-1以下かつ在庫数以内、入庫は仕入単価必須）が入力検証として定義されている（src/Eccube/Form/Type/Admin/StockApprovalType.php:107-216）。		high	
sheet-6-R035	MATCHED								入力検証を通過した場合にだけ在庫編集承認情報と在庫変動履歴の登録処理へ進む（src/Eccube/Controller/Admin/Stock/StockApprovalController.php:99-103、src/Eccube/Service/Admin/Stock/StockApprovalStoreAction.php:56-124）。		high	
sheet-6-R036	MATCHED								在庫編集承認情報を先に登録して確定させ（src/Eccube/Service/Admin/Stock/StockApprovalStoreAction.php:56-66）、その後に明細・在庫変動履歴を登録している（src/Eccube/Service/Admin/Stock/StockApprovalStoreAction.php:68-123）。		high	
sheet-6-R037	MATCHED								在庫編集承認情報の登録で採番されたIDを在庫変動履歴の履歴登録元IDとして登録している（src/Eccube/Service/Admin/Stock/StockApprovalStoreAction.php:119）。		high	
sheet-6-R038	MATCHED								在庫編集承認一覧に表示・承認するための行を登録している（src/Eccube/Service/Admin/Stock/StockApprovalStoreAction.php:128-143）。		high	
sheet-6-R039	MATCHED								承認状態を未承認で登録している（src/Eccube/Service/Admin/Stock/StockApprovalStoreAction.php:135、src/Eccube/Entity/DtbStockApprovalList.php:28）。		high	
sheet-6-R040	MATCHED								承認対象は履歴登録元種別「在庫編集」で登録される（src/Eccube/Service/Admin/Stock/StockApprovalStoreAction.php:45、src/Eccube/Service/Admin/Stock/StockApprovalStoreAction.php:132、app/DoctrineMigrations/Version20260106155157.php:60-62）。		high	
sheet-6-R041	MATCHED								登録対象の在庫の店舗を登録している（src/Eccube/Service/Admin/Stock/StockApprovalStoreAction.php:130）。		high	
sheet-6-R042	MATCHED								登録対象の在庫の在庫区分を登録している（src/Eccube/Service/Admin/Stock/StockApprovalStoreAction.php:131）。		high	
sheet-6-R043	MATCHED								対象商品規格数を1で登録している（src/Eccube/Service/Admin/Stock/StockApprovalStoreAction.php:140）。		high	
sheet-6-R044	MATCHED								合計在庫増減数に入力された在庫増減数を登録している（src/Eccube/Service/Admin/Stock/StockApprovalStoreAction.php:141）。		high	
sheet-6-R045	MATCHED								合計総原価増減数に総原価増減数（入庫は仕入単価×増減数、廃棄は総原価の按分額）を登録している（src/Eccube/Service/Admin/Stock/StockApprovalStoreAction.php:80-82、src/Eccube/Service/Admin/Stock/StockApprovalStoreAction.php:142）。		high	
sheet-6-R046	MATCHED								在庫変動区分を登録している（src/Eccube/Service/Admin/Stock/StockApprovalStoreAction.php:134）。		high	
sheet-6-R047	MATCHED								在庫変動理由を登録しており（src/Eccube/Service/Admin/Stock/StockApprovalStoreAction.php:72、src/Eccube/Service/EntityManager/StockEditApprovalDetailEntityManager.php:45）、承認一覧の確認モーダルで在庫変動理由として表示される（src/Eccube/Service/Admin/Stock/StockEditLineItemRowBuilder.php:101）。		high	
sheet-6-R048	MATCHED								登録日を登録している（src/Eccube/Service/Admin/Stock/StockApprovalStoreAction.php:50、src/Eccube/Service/Admin/Stock/StockApprovalStoreAction.php:136）。		high	
sheet-6-R049	MATCHED								登録者を登録している（src/Eccube/Service/Admin/Stock/StockApprovalStoreAction.php:137）。		high	
sheet-6-R050	MATCHED								承認日を空で登録している（src/Eccube/Service/Admin/Stock/StockApprovalStoreAction.php:138）。		high	
sheet-6-R051	MATCHED								承認者を未設定で登録し（src/Eccube/Service/Admin/Stock/StockApprovalStoreAction.php:139）、在庫編集承認一覧では承認者未登録の行に「承認待ち」を表示する（src/Eccube/Resource/template/admin/Stock/approval_list.twig:533）。		high	
sheet-6-R052	MATCHED								変更前後の原価単価・総原価は登録時に保存されず、承認一覧の明細表示時に在庫数・仕入単価から計算して表示される（src/Eccube/Service/Admin/Stock/StockEditLineItemRowBuilder.php:49-59、src/Eccube/Service/Admin/Stock/StockEditLineItemRowBuilder.php:104-110）。		high	
sheet-6-R053	MATCHED								廃棄の場合は登録時点で在庫数と総原価を減算して在庫を確定させる（在庫ロック）処理が走る（src/Eccube/Service/Admin/Stock/StockApprovalStoreAction.php:84-103）。		high	
sheet-6-R054	MATCHED								在庫増減数分を減算した在庫数を計算して在庫に登録している（src/Eccube/Service/Admin/Stock/StockApprovalStoreAction.php:91、src/Eccube/Service/Admin/Stock/StockApprovalStoreAction.php:95-103）。		high	
sheet-6-R055	MATCHED								変更後在庫数は「登録時点での在庫数＋在庫増減数（マイナス値）」で算出される（src/Eccube/Entity/ProductStock.php:328-333）。		high	
sheet-6-R056	MATCHED								減算後の総原価を計算して在庫に登録している（src/Eccube/Service/Admin/Stock/StockApprovalStoreAction.php:92、src/Eccube/Service/Admin/Stock/StockApprovalStoreAction.php:102）。		high	
sheet-6-R057	MATCHED								出庫時の総原価は「総原価×(在庫増減数÷在庫数)」を四捨五入した移動分を現在の総原価に加算（増減数が負なので減算）して求めており（src/Eccube/Entity/ProductStock.php:308-323、src/Eccube/Entity/ProductStock.php:339-345）、別添資料の【出庫時】の計算式と一致する。		high	
sheet-6-R058	MATCHED								入庫の場合は入庫承認待ちの在庫編集承認明細に、廃棄の場合はそれに加えて在庫変動履歴に登録している（src/Eccube/Service/Admin/Stock/StockApprovalStoreAction.php:68-78、src/Eccube/Service/Admin/Stock/StockApprovalStoreAction.php:84-123）。		high	
sheet-6-R059	MATCHED								登録対象の在庫が紐づけられ（src/Eccube/Service/EntityManager/StockEditApprovalDetailEntityManager.php:43、src/Eccube/Service/EntityManager/StockHistoryEntityManager.php:57）、商品コードが承認一覧の明細表示に出力される（src/Eccube/Service/Admin/Stock/StockEditLineItemRowBuilder.php:98）。		high	
sheet-6-R060	MATCHED								登録対象の在庫の商品名が承認一覧の明細表示に出力される（src/Eccube/Service/Admin/Stock/StockEditLineItemRowBuilder.php:97、src/Eccube/Service/EntityManager/StockEditApprovalDetailEntityManager.php:43）。		high	
sheet-6-R061	MATCHED								登録対象の在庫の言語が承認一覧の明細表示に出力される（src/Eccube/Service/Admin/Stock/StockEditLineItemRowBuilder.php:99）。		high	
sheet-6-R062	MATCHED								登録対象の在庫の状態（カードコンディション）が承認一覧の明細表示に出力される（src/Eccube/Service/Admin/Stock/StockEditLineItemRowBuilder.php:100）。		high	
sheet-6-R063	MATCHED								登録対象の在庫の店舗が承認一覧の明細表示に出力される（src/Eccube/Service/Admin/Stock/StockEditLineItemRowBuilder.php:102、src/Eccube/Service/EntityManager/StockHistoryEntityManager.php:106）。		high	
sheet-6-R064	MATCHED								登録対象の在庫の在庫区分が承認一覧の明細表示に出力される（src/Eccube/Service/Admin/Stock/StockEditLineItemRowBuilder.php:103）。		high	
sheet-6-R065	MATCHED								在庫変動区分を在庫編集承認情報に登録し（src/Eccube/Service/EntityManager/StockEditApprovalEntityManager.php:41、src/Eccube/Service/Admin/Stock/StockApprovalStoreAction.php:58）、在庫変動履歴にも登録している（src/Eccube/Service/Admin/Stock/StockApprovalStoreAction.php:107）。		high	
sheet-6-R066	MATCHED								在庫変動理由を登録している（src/Eccube/Service/EntityManager/StockEditApprovalDetailEntityManager.php:45、src/Eccube/Service/Admin/Stock/StockApprovalStoreAction.php:116）。		high	
sheet-6-R067	MATCHED								在庫増減数を登録している（src/Eccube/Service/EntityManager/StockEditApprovalDetailEntityManager.php:44、src/Eccube/Service/Admin/Stock/StockApprovalStoreAction.php:110）。		high	
sheet-6-R068	MATCHED								仕入単価を登録している（src/Eccube/Service/EntityManager/StockEditApprovalDetailEntityManager.php:46、src/Eccube/Service/Admin/Stock/StockApprovalStoreAction.php:73）。廃棄時は入力不可のため0で登録される（src/Eccube/Service/Admin/Stock/StockApprovalStoreAction.php:54）。		high	
sheet-6-R069	MATCHED								総原価増減数は承認一覧に登録され（src/Eccube/Service/Admin/Stock/StockApprovalStoreAction.php:80-82、src/Eccube/Service/Admin/Stock/StockApprovalStoreAction.php:142）、承認一覧・確認モーダルで総原価増減数として表示される（src/Eccube/Service/Admin/Stock/StockEditLineItemRowBuilder.php:57-59、src/Eccube/Service/Admin/Stock/StockEditLineItemRowBuilder.php:108）。		high	
sheet-6-R070	MATCHED								入庫は仕入単価×在庫増減数、廃棄は総原価×(在庫増減数÷在庫数)の四捨五入で総原価増減数を算出しており（src/Eccube/Service/Admin/Stock/StockApprovalStoreAction.php:80-82、src/Eccube/Entity/ProductStock.php:308-323）、識別ID3-5の計算式と一致する。	sheet-6_img1.png で総原価増減数が参照表示（入力欄でない）であることを確認	high	
sheet-6-R071	MATCHED								登録日を登録している（src/Eccube/Service/Admin/Stock/StockApprovalStoreAction.php:50、src/Eccube/Service/EntityManager/StockEditApprovalEntityManager.php:43、src/Eccube/Service/Admin/Stock/StockApprovalStoreAction.php:120）。		high	
sheet-6-R072	MATCHED								登録者を登録している（src/Eccube/Service/EntityManager/StockEditApprovalDetailEntityManager.php:48、src/Eccube/Service/Admin/Stock/StockApprovalStoreAction.php:121-122）。		high	
sheet-6-R073	MATCHED								登録時に更新日が登録日と同一の登録時刻で設定される（src/Eccube/Doctrine/EventSubscriber/SaveEventSubscriber.php:41-46）。		high	
sheet-6-R074	NOT_IMPLEMENTED	P3	未実装	IO	・登録日と同じ値を更新日に登録 ・登録者と同じ値を更新者に登録	在庫編集で廃棄を登録した直後、その在庫変動履歴の更新者には登録者と同じメンバーが入っており、在庫履歴検索一覧の最終更新者欄に登録者名が表示される。	src/Eccube/Service/Admin/Stock/StockApprovalStoreAction.php:105-123	廃棄登録で作成する在庫変動履歴には登録者と操作者名だけを設定し、更新者を設定していない（src/Eccube/Service/Admin/Stock/StockApprovalStoreAction.php:105-123、src/Eccube/Service/EntityManager/StockHistoryEntityManager.php:124-126 は更新者が渡された場合のみ設定する）。承認されるまで更新者は空のままで、在庫履歴検索一覧の最終更新者欄（src/Eccube/Resource/template/admin/Stock/history.twig:807）は空欄で表示される。承認時に初めて承認者が更新者として設定される（src/Eccube/Service/Admin/Stock/Util/StockEditApprovalLineItemApprover.php:80）。	StockApprovalStoreAction が StockHistoryEntityManager::save を呼ぶ際に UpdateMember を渡していない（src/Eccube/Service/Admin/Stock/StockApprovalStoreAction.php:105-123）。更新者は在庫履歴検索一覧の最終更新者として画面に出る項目であり（src/Eccube/Resource/template/admin/Stock/history.twig:807、0202 sheet-23 識別ID2-27）、内部項目ではない。入庫側は承認時に履歴が作られ更新者が設定される（src/Eccube/Service/Admin/Stock/Util/StockEditApprovalLineItemApprover.php:143）ため、影響は廃棄登録から承認までの間の在庫変動履歴に限られる。	sheet-6_img1.png の在庫変動履歴一覧には更新者列が無いため、影響が出るのは在庫履歴検索一覧側であることを確認	high	StockApprovalStoreAction-no-update-member
sheet-6-R075	MATCHED								在庫編集承認IDを在庫変動履歴の履歴登録元IDとして登録している（src/Eccube/Service/Admin/Stock/StockApprovalStoreAction.php:119、src/Eccube/Service/EntityManager/StockEditApprovalDetailEntityManager.php:42）。		high	
sheet-6-R076	MATCHED								承認状態は在庫編集承認情報に未承認で登録され（src/Eccube/Service/Admin/Stock/StockApprovalStoreAction.php:59）、承認一覧行も未承認で登録される（src/Eccube/Service/Admin/Stock/StockApprovalStoreAction.php:135）。在庫変動履歴側は承認者未登録として「承認待ち」表示になる（src/Eccube/Service/Admin/Stock/StockChangeHistoryListBuilder.php:214-225）。		high	
sheet-6-R077	MATCHED								承認処理では在庫編集承認IDを条件に対象の在庫変動履歴を特定して更新している（src/Eccube/Service/Admin/Stock/Util/StockEditApprovalLineItemApprover.php:69-80）。		high	
sheet-6-R078	MATCHED								廃棄の場合、在庫ロックした結果を在庫変動履歴の変更前後の値として登録している（src/Eccube/Service/Admin/Stock/StockApprovalStoreAction.php:84-123）。		high	
sheet-6-R079	MATCHED								変更前情報として更新前の在庫数と総原価を取得し登録している（src/Eccube/Service/Admin/Stock/StockApprovalStoreAction.php:87-88、src/Eccube/Service/Admin/Stock/StockApprovalStoreAction.php:108、src/Eccube/Service/Admin/Stock/StockApprovalStoreAction.php:114）。		high	
sheet-6-R080	MATCHED								更新前の在庫数を変更前在庫数として登録している（src/Eccube/Service/Admin/Stock/StockApprovalStoreAction.php:87、src/Eccube/Service/Admin/Stock/StockApprovalStoreAction.php:108）。		high	
sheet-6-R081	MATCHED								更新前の総原価を変更前総原価として登録している（src/Eccube/Service/Admin/Stock/StockApprovalStoreAction.php:88、src/Eccube/Service/Admin/Stock/StockApprovalStoreAction.php:114）。		high	
sheet-6-R082	MATCHED								変更後情報として減算後の在庫数と総原価を登録している（src/Eccube/Service/Admin/Stock/StockApprovalStoreAction.php:91-92、src/Eccube/Service/Admin/Stock/StockApprovalStoreAction.php:109、src/Eccube/Service/Admin/Stock/StockApprovalStoreAction.php:115）。		high	
sheet-6-R083	MATCHED								減算後の在庫数を変更後在庫数として登録している（src/Eccube/Service/Admin/Stock/StockApprovalStoreAction.php:91、src/Eccube/Service/Admin/Stock/StockApprovalStoreAction.php:109）。		high	
sheet-6-R084	MATCHED								減算後の総原価を変更後総原価として登録している（src/Eccube/Service/Admin/Stock/StockApprovalStoreAction.php:92、src/Eccube/Service/Admin/Stock/StockApprovalStoreAction.php:115）。		high	
sheet-6-R085	DESIGN_ISSUE	P3			3-10.承認通知先にて指定したメンバーを通知送付者として在庫編集承認一覧に表示されるようにする	在庫編集で指定した承認通知先メンバーが、在庫編集承認一覧の該当行に通知送付者として表示される。	src/Eccube/Resource/template/admin/Stock/approval_list.twig:489-502	承認通知先で選んだメンバーは通知メールの宛先にのみ使われ保存されない（src/Eccube/Controller/Admin/Stock/StockApprovalController.php:132-143）。在庫編集承認一覧の列は承認状態・承認対象・店舗/在庫区分・対象商品規格数・合計在庫増減数・合計総原価増減数・在庫変動区分・登録日・登録者・承認日・承認者のみで、通知送付者の列は無い（src/Eccube/Resource/template/admin/Stock/approval_list.twig:489-502）。	正本内部で記述が食い違う。表示先である「在庫編集承認一覧(検索結果)」シート(sheet-45)の画面部品一覧は識別ID2-1〜2-12を定義しているが通知送付者に相当する項目が無く（2-10登録者・2-12承認者のみ）、レイアウト図にも該当列が無い。在庫編集シート3-10の要求と承認一覧シートの項目定義のどちらを正とするか設計裁定が必要なため、実装側の可否判定を保留する。	sheet-6_img1.png の在庫編集画面には承認通知先（所属選択・メンバー選択）があるのみで、通知送付者の表示は本シートの図には無い	med	approval_list.twig-no-notification-sender-column
sheet-6-R086	MATCHED								承認通知先で指定したメンバー全員のメールアドレス宛に、メールテンプレートを用いて承認通知メールを送っている（src/Eccube/Controller/Admin/Stock/StockApprovalController.php:132-143、src/Eccube/Service/MailService.php:1921-1950）。		high	
sheet-6-R087	OUT_OF_SCOPE								「在庫商品情報」は画面部品一覧の区分行（グループ見出し）で、個々の表示仕様は同ブロックの識別ID1-1〜1-8で定義されている。		high	
sheet-6-R088	MATCHED								商品規格の代表画像（並び順の先頭）を表示し、無い場合は代替表示を出す（src/Eccube/Resource/template/admin/Stock/approval.twig:437-443、src/Eccube/Entity/ProductClass.php:1113-1118、src/Eccube/Entity/ProductClass.php:316-317）。	sheet-6_img1.png 左上のカード画像枠に対応	high	
sheet-6-R089	MATCHED								参照している在庫の商品IDを表示している（src/Eccube/Resource/template/admin/Stock/approval.twig:449-453）。	sheet-6_img1.png の商品ID=9999 に対応	high	
sheet-6-R090	MATCHED								参照している在庫の商品名を表示している（src/Eccube/Resource/template/admin/Stock/approval.twig:457-461）。	sheet-6_img1.png の商品名=テスト商品 に対応	high	
sheet-6-R091	MATCHED								参照している在庫の商品規格IDを表示している（src/Eccube/Resource/template/admin/Stock/approval.twig:465-469）。	sheet-6_img1.png の商品規格ID=999999 に対応	high	
sheet-6-R092	MATCHED								参照している在庫の商品コードを表示している（src/Eccube/Resource/template/admin/Stock/approval.twig:473-477）。	sheet-6_img1.png の商品コード に対応	high	
sheet-6-R093	MATCHED								参照している在庫の言語を表示している（src/Eccube/Resource/template/admin/Stock/approval.twig:481-485、src/Eccube/Entity/ProductClass.php:1120-1125）。	sheet-6_img1.png の言語=日本語 に対応	high	
sheet-6-R094	MATCHED								参照している在庫の状態（カードコンディション）を表示している（src/Eccube/Resource/template/admin/Stock/approval.twig:489-493）。	sheet-6_img1.png の状態=NM に対応	high	
sheet-6-R095	MATCHED								Foilは通常なら「通常」、特殊なら「特殊」、無しなら「-」を表示する（src/Eccube/Resource/template/admin/Stock/approval.twig:497-501、src/Eccube/Entity/Product.php:1304-1317）。	sheet-6_img1.png の Foil=- に対応	high	
