要求ID	シート	シート名	区分	シート内行	HTML行	要求文
sheet-1-R001	sheet-1	表紙	本文	2	965	晴れる屋様
sheet-1-R002	sheet-1	表紙	本文	3	966	カード管理API機能
sheet-1-R003	sheet-1	表紙	本文	4	967	基本設計仕様書
sheet-1-R004	sheet-1	表紙	本文	5	968	"Ver	改訂内容	改訂者	改訂日"
sheet-1-R005	sheet-1	表紙	本文	6	969	"0.1	新規作成	加島	2025-09-12"
sheet-1-R006	sheet-1	表紙	本文	7	970	"0.2	レビュー指摘箇所の修正	加島	2025-09-18"
sheet-2-R001	sheet-2	目次	本文	2	988	目次
sheet-2-R002	sheet-2	目次	本文	3	989	API設計
sheet-2-R003	sheet-2	目次	本文	4	990	A14-01 カードIDからカード情報を取得
sheet-2-R004	sheet-2	目次	本文	5	991	A14-02 カード詳細IDからカード詳細情報を取得
sheet-2-R005	sheet-2	目次	本文	6	992	A14-03 検索クエリに一致するカード情報1件を取得
sheet-3-R001	sheet-3	カードIDからカード情報を取得	処理概要	23	1023	GET　POST　PUT　DELETE　PATCH　OPTIONS　HEAD　有　無　〇
sheet-3-R002	sheet-3	カードIDからカード情報を取得	処理概要	24	1024	エンドポイントURL
sheet-3-R003	sheet-3	カードIDからカード情報を取得	処理概要	25	1025	/cards/{id}
sheet-3-R004	sheet-3	カードIDからカード情報を取得	処理概要	26	1026	プロトコル　HTTP　メソッド　GET　認証の有無　無　認証方式　無　リクエスト書式　クエリ　レスポンス書式　JSON
sheet-3-R005	sheet-3	カードIDからカード情報を取得	機能仕様	29	1029	・MTGマスターデータの各テーブルで使用する「rank」列を「sort_no」に名称変更し、レスポンスデータ内の該当列も同様に変更する
sheet-3-R006	sheet-3	カードIDからカード情報を取得	機能仕様	30	1030	・カード情報「固有色」が追加されるため、レスポンスデータ内に「color_identities」を追加する
sheet-3-R007	sheet-3	カードIDからカード情報を取得	機能仕様	31	1031	・カード詳細情報「Foil」の設定値が増えるため、レスポンスデータ内の「foil_flg」を「foil」に変更する
sheet-3-R008	sheet-3	カードIDからカード情報を取得	機能仕様	32	1032	・カード詳細情報「フレーム」が追加されるため、レスポンスデータ内に「frame」を追加する
sheet-3-R009	sheet-3	カードIDからカード情報を取得	機能仕様	33	1033	・カード詳細情報「プロモフラグ」は「プロモ種別」に包含されるため、レスポンスデータ内の「promotion_flg」を除去する
sheet-3-R010	sheet-3	カードIDからカード情報を取得	機能仕様	34	1034	・カスタマイズ要件に記載の内容以外は現行踏襲とする
sheet-3-R011	sheet-3	カードIDからカード情報を取得	機能仕様	36	1036	・指定されたカードIDでカード情報を返す
sheet-3-R012	sheet-3	カードIDからカード情報を取得	機能仕様	37	1037	★カード情報「固有色」が追加されるため、レスポンスデータ内に以下1~4を追加する
sheet-3-R013	sheet-3	カードIDからカード情報を取得	機能仕様	38	1038	1.0　color_identities
sheet-3-R014	sheet-3	カードIDからカード情報を取得	機能仕様	39	1039	2.0　color_identities.id
sheet-3-R015	sheet-3	カードIDからカード情報を取得	機能仕様	40	1040	3.0　color_identities.name_jp
sheet-3-R016	sheet-3	カードIDからカード情報を取得	機能仕様	41	1041	4.0　color_identities.name_en
sheet-3-R017	sheet-3	カードIDからカード情報を取得	機能仕様	42	1042	★以下のように、カード情報「Foil」の設定値に新しく 「2: 特殊」 が追加されるため、レスポンスデータの 「card_details.foil_flg」 を「card_details.foil」へ変更
sheet-3-R018	sheet-3	カードIDからカード情報を取得	機能仕様	43	1043	現行　リニューアル後
sheet-3-R019	sheet-3	カードIDからカード情報を取得	機能仕様	44	1044	0: なし　0: なし
sheet-3-R020	sheet-3	カードIDからカード情報を取得	機能仕様	45	1045	1: あり　1: あり
sheet-3-R021	sheet-3	カードIDからカード情報を取得	機能仕様	46	1046	2: 特殊
sheet-3-R022	sheet-3	カードIDからカード情報を取得	機能仕様	47	1047	★カード詳細情報「フレーム」が追加されるため、レスポンスデータ内に「card_details.frame」を追加する
sheet-3-R023	sheet-3	カードIDからカード情報を取得	機能仕様	48	1048	★レスポンスデータの「プロモフラグ」を除去する
sheet-3-R024	sheet-3	カードIDからカード情報を取得	機能仕様	49	1049	※別紙「0208_基本設計仕様書(カード管理)」のシート「カード詳細（登録・編集・削除）」の設計によって、
sheet-3-R025	sheet-3	カードIDからカード情報を取得	機能仕様	50	1050	「プロモフラグ」は「プロモ種別」に包含されるため
sheet-3-R026	sheet-3	カードIDからカード情報を取得	機能仕様	51	1051	★MTGマスターデータの各テーブルで使用されている「rank」列は「sort_no」に変更されるため、レスポンスデータの「color_sequence.rank」は「color_sequence.sort_no」に変更する
sheet-3-R027	sheet-3	カードIDからカード情報を取得	機能仕様	52	1052	※MTGマスターデータの要件については、別紙「0213_基本設計仕様書(データ管理)」のシート「MTGマスターデータ」を参照
sheet-3-R028	sheet-3	カードIDからカード情報を取得	機能仕様	53	1053	リクエストパラメータ
sheet-3-R029	sheet-3	カードIDからカード情報を取得	機能仕様	54	1054	"項目名	型	必須	最大文字数"
sheet-3-R030	sheet-3	カードIDからカード情報を取得	機能仕様	55	1055	"または最大値	入力例	備考"
sheet-3-R031	sheet-3	カードIDからカード情報を取得	機能仕様	56	1056	"id	数値(整数)	〇	-	300.0	カードID"
sheet-3-R032	sheet-3	カードIDからカード情報を取得	機能仕様	57	1057	リクエストパラメータサンプル
sheet-3-R033	sheet-3	カードIDからカード情報を取得	機能仕様	58	1058	/cards/300
sheet-3-R034	sheet-3	カードIDからカード情報を取得	機能仕様	59	1059	ステータスコード
sheet-3-R035	sheet-3	カードIDからカード情報を取得	機能仕様	60	1060	コード　説明
sheet-3-R036	sheet-3	カードIDからカード情報を取得	機能仕様	61	1061	200.0　正常終了
sheet-3-R037	sheet-3	カードIDからカード情報を取得	機能仕様	62	1062	404.0　リクエストパラメータ「id」が未指定の場合
sheet-3-R038	sheet-3	カードIDからカード情報を取得	機能仕様	63	1063	リクエストパラメータで指定された「id」に対応するカード情報が存在しない場合
sheet-3-R039	sheet-3	カードIDからカード情報を取得	機能仕様	64	1064	レスポンスデータ
sheet-3-R040	sheet-3	カードIDからカード情報を取得	機能仕様	65	1065	"名前	型	説明"
sheet-3-R041	sheet-3	カードIDからカード情報を取得	機能仕様	66	1066	"id	数値(整数)	カードID"
sheet-3-R042	sheet-3	カードIDからカード情報を取得	機能仕様	67	1067	"name_jp	文字型	カード名(日)"
sheet-3-R043	sheet-3	カードIDからカード情報を取得	機能仕様	68	1068	"name_en	文字型	カード名(英)"
sheet-3-R044	sheet-3	カードIDからカード情報を取得	機能仕様	69	1069	"arena_format_name_jp	文字型	アリーナフォーマットカード名(日)"
sheet-3-R045	sheet-3	カードIDからカード情報を取得	機能仕様	70	1070	"arena_format_name_en	文字型	アリーナフォーマットカード名(英)"
sheet-3-R046	sheet-3	カードIDからカード情報を取得	機能仕様	71	1071	"text_jp	文字型	カードテキスト(日)"
sheet-3-R047	sheet-3	カードIDからカード情報を取得	機能仕様	72	1072	"text_en	文字型	カードテキスト(英)"
sheet-3-R048	sheet-3	カードIDからカード情報を取得	機能仕様	73	1073	"mana_cost	文字型	マナコスト"
sheet-3-R049	sheet-3	カードIDからカード情報を取得	機能仕様	74	1074	"cmc	数値(整数)	点数で見たマナコスト"
sheet-3-R050	sheet-3	カードIDからカード情報を取得	機能仕様	75	1075	"power	文字型	パワー"
sheet-3-R051	sheet-3	カードIDからカード情報を取得	機能仕様	76	1076	"toughness	文字型	タフネス"
sheet-3-R052	sheet-3	カードIDからカード情報を取得	機能仕様	77	1077	"loyalty	文字型	忠誠度"
sheet-3-R053	sheet-3	カードIDからカード情報を取得	機能仕様	78	1078	"old_en_product_id	文字型	旧商品ID(日)"
sheet-3-R054	sheet-3	カードIDからカード情報を取得	機能仕様	79	1079	"old_en_product_id	文字型	旧商品ID(英)"
sheet-3-R055	sheet-3	カードIDからカード情報を取得	機能仕様	80	1080	"update_date	日時（YYYY/MM/DD HH:MM）	更新日時"
sheet-3-R056	sheet-3	カードIDからカード情報を取得	機能仕様	81	1081	"create_date	日時（YYYY/MM/DD HH:MM）	作成日時"
sheet-3-R057	sheet-3	カードIDからカード情報を取得	機能仕様	82	1082	"cardtypes	オブジェクト	カードタイプ"
sheet-3-R058	sheet-3	カードIDからカード情報を取得	機能仕様	83	1083	"cardtypes.id	数値(整数)	カードタイプ>カードタイプID"
sheet-3-R059	sheet-3	カードIDからカード情報を取得	機能仕様	84	1084	"cardtypes.name_jp	文字型	カードタイプ>カードタイプ名(日)"
sheet-3-R060	sheet-3	カードIDからカード情報を取得	機能仕様	85	1085	"cardtypes.name_en	文字型	カードタイプ>カードタイプ名(英)"
sheet-3-R061	sheet-3	カードIDからカード情報を取得	機能仕様	86	1086	"cardtypes.product_search_flg	数値(整数)	フロント＞詳細検索画面で「カードタイプ」の項目に表示/非表示するためのフラグ"
sheet-3-R062	sheet-3	カードIDからカード情報を取得	機能仕様	87	1087	"subtypes	オブジェクト	サブタイプ"
sheet-3-R063	sheet-3	カードIDからカード情報を取得	機能仕様	88	1088	"subtypes.id	数値(整数)	サブタイプ>サブタイプID"
sheet-3-R064	sheet-3	カードIDからカード情報を取得	機能仕様	89	1089	"subtypes.name_jp	文字型	サブタイプ>サブタイプ名(日)"
sheet-3-R065	sheet-3	カードIDからカード情報を取得	機能仕様	90	1090	"subtypes.name_en	文字型	サブタイプ>サブタイプ名(英)"
sheet-3-R066	sheet-3	カードIDからカード情報を取得	機能仕様	91	1091	"specialtypes	オブジェクト	特殊タイプ"
sheet-3-R067	sheet-3	カードIDからカード情報を取得	機能仕様	92	1092	"specialtypes.id	数値(整数)	特殊タイプ>特殊タイプID"
sheet-3-R068	sheet-3	カードIDからカード情報を取得	機能仕様	93	1093	"specialtypes.name_jp	文字型	特殊タイプ>特殊タイプ名(日)"
sheet-3-R069	sheet-3	カードIDからカード情報を取得	機能仕様	94	1094	"specialtypes.name_en	文字型	特殊タイプ>特殊タイプ名(英)"
sheet-3-R070	sheet-3	カードIDからカード情報を取得	機能仕様	95	1095	"colors	オブジェクト	カラー"
sheet-3-R071	sheet-3	カードIDからカード情報を取得	機能仕様	96	1096	"colors.id	数値(整数)	カラー>カラーID"
sheet-3-R072	sheet-3	カードIDからカード情報を取得	機能仕様	97	1097	"colors.name_jp	文字型	カラー>カラー名(日)"
sheet-3-R073	sheet-3	カードIDからカード情報を取得	機能仕様	98	1098	"colors.name_en	文字型	カラー>カラー名(英)"
sheet-3-R074	sheet-3	カードIDからカード情報を取得	機能仕様	99	1099	"color_identities	オブジェクト	※カスタマイズ対応、新規追加"
sheet-3-R075	sheet-3	カードIDからカード情報を取得	機能仕様	100	1100	固有色
sheet-3-R076	sheet-3	カードIDからカード情報を取得	機能仕様	101	1101	"color_identities.id	数値(整数)	※カスタマイズ対応、新規追加"
sheet-3-R077	sheet-3	カードIDからカード情報を取得	機能仕様	102	1102	固有色>固有色ID
sheet-3-R078	sheet-3	カードIDからカード情報を取得	機能仕様	103	1103	"color_identities.name_jp	文字型	※カスタマイズ対応、新規追加"
sheet-3-R079	sheet-3	カードIDからカード情報を取得	機能仕様	104	1104	固有色>固有色名(日)
sheet-3-R080	sheet-3	カードIDからカード情報を取得	機能仕様	105	1105	"color_identities.name_en	文字型	※カスタマイズ対応、新規追加"
sheet-3-R081	sheet-3	カードIDからカード情報を取得	機能仕様	106	1106	固有色>固有色名(英)
sheet-3-R082	sheet-3	カードIDからカード情報を取得	機能仕様	107	1107	"card_details	オブジェクト	カード詳細"
sheet-3-R083	sheet-3	カードIDからカード情報を取得	機能仕様	108	1108	"card_details.id	数値(整数)	カード詳細>カード詳細ID"
sheet-3-R084	sheet-3	カードIDからカード情報を取得	機能仕様	109	1109	"card_details.card_id	数値(整数)	カード詳細>カードID"
sheet-3-R085	sheet-3	カードIDからカード情報を取得	機能仕様	110	1110	"card_details.back_card_detail_id	数値(整数)	カード詳細>裏面カードID"
sheet-3-R086	sheet-3	カードIDからカード情報を取得	機能仕様	111	1111	"card_details.cardset_id	数値(整数)	カード詳細>カードセットID"
sheet-3-R087	sheet-3	カードIDからカード情報を取得	機能仕様	112	1112	"card_details.rarity_id	数値(整数)	カード詳細>レアリティID"
sheet-3-R088	sheet-3	カードIDからカード情報を取得	機能仕様	113	1113	"card_details.illustrator_id	数値(整数)	カード詳細>イラストレーターID"
sheet-3-R089	sheet-3	カードIDからカード情報を取得	機能仕様	114	1114	"card_details.flavor_jp	文字型	カード詳細＞フレーバーテキスト（日本語）"
sheet-3-R090	sheet-3	カードIDからカード情報を取得	機能仕様	115	1115	"card_details.flavor_en	文字型	カード詳細＞フレーバーテキスト（英語）"
sheet-3-R091	sheet-3	カードIDからカード情報を取得	機能仕様	116	1116	"card_details.text_jp	文字型	カード詳細＞効果テキスト（日本語）"
sheet-3-R092	sheet-3	カードIDからカード情報を取得	機能仕様	117	1117	"card_details.text_en	文字型	カード詳細＞効果テキスト（英語）"
sheet-3-R093	sheet-3	カードIDからカード情報を取得	機能仕様	118	1118	"card_details.power	数値(整数)	カード詳細＞パワー"
sheet-3-R094	sheet-3	カードIDからカード情報を取得	機能仕様	119	1119	"card_details.toughness	数値(整数)	カード詳細＞タフネス"
sheet-3-R095	sheet-3	カードIDからカード情報を取得	機能仕様	120	1120	"card_details.card_no	文字型	カード詳細＞カード番号"
sheet-3-R096	sheet-3	カードIDからカード情報を取得	機能仕様	121	1121	"card_details.foil_flg	数値(整数)	※カスタマイズ対応、カード情報「Foil」の選択肢が増えるため、レスポンスデータ内の「foil_flg」を「foil」に変更"
sheet-3-R097	sheet-3	カードIDからカード情報を取得	機能仕様	122	1122	Foilフラグ
sheet-3-R098	sheet-3	カードIDからカード情報を取得	機能仕様	123	1123	設定値の意味は以下のとおり
sheet-3-R099	sheet-3	カードIDからカード情報を取得	機能仕様	124	1124	0: なし
sheet-3-R100	sheet-3	カードIDからカード情報を取得	機能仕様	125	1125	1: あり
sheet-3-R101	sheet-3	カードIDからカード情報を取得	機能仕様	126	1126	"card_details.foil	数値(整数)	※カスタマイズ対応、カード情報「Foil」の選択肢が増えるため、レスポンスデータ内の「foil_flg」を「foil」に変更"
sheet-3-R102	sheet-3	カードIDからカード情報を取得	機能仕様	127	1127	Foil
sheet-3-R103	sheet-3	カードIDからカード情報を取得	機能仕様	128	1128	設定値の意味は以下のとおり
sheet-3-R104	sheet-3	カードIDからカード情報を取得	機能仕様	129	1129	0: なし
sheet-3-R105	sheet-3	カードIDからカード情報を取得	機能仕様	130	1130	1: あり
sheet-3-R106	sheet-3	カードIDからカード情報を取得	機能仕様	131	1131	2: 特需
sheet-3-R107	sheet-3	カードIDからカード情報を取得	機能仕様	132	1132	"card_details.frame	文字型	※カスタマイズ対応、新規追加"
sheet-3-R108	sheet-3	カードIDからカード情報を取得	機能仕様	133	1133	フレーム
sheet-3-R109	sheet-3	カードIDからカード情報を取得	機能仕様	134	1134	"card_details.promotion_flg	数値(整数)	※カスタマイズ対応、項目を除去"
sheet-3-R110	sheet-3	カードIDからカード情報を取得	機能仕様	135	1135	カード詳細＞プロモフラグ
sheet-3-R111	sheet-3	カードIDからカード情報を取得	機能仕様	136	1136	"card_details.update_date	日時（YYYY/MM/DD HH:MM）	カード詳細＞更新日時"
sheet-3-R112	sheet-3	カードIDからカード情報を取得	機能仕様	137	1137	"card_details.create_date	日時（YYYY/MM/DD HH:MM）	カード詳細＞作成日時"
sheet-3-R113	sheet-3	カードIDからカード情報を取得	機能仕様	138	1138	"card_details.card_layout	オブジェクト	カード詳細＞レイアウト"
sheet-3-R114	sheet-3	カードIDからカード情報を取得	機能仕様	139	1139	"card_details.card_layout.id	数値(整数)	カード詳細＞レイアウト＞レイアウトID"
sheet-3-R115	sheet-3	カードIDからカード情報を取得	機能仕様	140	1140	"card_details.card_layout.name_jp	文字型	カード詳細＞レイアウト＞名称（日本語）"
sheet-3-R116	sheet-3	カードIDからカード情報を取得	機能仕様	141	1141	"card_details.card_layout.name_en	文字型	カード詳細＞レイアウト＞名称（英語）"
sheet-3-R117	sheet-3	カードIDからカード情報を取得	機能仕様	142	1142	"card_details.rarity	オブジェクト	カード詳細＞レアリティ"
sheet-3-R118	sheet-3	カードIDからカード情報を取得	機能仕様	143	1143	"card_details.rarity.id	数値(整数)	カード詳細＞レアリティ＞レアリティID"
sheet-3-R119	sheet-3	カードIDからカード情報を取得	機能仕様	144	1144	"card_details.rarity.name_jp	文字型	カード詳細＞レアリティ＞名称（日本語）"
sheet-3-R120	sheet-3	カードIDからカード情報を取得	機能仕様	145	1145	"card_details.rarity.name_en	文字型	カード詳細＞レアリティ＞名称（英語）"
sheet-3-R121	sheet-3	カードIDからカード情報を取得	機能仕様	146	1146	"card_details.rarity.code	文字型	カード詳細＞レアリティ＞コード"
sheet-3-R122	sheet-3	カードIDからカード情報を取得	機能仕様	147	1147	"card_details.cardset	オブジェクト	カード詳細＞カードセット"
sheet-3-R123	sheet-3	カードIDからカード情報を取得	機能仕様	148	1148	"card_details.cardset.id	数値(整数)	カード詳細＞カードセット＞カードセットID"
sheet-3-R124	sheet-3	カードIDからカード情報を取得	機能仕様	149	1149	"card_details.cardset.name_jp	文字型	カード詳細＞カードセット＞名称（日本語）"
sheet-3-R125	sheet-3	カードIDからカード情報を取得	機能仕様	150	1150	"card_details.cardset.name_en	文字型	カード詳細＞カードセット＞名称（英語）"
sheet-3-R126	sheet-3	カードIDからカード情報を取得	機能仕様	151	1151	"card_details.cardset.code	文字型	カード詳細＞カードセット＞コード"
sheet-3-R127	sheet-3	カードIDからカード情報を取得	機能仕様	152	1152	"card_details.cardset.symbol_image	文字型	カード詳細＞カードセット＞シンボル画像"
sheet-3-R128	sheet-3	カードIDからカード情報を取得	機能仕様	153	1153	"card_details.cardset.cardsetblock_id	数値(整数)	カード詳細＞カードセット＞カードセットブロックID"
sheet-3-R129	sheet-3	カードIDからカード情報を取得	機能仕様	154	1154	"card_details.cardset.release_date	文字型	カード詳細＞カードセット＞発売日"
sheet-3-R130	sheet-3	カードIDからカード情報を取得	機能仕様	155	1155	"card_details.cardset.special_flg	数値(整数)	カード詳細＞カードセット＞特別版フラグ"
sheet-3-R131	sheet-3	カードIDからカード情報を取得	機能仕様	156	1156	"card_details.cardset.branch_display_flg	数値(整数)	カード詳細＞カードセット＞枝番表示フラグ"
sheet-3-R132	sheet-3	カードIDからカード情報を取得	機能仕様	157	1157	"card_details.illustrator	オブジェクト	カード詳細＞イラストレーター"
sheet-3-R133	sheet-3	カードIDからカード情報を取得	機能仕様	158	1158	"card_details.illustrator.id	数値(整数)	カード詳細＞イラストレーター＞イラストレーターID"
sheet-3-R134	sheet-3	カードIDからカード情報を取得	機能仕様	159	1159	"card_details.illustrator.name_jp	文字型	カード詳細＞イラストレーター＞名称（日本語）"
sheet-3-R135	sheet-3	カードIDからカード情報を取得	機能仕様	160	1160	"card_details.illustrator.name_en	文字型	カード詳細＞イラストレーター＞名称（英語）"
sheet-3-R136	sheet-3	カードIDからカード情報を取得	機能仕様	161	1161	"card_details.promotion	オブジェクト	カード詳細＞プロモ種別"
sheet-3-R137	sheet-3	カードIDからカード情報を取得	機能仕様	162	1162	"card_details.promotion.id	数値(整数)	カード詳細＞プロモ種別＞プロモ種別ID"
sheet-3-R138	sheet-3	カードIDからカード情報を取得	機能仕様	163	1163	"card_details.promotion.name_jp	文字型	カード詳細＞プロモ種別＞名称（日本語）"
sheet-3-R139	sheet-3	カードIDからカード情報を取得	機能仕様	164	1164	"card_details.promotion.name_en	文字型	カード詳細＞プロモ種別＞名称（英語）"
sheet-3-R140	sheet-3	カードIDからカード情報を取得	機能仕様	165	1165	"card_details.promotion.code	文字型	カード詳細＞プロモ種別＞コード"
sheet-3-R141	sheet-3	カードIDからカード情報を取得	機能仕様	166	1166	"card_details.card_images	オブジェクト	カード詳細＞カード画像"
sheet-3-R142	sheet-3	カードIDからカード情報を取得	機能仕様	167	1167	"card_details.card_images.id	数値(整数)	カード詳細＞カード画像＞カード画像ID"
sheet-3-R143	sheet-3	カードIDからカード情報を取得	機能仕様	168	1168	"card_details.card_images.back_flg	数値(整数)	カード詳細＞カード画像＞裏面フラグ"
sheet-3-R144	sheet-3	カードIDからカード情報を取得	機能仕様	169	1169	"card_details.card_images.url	文字型	カード詳細＞カード画像＞URL"
sheet-3-R145	sheet-3	カードIDからカード情報を取得	機能仕様	170	1170	"card_details.card_images.create_date	日時（YYYY/MM/DD HH:MM）	カード詳細＞カード画像＞作成日時"
sheet-3-R146	sheet-3	カードIDからカード情報を取得	機能仕様	171	1171	"card_details.card_images.language.id	数値(整数)	カード詳細＞カード画像＞言語＞言語ID"
sheet-3-R147	sheet-3	カードIDからカード情報を取得	機能仕様	172	1172	"card_details.card_images.language.name_jp	文字型	カード詳細＞カード画像＞言語＞名称（日本語）"
sheet-3-R148	sheet-3	カードIDからカード情報を取得	機能仕様	173	1173	"card_details.card_images.language.name_en	文字型	カード詳細＞カード画像＞言語＞名称（英語）"
sheet-3-R149	sheet-3	カードIDからカード情報を取得	機能仕様	174	1174	"card_details.card_images.language.code	文字型	カード詳細＞カード画像＞言語＞言語コード"
sheet-3-R150	sheet-3	カードIDからカード情報を取得	機能仕様	175	1175	"card_formats	オブジェクト	フォーマット"
sheet-3-R151	sheet-3	カードIDからカード情報を取得	機能仕様	176	1176	"card_formats.id	文字型	フォーマット>フォーマットID"
sheet-3-R152	sheet-3	カードIDからカード情報を取得	機能仕様	177	1177	"card_formats.restriction_id	数値(整数)	フォーマット>制限ID"
sheet-3-R153	sheet-3	カードIDからカード情報を取得	機能仕様	178	1178	設定値の意味は以下のとおり
sheet-3-R154	sheet-3	カードIDからカード情報を取得	機能仕様	179	1179	1: 使用可
sheet-3-R155	sheet-3	カードIDからカード情報を取得	機能仕様	180	1180	2: 制限
sheet-3-R156	sheet-3	カードIDからカード情報を取得	機能仕様	181	1181	3: 禁止
sheet-3-R157	sheet-3	カードIDからカード情報を取得	機能仕様	182	1182	"color_sequence	オブジェクト	色順"
sheet-3-R158	sheet-3	カードIDからカード情報を取得	機能仕様	183	1183	"color_sequence.id	数値(整数)	色順＞色順ID"
sheet-3-R159	sheet-3	カードIDからカード情報を取得	機能仕様	184	1184	"color_sequence.name	文字型	色順＞名前"
sheet-3-R160	sheet-3	カードIDからカード情報を取得	機能仕様	185	1185	"color_sequence.rank	文字型	※カスタマイズ対応、レスポンスデータの「rank」を「sort_no」に変更する"
sheet-3-R161	sheet-3	カードIDからカード情報を取得	機能仕様	186	1186	色順＞並び順
sheet-3-R162	sheet-3	カードIDからカード情報を取得	機能仕様	187	1187	"color_sequence.sort_no	文字型	※カスタマイズ対応、レスポンスデータの「rank」を「sort_no」に変更する"
sheet-3-R163	sheet-3	カードIDからカード情報を取得	機能仕様	188	1188	色順＞並び順
sheet-3-R164	sheet-3	カードIDからカード情報を取得	機能仕様	189	1189	レスポンスデータサンプル
sheet-3-R165	sheet-3	カードIDからカード情報を取得	機能仕様	190	1190	{
sheet-3-R166	sheet-3	カードIDからカード情報を取得	機能仕様	191	1191	"""id"":300,"
sheet-3-R167	sheet-3	カードIDからカード情報を取得	機能仕様	192	1192	"""name_jp"":""スカラベの饗宴"","
sheet-3-R168	sheet-3	カードIDからカード情報を取得	機能仕様	193	1193	"""name_en"":""Scarab Feast"","
sheet-3-R169	sheet-3	カードIDからカード情報を取得	機能仕様	194	1194	"""arena_format_name_jp"":""スカラベの饗宴"","
sheet-3-R170	sheet-3	カードIDからカード情報を取得	機能仕様	195	1195	"""arena_format_name_en"":""Scarab Feast"","
sheet-3-R171	sheet-3	カードIDからカード情報を取得	機能仕様	196	1196	"""text_jp"":""１つの墓地からカード最大３枚を対象とし、それらを追放する。サイクリング(黒)（(黒),このカードを捨てる：カードを１枚引く。）"","
sheet-3-R172	sheet-3	カードIDからカード情報を取得	機能仕様	197	1197	"""text_en"":""Exile up to three target cards from a single graveyard.\nCycling {Black} ({Black}, Discard this card: Draw a card.)"","
sheet-3-R173	sheet-3	カードIDからカード情報を取得	機能仕様	198	1198	"""mana_cost"":""(B)"","
sheet-3-R174	sheet-3	カードIDからカード情報を取得	機能仕様	199	1199	"""cmc"":1.0,"
sheet-3-R175	sheet-3	カードIDからカード情報を取得	機能仕様	200	1200	"""power"":"""","
sheet-3-R176	sheet-3	カードIDからカード情報を取得	機能仕様	201	1201	"""toughness"":"""","
sheet-3-R177	sheet-3	カードIDからカード情報を取得	機能仕様	202	1202	"""loyalty"":"""","
sheet-3-R178	sheet-3	カードIDからカード情報を取得	機能仕様	203	1203	"""old_product_id"":""AKH000106JN"","
sheet-3-R179	sheet-3	カードIDからカード情報を取得	機能仕様	204	1204	"""old_en_product_id"":""AKH000106EN"","
sheet-3-R180	sheet-3	カードIDからカード情報を取得	機能仕様	205	1205	"""update_date"":""2020-08-14T16:36:03+09:00"","
sheet-3-R181	sheet-3	カードIDからカード情報を取得	機能仕様	206	1206	"""create_date"":""2018-06-06T18:44:43+09:00"","
sheet-3-R182	sheet-3	カードIDからカード情報を取得	機能仕様	207	1207	"""cardtypes"":"
sheet-3-R183	sheet-3	カードIDからカード情報を取得	機能仕様	208	1208	[
sheet-3-R184	sheet-3	カードIDからカード情報を取得	機能仕様	209	1209	{
sheet-3-R185	sheet-3	カードIDからカード情報を取得	機能仕様	210	1210	"""id"":4,"
sheet-3-R186	sheet-3	カードIDからカード情報を取得	機能仕様	211	1211	"""name_jp"":""インスタント"","
sheet-3-R187	sheet-3	カードIDからカード情報を取得	機能仕様	212	1212	"""name_en"":""Instant"","
sheet-3-R188	sheet-3	カードIDからカード情報を取得	機能仕様	213	1213	"""product_search_flg"":true"
sheet-3-R189	sheet-3	カードIDからカード情報を取得	機能仕様	214	1214	}
sheet-3-R190	sheet-3	カードIDからカード情報を取得	機能仕様	215	1215	],
sheet-3-R191	sheet-3	カードIDからカード情報を取得	機能仕様	216	1216	"""subtypes"":"
sheet-3-R192	sheet-3	カードIDからカード情報を取得	機能仕様	217	1217	[
sheet-3-R193	sheet-3	カードIDからカード情報を取得	機能仕様	218	1218	{
sheet-3-R194	sheet-3	カードIDからカード情報を取得	機能仕様	219	1219	"""id"":1,"
sheet-3-R195	sheet-3	カードIDからカード情報を取得	機能仕様	220	1220	"""name_jp"": ""アンテロープ"","
sheet-3-R196	sheet-3	カードIDからカード情報を取得	機能仕様	221	1221	"""name_en"": ""Antelope"","
sheet-3-R197	sheet-3	カードIDからカード情報を取得	機能仕様	222	1222	}
sheet-3-R198	sheet-3	カードIDからカード情報を取得	機能仕様	223	1223	],
sheet-3-R199	sheet-3	カードIDからカード情報を取得	機能仕様	224	1224	"""specialtypes"":"
sheet-3-R200	sheet-3	カードIDからカード情報を取得	機能仕様	225	1225	[
sheet-3-R201	sheet-3	カードIDからカード情報を取得	機能仕様	226	1226	{
sheet-3-R202	sheet-3	カードIDからカード情報を取得	機能仕様	227	1227	"""id"":3,"
sheet-3-R203	sheet-3	カードIDからカード情報を取得	機能仕様	228	1228	"""name_jp"":""基本"","
sheet-3-R204	sheet-3	カードIDからカード情報を取得	機能仕様	229	1229	"""name_en"":""Basic"""
sheet-3-R205	sheet-3	カードIDからカード情報を取得	機能仕様	230	1230	}
sheet-3-R206	sheet-3	カードIDからカード情報を取得	機能仕様	231	1231	],
sheet-3-R207	sheet-3	カードIDからカード情報を取得	機能仕様	232	1232	"""colors"":"
sheet-3-R208	sheet-3	カードIDからカード情報を取得	機能仕様	233	1233	[
sheet-3-R209	sheet-3	カードIDからカード情報を取得	機能仕様	234	1234	{
sheet-3-R210	sheet-3	カードIDからカード情報を取得	機能仕様	235	1235	"""id"":3,"
sheet-3-R211	sheet-3	カードIDからカード情報を取得	機能仕様	236	1236	"""name_jp"":""黒"","
sheet-3-R212	sheet-3	カードIDからカード情報を取得	機能仕様	237	1237	"""name_en"":""Black"""
sheet-3-R213	sheet-3	カードIDからカード情報を取得	機能仕様	238	1238	}
sheet-3-R214	sheet-3	カードIDからカード情報を取得	機能仕様	239	1239	],
sheet-3-R215	sheet-3	カードIDからカード情報を取得	機能仕様	240	1240	"""color_identities"":"
sheet-3-R216	sheet-3	カードIDからカード情報を取得	機能仕様	241	1241	[
sheet-3-R217	sheet-3	カードIDからカード情報を取得	機能仕様	242	1242	{
sheet-3-R218	sheet-3	カードIDからカード情報を取得	機能仕様	243	1243	"""id"":3,"
sheet-3-R219	sheet-3	カードIDからカード情報を取得	機能仕様	244	1244	"""name_jp"":""黒"","
sheet-3-R220	sheet-3	カードIDからカード情報を取得	機能仕様	245	1245	"""name_en"":""Black"""
sheet-3-R221	sheet-3	カードIDからカード情報を取得	機能仕様	246	1246	}
sheet-3-R222	sheet-3	カードIDからカード情報を取得	機能仕様	247	1247	],
sheet-3-R223	sheet-3	カードIDからカード情報を取得	機能仕様	248	1248	"""card_details"":"
sheet-3-R224	sheet-3	カードIDからカード情報を取得	機能仕様	249	1249	[
sheet-3-R225	sheet-3	カードIDからカード情報を取得	機能仕様	250	1250	{
sheet-3-R226	sheet-3	カードIDからカード情報を取得	機能仕様	251	1251	"""id"":300,"
sheet-3-R227	sheet-3	カードIDからカード情報を取得	機能仕様	252	1252	"""card_id"":null,"
sheet-3-R228	sheet-3	カードIDからカード情報を取得	機能仕様	253	1253	"""back_card_detail_id"":null,"
sheet-3-R229	sheet-3	カードIDからカード情報を取得	機能仕様	254	1254	"""cardset_id"":null,"
sheet-3-R230	sheet-3	カードIDからカード情報を取得	機能仕様	255	1255	"""rarity_id"":null,"
sheet-3-R231	sheet-3	カードIDからカード情報を取得	機能仕様	256	1256	"""illustrator_id"":null,"
sheet-3-R232	sheet-3	カードIDからカード情報を取得	機能仕様	257	1257	"""flavor_jp"":"""","
sheet-3-R233	sheet-3	カードIDからカード情報を取得	機能仕様	258	1258	"""flavor_en"":""The face of mediocrity is wrapped in anointed linen. Aspire to a better end.\n?Epnokep, vizier of Bontu"","
sheet-3-R234	sheet-3	カードIDからカード情報を取得	機能仕様	259	1259	"""text_jp"":""１つの墓地からカード最大３枚を対象とし、それらを追放する。サイクリング(黒)（(黒),このカードを捨てる：カードを１枚引く。）"","
sheet-3-R235	sheet-3	カードIDからカード情報を取得	機能仕様	260	1260	"""text_en"":""Exile up to three target cards from a single graveyard.\nCycling {Black} ({Black}, Discard this card: Draw a card.)"","
sheet-3-R236	sheet-3	カードIDからカード情報を取得	機能仕様	261	1261	"""power"":"""","
sheet-3-R237	sheet-3	カードIDからカード情報を取得	機能仕様	262	1262	"""toughness"":"""","
sheet-3-R238	sheet-3	カードIDからカード情報を取得	機能仕様	263	1263	"""card_no"":""106"","
sheet-3-R239	sheet-3	カードIDからカード情報を取得	機能仕様	264	1264	"""foil"":false,"
sheet-3-R240	sheet-3	カードIDからカード情報を取得	機能仕様	265	1265	"""frame"":""Usually"","
sheet-3-R241	sheet-3	カードIDからカード情報を取得	機能仕様	266	1266	"""update_date"":""2020-08-14T16:36:03+09:00"","
sheet-3-R242	sheet-3	カードIDからカード情報を取得	機能仕様	267	1267	"""create_date"":""2018-06-06T18:44:43+09:00"","
sheet-3-R243	sheet-3	カードIDからカード情報を取得	機能仕様	268	1268	"""card_layout"":"
sheet-3-R244	sheet-3	カードIDからカード情報を取得	機能仕様	269	1269	{
sheet-3-R245	sheet-3	カードIDからカード情報を取得	機能仕様	270	1270	"""id"":1,"
sheet-3-R246	sheet-3	カードIDからカード情報を取得	機能仕様	271	1271	"""name_jp"":""通常"","
sheet-3-R247	sheet-3	カードIDからカード情報を取得	機能仕様	272	1272	"""name_en"":""Normal"""
sheet-3-R248	sheet-3	カードIDからカード情報を取得	機能仕様	273	1273	},
sheet-3-R249	sheet-3	カードIDからカード情報を取得	機能仕様	274	1274	"""rarity"":"
sheet-3-R250	sheet-3	カードIDからカード情報を取得	機能仕様	275	1275	{
sheet-3-R251	sheet-3	カードIDからカード情報を取得	機能仕様	276	1276	"""id"":1,"
sheet-3-R252	sheet-3	カードIDからカード情報を取得	機能仕様	277	1277	"""name_jp"":""コモン"","
sheet-3-R253	sheet-3	カードIDからカード情報を取得	機能仕様	278	1278	"""name_en"":""Common"","
sheet-3-R254	sheet-3	カードIDからカード情報を取得	機能仕様	279	1279	"""code"":""C"""
sheet-3-R255	sheet-3	カードIDからカード情報を取得	機能仕様	280	1280	},
sheet-3-R256	sheet-3	カードIDからカード情報を取得	機能仕様	281	1281	"""cardset"":"
sheet-3-R257	sheet-3	カードIDからカード情報を取得	機能仕様	282	1282	{
sheet-3-R258	sheet-3	カードIDからカード情報を取得	機能仕様	283	1283	"""id"":167,"""
sheet-3-R259	sheet-3	カードIDからカード情報を取得	機能仕様	284	1284	"""name_jp"":""アモンケット"","
sheet-3-R260	sheet-3	カードIDからカード情報を取得	機能仕様	285	1285	"""name_en"":""Amonkhet"","
sheet-3-R261	sheet-3	カードIDからカード情報を取得	機能仕様	286	1286	"""code"":""AKH"","
sheet-3-R262	sheet-3	カードIDからカード情報を取得	機能仕様	287	1287	"""symbol_image"":""set/5cd1460b9862d364.png"","
sheet-3-R263	sheet-3	カードIDからカード情報を取得	機能仕様	288	1288	"""cardsetblock_id"":25,"
sheet-3-R264	sheet-3	カードIDからカード情報を取得	機能仕様	289	1289	"""release_date"":""2017-04-28T00:00:00+09:00"","
sheet-3-R265	sheet-3	カードIDからカード情報を取得	機能仕様	290	1290	"""special_flg"":false,"
sheet-3-R266	sheet-3	カードIDからカード情報を取得	機能仕様	291	1291	"""branch_display_flg"":true"
sheet-3-R267	sheet-3	カードIDからカード情報を取得	機能仕様	292	1292	},
sheet-3-R268	sheet-3	カードIDからカード情報を取得	機能仕様	293	1293	"""illustrator"":"
sheet-3-R269	sheet-3	カードIDからカード情報を取得	機能仕様	294	1294	{
sheet-3-R270	sheet-3	カードIDからカード情報を取得	機能仕様	295	1295	"""id"":26,"
sheet-3-R271	sheet-3	カードIDからカード情報を取得	機能仕様	296	1296	"""name_jp"":null,"
sheet-3-R272	sheet-3	カードIDからカード情報を取得	機能仕様	297	1297	"""name_en"":""Tony Foti"""
sheet-3-R273	sheet-3	カードIDからカード情報を取得	機能仕様	298	1298	},
sheet-3-R274	sheet-3	カードIDからカード情報を取得	機能仕様	299	1299	"""promotion"":"
sheet-3-R275	sheet-3	カードIDからカード情報を取得	機能仕様	300	1300	{
sheet-3-R276	sheet-3	カードIDからカード情報を取得	機能仕様	301	1301	"""id"":1,"
sheet-3-R277	sheet-3	カードIDからカード情報を取得	機能仕様	302	1302	"""name_jp"":""ノンプロモ"","
sheet-3-R278	sheet-3	カードIDからカード情報を取得	機能仕様	303	1303	"""name_en"":""Non Promotion"","
sheet-3-R279	sheet-3	カードIDからカード情報を取得	機能仕様	304	1304	"""code"":"""""
sheet-3-R280	sheet-3	カードIDからカード情報を取得	機能仕様	305	1305	},
sheet-3-R281	sheet-3	カードIDからカード情報を取得	機能仕様	306	1306	"""card_images"":"
sheet-3-R282	sheet-3	カードIDからカード情報を取得	機能仕様	307	1307	[
sheet-3-R283	sheet-3	カードIDからカード情報を取得	機能仕様	308	1308	{
sheet-3-R284	sheet-3	カードIDからカード情報を取得	機能仕様	309	1309	"""id"":599,"
sheet-3-R285	sheet-3	カードIDからカード情報を取得	機能仕様	310	1310	"""back_flg"":false,"
sheet-3-R286	sheet-3	カードIDからカード情報を取得	機能仕様	311	1311	"""url"":""img/goods/card/AKH/jp/scarab_feast.jpg"","
sheet-3-R287	sheet-3	カードIDからカード情報を取得	機能仕様	312	1312	"""create_date"":""2018-06-06T18:44:43+09:00"","
sheet-3-R288	sheet-3	カードIDからカード情報を取得	機能仕様	313	1313	"""language"":"
sheet-3-R289	sheet-3	カードIDからカード情報を取得	機能仕様	314	1314	{
sheet-3-R290	sheet-3	カードIDからカード情報を取得	機能仕様	315	1315	"""id"":1,"
sheet-3-R291	sheet-3	カードIDからカード情報を取得	機能仕様	316	1316	"""name_jp"":""日本語"","
sheet-3-R292	sheet-3	カードIDからカード情報を取得	機能仕様	317	1317	"""name_en"":""Japanease"","
sheet-3-R293	sheet-3	カードIDからカード情報を取得	機能仕様	318	1318	"""code"":""JP"""
sheet-3-R294	sheet-3	カードIDからカード情報を取得	機能仕様	319	1319	}
sheet-3-R295	sheet-3	カードIDからカード情報を取得	機能仕様	320	1320	},
sheet-3-R296	sheet-3	カードIDからカード情報を取得	機能仕様	321	1321	]
sheet-3-R297	sheet-3	カードIDからカード情報を取得	機能仕様	322	1322	},
sheet-3-R298	sheet-3	カードIDからカード情報を取得	機能仕様	323	1323	],
sheet-3-R299	sheet-3	カードIDからカード情報を取得	機能仕様	324	1324	"""card_formats"":"
sheet-3-R300	sheet-3	カードIDからカード情報を取得	機能仕様	325	1325	[
sheet-3-R301	sheet-3	カードIDからカード情報を取得	機能仕様	326	1326	{
sheet-3-R302	sheet-3	カードIDからカード情報を取得	機能仕様	327	1327	"""id"":1494,"
sheet-3-R303	sheet-3	カードIDからカード情報を取得	機能仕様	328	1328	"""format_id"":3,"
sheet-3-R304	sheet-3	カードIDからカード情報を取得	機能仕様	329	1329	"""restriction_id"":1"
sheet-3-R305	sheet-3	カードIDからカード情報を取得	機能仕様	330	1330	},
sheet-3-R306	sheet-3	カードIDからカード情報を取得	機能仕様	331	1331	],
sheet-3-R307	sheet-3	カードIDからカード情報を取得	機能仕様	332	1332	"""color_sequence"":"
sheet-3-R308	sheet-3	カードIDからカード情報を取得	機能仕様	333	1333	{
sheet-3-R309	sheet-3	カードIDからカード情報を取得	機能仕様	334	1334	"""id"":4,"
sheet-3-R310	sheet-3	カードIDからカード情報を取得	機能仕様	335	1335	"""name"":""黒"","
sheet-3-R311	sheet-3	カードIDからカード情報を取得	機能仕様	336	1336	"""sort_no"":12"
sheet-3-R312	sheet-3	カードIDからカード情報を取得	機能仕様	337	1337	}
sheet-3-R313	sheet-3	カードIDからカード情報を取得	機能仕様	338	1338	}
sheet-3-R314	sheet-3	カードIDからカード情報を取得	現行仕様	342	1342	A14-01 カードIDからカード情報を取得 / API カード管理 — カードIDからカード情報を取得
sheet-3-R315	sheet-3	カードIDからカード情報を取得	現行仕様	344	1344	取得対象
sheet-3-R316	sheet-3	カードIDからカード情報を取得	現行仕様	345	1345	パスで指定されたカードIDに一致するカードを取得対象とする。該当するカードが存在しないときはコード404・「Not Found」のJSONを返す。
sheet-3-R317	sheet-3	カードIDからカード情報を取得	現行仕様	346	1346	応答に含める項目
sheet-3-R318	sheet-3	カードIDからカード情報を取得	現行仕様	347	1347	公開指定のプロパティのみを応答に含める。カードタグ・キーワード能力・記事・デッキ収録カードは公開対象外であり、応答に含まれない。応答フィールドは取得時点の値をそのまま返し、金額・税・ポイント・在庫数量の再計算や丸めは行わない。表示用の加工や表示制御は呼び出し元クライアントの設計を正とする。
sheet-3-R319	sheet-3	カードIDからカード情報を取得	現行仕様	349	1349	入出力: リクエスト
sheet-3-R320	sheet-3	カードIDからカード情報を取得	現行仕様	350	1350	"パラメータ	位置	型	必須／任意	説明"
sheet-3-R321	sheet-3	カードIDからカード情報を取得	現行仕様	351	1351	"id	パス	integer	必須	カードID。カード情報の識別子で該当カードを取得する"
sheet-3-R322	sheet-3	カードIDからカード情報を取得	現行仕様	352	1352	入出力: レスポンス（成功）
sheet-3-R323	sheet-3	カードIDからカード情報を取得	現行仕様	353	1353	HTTP 200。
sheet-3-R324	sheet-3	カードIDからカード情報を取得	現行仕様	354	1354	"フィールド	型	説明"
sheet-3-R325	sheet-3	カードIDからカード情報を取得	現行仕様	355	1355	"id	integer	カードID"
sheet-3-R326	sheet-3	カードIDからカード情報を取得	現行仕様	356	1356	"nameJp	string	カード名（日）"
sheet-3-R327	sheet-3	カードIDからカード情報を取得	現行仕様	357	1357	"nameEn	string	カード名（英）"
sheet-3-R328	sheet-3	カードIDからカード情報を取得	現行仕様	358	1358	"arenaFormatNameJp	string	アリーナフォーマットカード名（日）"
sheet-3-R329	sheet-3	カードIDからカード情報を取得	現行仕様	359	1359	"arenaFormatNameEn	string	アリーナフォーマットカード名（英）"
sheet-3-R330	sheet-3	カードIDからカード情報を取得	現行仕様	360	1360	"textJp	string	カードテキスト（日）"
sheet-3-R331	sheet-3	カードIDからカード情報を取得	現行仕様	361	1361	"textEn	string	カードテキスト（英）"
sheet-3-R332	sheet-3	カードIDからカード情報を取得	現行仕様	362	1362	"manaCost	string	マナコスト"
sheet-3-R333	sheet-3	カードIDからカード情報を取得	現行仕様	363	1363	"cmc	number	マナコスト（数値変換）"
sheet-3-R334	sheet-3	カードIDからカード情報を取得	現行仕様	364	1364	"power	string	パワー"
sheet-3-R335	sheet-3	カードIDからカード情報を取得	現行仕様	365	1365	"toughness	string	タフネス"
sheet-3-R336	sheet-3	カードIDからカード情報を取得	現行仕様	366	1366	"loyalty	string	忠誠度"
sheet-3-R337	sheet-3	カードIDからカード情報を取得	現行仕様	367	1367	"oldProductId	string	現行の日本語商品ID"
sheet-3-R338	sheet-3	カードIDからカード情報を取得	現行仕様	368	1368	"oldEnProductId	string	現行の英語商品ID"
sheet-3-R339	sheet-3	カードIDからカード情報を取得	現行仕様	369	1369	"updateDate	string	更新日時"
sheet-3-R340	sheet-3	カードIDからカード情報を取得	現行仕様	370	1370	"createDate	string	作成日時"
sheet-3-R341	sheet-3	カードIDからカード情報を取得	現行仕様	371	1371	"cardtypes	array	カードタイプの一覧"
sheet-3-R342	sheet-3	カードIDからカード情報を取得	現行仕様	372	1372	"subtypes	array	サブタイプの一覧"
sheet-3-R343	sheet-3	カードIDからカード情報を取得	現行仕様	373	1373	"specialtypes	array	特殊タイプの一覧"
sheet-3-R344	sheet-3	カードIDからカード情報を取得	現行仕様	374	1374	"colors	array	色の一覧"
sheet-3-R345	sheet-3	カードIDからカード情報を取得	現行仕様	375	1375	"cardDetails	array	カード詳細の一覧"
sheet-3-R346	sheet-3	カードIDからカード情報を取得	現行仕様	376	1376	"cardFormats	array	カードフォーマットの一覧"
sheet-3-R347	sheet-3	カードIDからカード情報を取得	現行仕様	377	1377	"colorSequence	object	色順序情報"
sheet-3-R348	sheet-3	カードIDからカード情報を取得	現行仕様	378	1378	応答例（実装確認値に基づく代表値）。
sheet-3-R349	sheet-3	カードIDからカード情報を取得	現行仕様	379	1379	{
sheet-3-R350	sheet-3	カードIDからカード情報を取得	現行仕様	380	1380	"""id"": 12345,"
sheet-3-R351	sheet-3	カードIDからカード情報を取得	現行仕様	381	1381	"""nameJp"": ""稲妻"","
sheet-3-R352	sheet-3	カードIDからカード情報を取得	現行仕様	382	1382	"""nameEn"": ""Lightning Bolt"","
sheet-3-R353	sheet-3	カードIDからカード情報を取得	現行仕様	383	1383	"""arenaFormatNameJp"": """","
sheet-3-R354	sheet-3	カードIDからカード情報を取得	現行仕様	384	1384	"""arenaFormatNameEn"": """","
sheet-3-R355	sheet-3	カードIDからカード情報を取得	現行仕様	385	1385	"""textJp"": ""稲妻は、任意の対象に3点のダメージを与える。"","
sheet-3-R356	sheet-3	カードIDからカード情報を取得	現行仕様	386	1386	"""textEn"": ""Lightning Bolt deals 3 damage to any target."","
sheet-3-R357	sheet-3	カードIDからカード情報を取得	現行仕様	387	1387	"""manaCost"": ""{R}"","
sheet-3-R358	sheet-3	カードIDからカード情報を取得	現行仕様	388	1388	"""cmc"": 1,"
sheet-3-R359	sheet-3	カードIDからカード情報を取得	現行仕様	389	1389	"""power"": null,"
sheet-3-R360	sheet-3	カードIDからカード情報を取得	現行仕様	390	1390	"""toughness"": null,"
sheet-3-R361	sheet-3	カードIDからカード情報を取得	現行仕様	391	1391	"""loyalty"": null,"
sheet-3-R362	sheet-3	カードIDからカード情報を取得	現行仕様	392	1392	"""oldProductId"": ""100001"","
sheet-3-R363	sheet-3	カードIDからカード情報を取得	現行仕様	393	1393	"""oldEnProductId"": ""200001"","
sheet-3-R364	sheet-3	カードIDからカード情報を取得	現行仕様	394	1394	"""updateDate"": ""2026-06-01T12:00:00+09:00"","
sheet-3-R365	sheet-3	カードIDからカード情報を取得	現行仕様	395	1395	"""createDate"": ""2020-01-01T00:00:00+09:00"","
sheet-3-R366	sheet-3	カードIDからカード情報を取得	現行仕様	396	1396	"""cardtypes"": [],"
sheet-3-R367	sheet-3	カードIDからカード情報を取得	現行仕様	397	1397	"""subtypes"": [],"
sheet-3-R368	sheet-3	カードIDからカード情報を取得	現行仕様	398	1398	"""specialtypes"": [],"
sheet-3-R369	sheet-3	カードIDからカード情報を取得	現行仕様	399	1399	"""colors"": [],"
sheet-3-R370	sheet-3	カードIDからカード情報を取得	現行仕様	400	1400	"""cardDetails"": [],"
sheet-3-R371	sheet-3	カードIDからカード情報を取得	現行仕様	401	1401	"""cardFormats"": [],"
sheet-3-R372	sheet-3	カードIDからカード情報を取得	現行仕様	402	1402	"""colorSequence"": null"
sheet-3-R373	sheet-3	カードIDからカード情報を取得	現行仕様	403	1403	}
sheet-3-R374	sheet-3	カードIDからカード情報を取得	現行仕様	404	1404	入出力: レスポンス（失敗）
sheet-3-R375	sheet-3	カードIDからカード情報を取得	現行仕様	405	1405	"HTTPステータス	条件	本文の形"
sheet-3-R376	sheet-3	カードIDからカード情報を取得	現行仕様	406	1406	"404	該当カードなし	{code, message}（""Not Found""）"
sheet-4-R001	sheet-4	カード詳細IDからカード詳細情報を取得	処理概要	23	1410	GET　POST　PUT　DELETE　PATCH　OPTIONS　HEAD　有　無　〇
sheet-4-R002	sheet-4	カード詳細IDからカード詳細情報を取得	処理概要	24	1411	エンドポイントURL
sheet-4-R003	sheet-4	カード詳細IDからカード詳細情報を取得	処理概要	25	1412	/cardDetails/{id}
sheet-4-R004	sheet-4	カード詳細IDからカード詳細情報を取得	処理概要	26	1413	プロトコル　HTTP　メソッド　GET　認証の有無　無　認証方式　無　リクエスト書式　クエリ　レスポンス書式　JSON
sheet-4-R005	sheet-4	カード詳細IDからカード詳細情報を取得	機能仕様	29	1416	・カード詳細情報「Foil」の設定値が増えるため、レスポンスデータ内の「foil_flg」を「foil」に変更する
sheet-4-R006	sheet-4	カード詳細IDからカード詳細情報を取得	機能仕様	30	1417	・カード詳細情報「フレーム」が追加されるため、レスポンスデータ内に「frame」を追加する
sheet-4-R007	sheet-4	カード詳細IDからカード詳細情報を取得	機能仕様	31	1418	・カード詳細情報「プロモフラグ」は「プロモ種別」に包含されるため、レスポンスデータ内の「promotion_flg」を除去する
sheet-4-R008	sheet-4	カード詳細IDからカード詳細情報を取得	機能仕様	32	1419	・カスタマイズ要件に記載の内容以外は現行踏襲とする
sheet-4-R009	sheet-4	カード詳細IDからカード詳細情報を取得	機能仕様	34	1421	・指定されたカード詳細IDでカード詳細情報を返す
sheet-4-R010	sheet-4	カード詳細IDからカード詳細情報を取得	機能仕様	35	1422	★以下のように、カード情報「Foil」の設定値に新しく 「2: 特殊」 が追加されるため、レスポンスデータの 「foil_flg」 を「foil」へ変更
sheet-4-R011	sheet-4	カード詳細IDからカード詳細情報を取得	機能仕様	36	1423	現行　リニューアル後
sheet-4-R012	sheet-4	カード詳細IDからカード詳細情報を取得	機能仕様	37	1424	0: なし　0: なし
sheet-4-R013	sheet-4	カード詳細IDからカード詳細情報を取得	機能仕様	38	1425	1: あり　1: あり
sheet-4-R014	sheet-4	カード詳細IDからカード詳細情報を取得	機能仕様	39	1426	2: 特殊
sheet-4-R015	sheet-4	カード詳細IDからカード詳細情報を取得	機能仕様	40	1427	★カード詳細情報「フレーム」が追加されるため、レスポンスデータ内に「frame」を追加する
sheet-4-R016	sheet-4	カード詳細IDからカード詳細情報を取得	機能仕様	41	1428	★レスポンスデータの「プロモフラグ」を除去する
sheet-4-R017	sheet-4	カード詳細IDからカード詳細情報を取得	機能仕様	42	1429	※別紙「0208_基本設計仕様書(カード管理)」のシート「カード詳細（登録・編集・削除）」の設計によって、
sheet-4-R018	sheet-4	カード詳細IDからカード詳細情報を取得	機能仕様	43	1430	「プロモフラグ」は「プロモ種別」に包含されるため
sheet-4-R019	sheet-4	カード詳細IDからカード詳細情報を取得	機能仕様	44	1431	リクエストパラメータ
sheet-4-R020	sheet-4	カード詳細IDからカード詳細情報を取得	機能仕様	45	1432	"項目名	型	必須	最大文字数"
sheet-4-R021	sheet-4	カード詳細IDからカード詳細情報を取得	機能仕様	46	1433	"または最大値	入力例	備考"
sheet-4-R022	sheet-4	カード詳細IDからカード詳細情報を取得	機能仕様	47	1434	"id	数値(整数)	〇	-	300.0	カード詳細ID"
sheet-4-R023	sheet-4	カード詳細IDからカード詳細情報を取得	機能仕様	48	1435	リクエストパラメータサンプル
sheet-4-R024	sheet-4	カード詳細IDからカード詳細情報を取得	機能仕様	49	1436	/cardDetails/123
sheet-4-R025	sheet-4	カード詳細IDからカード詳細情報を取得	機能仕様	50	1437	ステータスコード
sheet-4-R026	sheet-4	カード詳細IDからカード詳細情報を取得	機能仕様	51	1438	コード　説明
sheet-4-R027	sheet-4	カード詳細IDからカード詳細情報を取得	機能仕様	52	1439	200.0　正常終了
sheet-4-R028	sheet-4	カード詳細IDからカード詳細情報を取得	機能仕様	53	1440	404.0　リクエストパラメータ「id」が未指定の場合
sheet-4-R029	sheet-4	カード詳細IDからカード詳細情報を取得	機能仕様	54	1441	リクエストパラメータで指定された「id」に対応するカード詳細情報が存在しない場合
sheet-4-R030	sheet-4	カード詳細IDからカード詳細情報を取得	機能仕様	55	1442	レスポンスデータ
sheet-4-R031	sheet-4	カード詳細IDからカード詳細情報を取得	機能仕様	56	1443	"名前	型	説明"
sheet-4-R032	sheet-4	カード詳細IDからカード詳細情報を取得	機能仕様	57	1444	"id	数値(整数)	カード詳細ID"
sheet-4-R033	sheet-4	カード詳細IDからカード詳細情報を取得	機能仕様	58	1445	"card_id	数値(整数)	カードID"
sheet-4-R034	sheet-4	カード詳細IDからカード詳細情報を取得	機能仕様	59	1446	"back_card_detail_id	数値(整数)	裏面カードID"
sheet-4-R035	sheet-4	カード詳細IDからカード詳細情報を取得	機能仕様	60	1447	"cardset_id	数値(整数)	カードセットID"
sheet-4-R036	sheet-4	カード詳細IDからカード詳細情報を取得	機能仕様	61	1448	"rarity_id	数値(整数)	レアリティID"
sheet-4-R037	sheet-4	カード詳細IDからカード詳細情報を取得	機能仕様	62	1449	"illustrator_id	数値(整数)	イラストレーターID"
sheet-4-R038	sheet-4	カード詳細IDからカード詳細情報を取得	機能仕様	63	1450	"flavor_jp	文字型	フレーバーテキスト（日本語）"
sheet-4-R039	sheet-4	カード詳細IDからカード詳細情報を取得	機能仕様	64	1451	"flavor_en	文字型	フレーバーテキスト（英語）"
sheet-4-R040	sheet-4	カード詳細IDからカード詳細情報を取得	機能仕様	65	1452	"text_jp	文字型	効果テキスト（日本語）"
sheet-4-R041	sheet-4	カード詳細IDからカード詳細情報を取得	機能仕様	66	1453	"text_en	文字型	効果テキスト（英語）"
sheet-4-R042	sheet-4	カード詳細IDからカード詳細情報を取得	機能仕様	67	1454	"power	数値(整数)	パワー"
sheet-4-R043	sheet-4	カード詳細IDからカード詳細情報を取得	機能仕様	68	1455	"toughness	数値(整数)	タフネス"
sheet-4-R044	sheet-4	カード詳細IDからカード詳細情報を取得	機能仕様	69	1456	"card_no	文字型	カード番号"
sheet-4-R045	sheet-4	カード詳細IDからカード詳細情報を取得	機能仕様	70	1457	"foil_flg	数値(整数)	※カスタマイズ対応、カード情報「Foil」の選択肢が増えるため、レスポンスデータ内の「foil_flg」を「foil」に変更"
sheet-4-R046	sheet-4	カード詳細IDからカード詳細情報を取得	機能仕様	71	1458	Foilフラグ
sheet-4-R047	sheet-4	カード詳細IDからカード詳細情報を取得	機能仕様	72	1459	設定値の意味は以下のとおり
sheet-4-R048	sheet-4	カード詳細IDからカード詳細情報を取得	機能仕様	73	1460	0: なし
sheet-4-R049	sheet-4	カード詳細IDからカード詳細情報を取得	機能仕様	74	1461	1: あり
sheet-4-R050	sheet-4	カード詳細IDからカード詳細情報を取得	機能仕様	75	1462	"foil	数値(整数)	※カスタマイズ対応、カード情報「Foil」の選択肢が増えるため、レスポンスデータ内の「foil_flg」を「foil」に変更"
sheet-4-R051	sheet-4	カード詳細IDからカード詳細情報を取得	機能仕様	76	1463	Foil
sheet-4-R052	sheet-4	カード詳細IDからカード詳細情報を取得	機能仕様	77	1464	設定値の意味は以下のとおり
sheet-4-R053	sheet-4	カード詳細IDからカード詳細情報を取得	機能仕様	78	1465	0: なし
sheet-4-R054	sheet-4	カード詳細IDからカード詳細情報を取得	機能仕様	79	1466	1: あり
sheet-4-R055	sheet-4	カード詳細IDからカード詳細情報を取得	機能仕様	80	1467	2: 特需
sheet-4-R056	sheet-4	カード詳細IDからカード詳細情報を取得	機能仕様	81	1468	"frame	文字型	※カスタマイズ対応、新規追加"
sheet-4-R057	sheet-4	カード詳細IDからカード詳細情報を取得	機能仕様	82	1469	フレーム
sheet-4-R058	sheet-4	カード詳細IDからカード詳細情報を取得	機能仕様	83	1470	"promotion_flg	数値(整数)	※カスタマイズ対応、項目を除去"
sheet-4-R059	sheet-4	カード詳細IDからカード詳細情報を取得	機能仕様	84	1471	カード詳細＞プロモフラグ
sheet-4-R060	sheet-4	カード詳細IDからカード詳細情報を取得	機能仕様	85	1472	"update_date	日時（YYYY/MM/DD HH:MM）	更新日時"
sheet-4-R061	sheet-4	カード詳細IDからカード詳細情報を取得	機能仕様	86	1473	"create_date	日時（YYYY/MM/DD HH:MM）	作成日時"
sheet-4-R062	sheet-4	カード詳細IDからカード詳細情報を取得	機能仕様	87	1474	"card_layout	オブジェクト	レイアウト"
sheet-4-R063	sheet-4	カード詳細IDからカード詳細情報を取得	機能仕様	88	1475	"card_layout.id	数値(整数)	レイアウト＞レイアウトID"
sheet-4-R064	sheet-4	カード詳細IDからカード詳細情報を取得	機能仕様	89	1476	"card_layout.name_jp	文字型	レイアウト＞名称（日本語）"
sheet-4-R065	sheet-4	カード詳細IDからカード詳細情報を取得	機能仕様	90	1477	"card_layout.name_en	文字型	レイアウト＞名称（英語）"
sheet-4-R066	sheet-4	カード詳細IDからカード詳細情報を取得	機能仕様	91	1478	"rarity	オブジェクト	レアリティ"
sheet-4-R067	sheet-4	カード詳細IDからカード詳細情報を取得	機能仕様	92	1479	"rarity.id	数値(整数)	レアリティ＞レアリティID"
sheet-4-R068	sheet-4	カード詳細IDからカード詳細情報を取得	機能仕様	93	1480	"rarity.name_jp	文字型	レアリティ＞名称（日本語）"
sheet-4-R069	sheet-4	カード詳細IDからカード詳細情報を取得	機能仕様	94	1481	"rarity.name_en	文字型	レアリティ＞名称（英語）"
sheet-4-R070	sheet-4	カード詳細IDからカード詳細情報を取得	機能仕様	95	1482	"rarity.code	文字型	レアリティ＞コード"
sheet-4-R071	sheet-4	カード詳細IDからカード詳細情報を取得	機能仕様	96	1483	"cardset	オブジェクト	カードセット"
sheet-4-R072	sheet-4	カード詳細IDからカード詳細情報を取得	機能仕様	97	1484	"cardset.id	数値(整数)	カードセット＞カードセットID"
sheet-4-R073	sheet-4	カード詳細IDからカード詳細情報を取得	機能仕様	98	1485	"cardset.name_jp	文字型	カードセット＞名称（日本語）"
sheet-4-R074	sheet-4	カード詳細IDからカード詳細情報を取得	機能仕様	99	1486	"cardset.name_en	文字型	カードセット＞名称（英語）"
sheet-4-R075	sheet-4	カード詳細IDからカード詳細情報を取得	機能仕様	100	1487	"cardset.code	文字型	カードセット＞コード"
sheet-4-R076	sheet-4	カード詳細IDからカード詳細情報を取得	機能仕様	101	1488	"cardset.symbol_image	文字型	カードセット＞シンボル画像"
sheet-4-R077	sheet-4	カード詳細IDからカード詳細情報を取得	機能仕様	102	1489	"cardset.cardsetblock_id	数値(整数)	カードセット＞カードセットブロックID"
sheet-4-R078	sheet-4	カード詳細IDからカード詳細情報を取得	機能仕様	103	1490	"cardset.release_date	文字型	カードセット＞発売日"
sheet-4-R079	sheet-4	カード詳細IDからカード詳細情報を取得	機能仕様	104	1491	"cardset.special_flg	数値(整数)	カードセット＞特別版フラグ"
sheet-4-R080	sheet-4	カード詳細IDからカード詳細情報を取得	機能仕様	105	1492	"cardset.branch_display_flg	数値(整数)	カードセット＞枝番表示フラグ"
sheet-4-R081	sheet-4	カード詳細IDからカード詳細情報を取得	機能仕様	106	1493	"illustrator	オブジェクト	イラストレーター"
sheet-4-R082	sheet-4	カード詳細IDからカード詳細情報を取得	機能仕様	107	1494	"illustrator.id	数値(整数)	イラストレーター＞イラストレーターID"
sheet-4-R083	sheet-4	カード詳細IDからカード詳細情報を取得	機能仕様	108	1495	"illustrator.name_jp	文字型	イラストレーター＞名称（日本語）"
sheet-4-R084	sheet-4	カード詳細IDからカード詳細情報を取得	機能仕様	109	1496	"illustrator.name_en	文字型	イラストレーター＞名称（英語）"
sheet-4-R085	sheet-4	カード詳細IDからカード詳細情報を取得	機能仕様	110	1497	"promotion	オブジェクト	プロモ種別"
sheet-4-R086	sheet-4	カード詳細IDからカード詳細情報を取得	機能仕様	111	1498	"promotion.id	数値(整数)	プロモ種別＞プロモ種別ID"
sheet-4-R087	sheet-4	カード詳細IDからカード詳細情報を取得	機能仕様	112	1499	"promotion.name_jp	文字型	プロモ種別＞名称（日本語）"
sheet-4-R088	sheet-4	カード詳細IDからカード詳細情報を取得	機能仕様	113	1500	"promotion.name_en	文字型	プロモ種別＞名称（英語）"
sheet-4-R089	sheet-4	カード詳細IDからカード詳細情報を取得	機能仕様	114	1501	"promotion.code	文字型	プロモ種別＞コード"
sheet-4-R090	sheet-4	カード詳細IDからカード詳細情報を取得	機能仕様	115	1502	"card_images	オブジェクト	カード画像"
sheet-4-R091	sheet-4	カード詳細IDからカード詳細情報を取得	機能仕様	116	1503	"card_images.id	数値(整数)	カード画像＞カード画像ID"
sheet-4-R092	sheet-4	カード詳細IDからカード詳細情報を取得	機能仕様	117	1504	"card_images.back_flg	数値(整数)	カード画像＞裏面フラグ"
sheet-4-R093	sheet-4	カード詳細IDからカード詳細情報を取得	機能仕様	118	1505	"card_images.url	文字型	カード画像＞URL"
sheet-4-R094	sheet-4	カード詳細IDからカード詳細情報を取得	機能仕様	119	1506	"card_images.create_date	日時（YYYY/MM/DD HH:MM）	カード画像＞作成日時"
sheet-4-R095	sheet-4	カード詳細IDからカード詳細情報を取得	機能仕様	120	1507	"card_images.language.id	数値(整数)	カード画像＞言語＞言語ID"
sheet-4-R096	sheet-4	カード詳細IDからカード詳細情報を取得	機能仕様	121	1508	"card_images.language.name_jp	文字型	カード画像＞言語＞名称（日本語）"
sheet-4-R097	sheet-4	カード詳細IDからカード詳細情報を取得	機能仕様	122	1509	"card_images.language.name_en	文字型	カード画像＞言語＞名称（英語）"
sheet-4-R098	sheet-4	カード詳細IDからカード詳細情報を取得	機能仕様	123	1510	"card_images.language.code	文字型	カード画像＞言語＞言語コード"
sheet-4-R099	sheet-4	カード詳細IDからカード詳細情報を取得	機能仕様	124	1511	レスポンスデータサンプル
sheet-4-R100	sheet-4	カード詳細IDからカード詳細情報を取得	機能仕様	125	1512	{
sheet-4-R101	sheet-4	カード詳細IDからカード詳細情報を取得	機能仕様	126	1513	"""id"":300,"
sheet-4-R102	sheet-4	カード詳細IDからカード詳細情報を取得	機能仕様	127	1514	"""card_id"":null,"
sheet-4-R103	sheet-4	カード詳細IDからカード詳細情報を取得	機能仕様	128	1515	"""back_card_detail_id"":null,"
sheet-4-R104	sheet-4	カード詳細IDからカード詳細情報を取得	機能仕様	129	1516	"""cardset_id"":null,"
sheet-4-R105	sheet-4	カード詳細IDからカード詳細情報を取得	機能仕様	130	1517	"""rarity_id"":null,"
sheet-4-R106	sheet-4	カード詳細IDからカード詳細情報を取得	機能仕様	131	1518	"""illustrator_id"":null,"
sheet-4-R107	sheet-4	カード詳細IDからカード詳細情報を取得	機能仕様	132	1519	"""flavor_jp"":"""","
sheet-4-R108	sheet-4	カード詳細IDからカード詳細情報を取得	機能仕様	133	1520	"""flavor_en"":""The face of mediocrity is wrapped in anointed linen. Aspire to a better end.\n?Epnokep, vizier of Bontu"","
sheet-4-R109	sheet-4	カード詳細IDからカード詳細情報を取得	機能仕様	134	1521	"""text_jp"":""１つの墓地からカード最大３枚を対象とし、それらを追放する。サイクリング(黒)（(黒),このカードを捨てる：カードを１枚引く。）"","
sheet-4-R110	sheet-4	カード詳細IDからカード詳細情報を取得	機能仕様	135	1522	"""text_en"":""Exile up to three target cards from a single graveyard.\nCycling {Black} ({Black}, Discard this card: Draw a card.)"","
sheet-4-R111	sheet-4	カード詳細IDからカード詳細情報を取得	機能仕様	136	1523	"""power"":"""","
sheet-4-R112	sheet-4	カード詳細IDからカード詳細情報を取得	機能仕様	137	1524	"""toughness"":"""","
sheet-4-R113	sheet-4	カード詳細IDからカード詳細情報を取得	機能仕様	138	1525	"""card_no"":""106"","
sheet-4-R114	sheet-4	カード詳細IDからカード詳細情報を取得	機能仕様	139	1526	"""foil"":false,"
sheet-4-R115	sheet-4	カード詳細IDからカード詳細情報を取得	機能仕様	140	1527	"""frame"":""Usually"","
sheet-4-R116	sheet-4	カード詳細IDからカード詳細情報を取得	機能仕様	141	1528	"""update_date"":""2020-08-14T16:36:03+09:00"","
sheet-4-R117	sheet-4	カード詳細IDからカード詳細情報を取得	機能仕様	142	1529	"""create_date"":""2018-06-06T18:44:43+09:00"","
sheet-4-R118	sheet-4	カード詳細IDからカード詳細情報を取得	機能仕様	143	1530	"""card_layout"":"
sheet-4-R119	sheet-4	カード詳細IDからカード詳細情報を取得	機能仕様	144	1531	{
sheet-4-R120	sheet-4	カード詳細IDからカード詳細情報を取得	機能仕様	145	1532	"""id"":1,"
sheet-4-R121	sheet-4	カード詳細IDからカード詳細情報を取得	機能仕様	146	1533	"""name_jp"":""通常"","
sheet-4-R122	sheet-4	カード詳細IDからカード詳細情報を取得	機能仕様	147	1534	"""name_en"":""Normal"""
sheet-4-R123	sheet-4	カード詳細IDからカード詳細情報を取得	機能仕様	148	1535	},
sheet-4-R124	sheet-4	カード詳細IDからカード詳細情報を取得	機能仕様	149	1536	"""rarity"":"
sheet-4-R125	sheet-4	カード詳細IDからカード詳細情報を取得	機能仕様	150	1537	{
sheet-4-R126	sheet-4	カード詳細IDからカード詳細情報を取得	機能仕様	151	1538	"""id"":1,"
sheet-4-R127	sheet-4	カード詳細IDからカード詳細情報を取得	機能仕様	152	1539	"""name_jp"":""コモン"","
sheet-4-R128	sheet-4	カード詳細IDからカード詳細情報を取得	機能仕様	153	1540	"""name_en"":""Common"","
sheet-4-R129	sheet-4	カード詳細IDからカード詳細情報を取得	機能仕様	154	1541	"""code"":""C"""
sheet-4-R130	sheet-4	カード詳細IDからカード詳細情報を取得	機能仕様	155	1542	},
sheet-4-R131	sheet-4	カード詳細IDからカード詳細情報を取得	機能仕様	156	1543	"""cardset"":"
sheet-4-R132	sheet-4	カード詳細IDからカード詳細情報を取得	機能仕様	157	1544	{
sheet-4-R133	sheet-4	カード詳細IDからカード詳細情報を取得	機能仕様	158	1545	"""id"":167,"""
sheet-4-R134	sheet-4	カード詳細IDからカード詳細情報を取得	機能仕様	159	1546	"""name_jp"":""アモンケット"","
sheet-4-R135	sheet-4	カード詳細IDからカード詳細情報を取得	機能仕様	160	1547	"""name_en"":""Amonkhet"","
sheet-4-R136	sheet-4	カード詳細IDからカード詳細情報を取得	機能仕様	161	1548	"""code"":""AKH"","
sheet-4-R137	sheet-4	カード詳細IDからカード詳細情報を取得	機能仕様	162	1549	"""symbol_image"":""set/5cd1460b9862d364.png"","
sheet-4-R138	sheet-4	カード詳細IDからカード詳細情報を取得	機能仕様	163	1550	"""cardsetblock_id"":25,"
sheet-4-R139	sheet-4	カード詳細IDからカード詳細情報を取得	機能仕様	164	1551	"""release_date"":""2017-04-28T00:00:00+09:00"","
sheet-4-R140	sheet-4	カード詳細IDからカード詳細情報を取得	機能仕様	165	1552	"""special_flg"":false,"
sheet-4-R141	sheet-4	カード詳細IDからカード詳細情報を取得	機能仕様	166	1553	"""branch_display_flg"":true"
sheet-4-R142	sheet-4	カード詳細IDからカード詳細情報を取得	機能仕様	167	1554	},
sheet-4-R143	sheet-4	カード詳細IDからカード詳細情報を取得	機能仕様	168	1555	"""illustrator"":"
sheet-4-R144	sheet-4	カード詳細IDからカード詳細情報を取得	機能仕様	169	1556	{
sheet-4-R145	sheet-4	カード詳細IDからカード詳細情報を取得	機能仕様	170	1557	"""id"":26,"
sheet-4-R146	sheet-4	カード詳細IDからカード詳細情報を取得	機能仕様	171	1558	"""name_jp"":null,"
sheet-4-R147	sheet-4	カード詳細IDからカード詳細情報を取得	機能仕様	172	1559	"""name_en"":""Tony Foti"""
sheet-4-R148	sheet-4	カード詳細IDからカード詳細情報を取得	機能仕様	173	1560	},
sheet-4-R149	sheet-4	カード詳細IDからカード詳細情報を取得	機能仕様	174	1561	"""promotion"":"
sheet-4-R150	sheet-4	カード詳細IDからカード詳細情報を取得	機能仕様	175	1562	{
sheet-4-R151	sheet-4	カード詳細IDからカード詳細情報を取得	機能仕様	176	1563	"""id"":1,"
sheet-4-R152	sheet-4	カード詳細IDからカード詳細情報を取得	機能仕様	177	1564	"""name_jp"":""ノンプロモ"","
sheet-4-R153	sheet-4	カード詳細IDからカード詳細情報を取得	機能仕様	178	1565	"""name_en"":""Non Promotion"","
sheet-4-R154	sheet-4	カード詳細IDからカード詳細情報を取得	機能仕様	179	1566	"""code"":"""""
sheet-4-R155	sheet-4	カード詳細IDからカード詳細情報を取得	機能仕様	180	1567	},
sheet-4-R156	sheet-4	カード詳細IDからカード詳細情報を取得	機能仕様	181	1568	"""card_images"":"
sheet-4-R157	sheet-4	カード詳細IDからカード詳細情報を取得	機能仕様	182	1569	[
sheet-4-R158	sheet-4	カード詳細IDからカード詳細情報を取得	機能仕様	183	1570	{
sheet-4-R159	sheet-4	カード詳細IDからカード詳細情報を取得	機能仕様	184	1571	"""id"":599,"
sheet-4-R160	sheet-4	カード詳細IDからカード詳細情報を取得	機能仕様	185	1572	"""back_flg"":false,"
sheet-4-R161	sheet-4	カード詳細IDからカード詳細情報を取得	機能仕様	186	1573	"""url"":""img/goods/card/AKH/jp/scarab_feast.jpg"","
sheet-4-R162	sheet-4	カード詳細IDからカード詳細情報を取得	機能仕様	187	1574	"""create_date"":""2018-06-06T18:44:43+09:00"","
sheet-4-R163	sheet-4	カード詳細IDからカード詳細情報を取得	機能仕様	188	1575	"""language"":"
sheet-4-R164	sheet-4	カード詳細IDからカード詳細情報を取得	機能仕様	189	1576	{
sheet-4-R165	sheet-4	カード詳細IDからカード詳細情報を取得	機能仕様	190	1577	"""id"":1,"
sheet-4-R166	sheet-4	カード詳細IDからカード詳細情報を取得	機能仕様	191	1578	"""name_jp"":""日本語"","
sheet-4-R167	sheet-4	カード詳細IDからカード詳細情報を取得	機能仕様	192	1579	"""name_en"":""Japanease"","
sheet-4-R168	sheet-4	カード詳細IDからカード詳細情報を取得	機能仕様	193	1580	"""code"":""JP"""
sheet-4-R169	sheet-4	カード詳細IDからカード詳細情報を取得	機能仕様	194	1581	}
sheet-4-R170	sheet-4	カード詳細IDからカード詳細情報を取得	機能仕様	195	1582	},
sheet-4-R171	sheet-4	カード詳細IDからカード詳細情報を取得	機能仕様	196	1583	]
sheet-4-R172	sheet-4	カード詳細IDからカード詳細情報を取得	機能仕様	197	1584	}
sheet-4-R173	sheet-4	カード詳細IDからカード詳細情報を取得	現行仕様	201	1588	A14-02 カード詳細IDからカード詳細情報を取得 / API カード管理 — カード詳細IDからカード詳細情報を取得
sheet-4-R174	sheet-4	カード詳細IDからカード詳細情報を取得	現行仕様	203	1590	取得対象
sheet-4-R175	sheet-4	カード詳細IDからカード詳細情報を取得	現行仕様	204	1591	パスで指定されたカード詳細IDに一致するカード詳細だけを取得する。カード詳細IDはカード詳細マスタの主キーであり、一致するものが無いときは取得しない。
sheet-4-R176	sheet-4	カード詳細IDからカード詳細情報を取得	現行仕様	205	1592	応答値の作り方
sheet-4-R177	sheet-4	カード詳細IDからカード詳細情報を取得	現行仕様	206	1593	除外指定のプロパティを除き、全プロパティを応答へ含める。値は取得時点の値だけを返す。金額・税・ポイント・在庫数量は、いずれの場合も再計算と丸めを行わない。表示用の加工と表示制御は本APIでは行わず、呼び出し元の設計に従う限りとする。
sheet-4-R178	sheet-4	カード詳細IDからカード詳細情報を取得	現行仕様	207	1594	"除外指定のプロパティ	応答"
sheet-4-R179	sheet-4	カード詳細IDからカード詳細情報を取得	現行仕様	208	1595	"カードレイアウトID	値が設定されている場合も含めない"
sheet-4-R180	sheet-4	カード詳細IDからカード詳細情報を取得	現行仕様	209	1596	"プロモーションID	値が設定されている場合も含めない"
sheet-4-R181	sheet-4	カード詳細IDからカード詳細情報を取得	現行仕様	210	1597	"親カード	値が設定されている場合も含めない"
sheet-4-R182	sheet-4	カード詳細IDからカード詳細情報を取得	現行仕様	211	1598	"商品サブ	値が設定されている場合も含めない"
sheet-4-R183	sheet-4	カード詳細IDからカード詳細情報を取得	現行仕様	212	1599	エラー時の扱い
sheet-4-R184	sheet-4	カード詳細IDからカード詳細情報を取得	現行仕様	213	1600	"事象	扱い"
sheet-4-R185	sheet-4	カード詳細IDからカード詳細情報を取得	現行仕様	214	1601	"指定のカード詳細IDに一致するカード詳細が無いとき	コード404・「Not Found」のJSONを返す"
sheet-4-R186	sheet-4	カード詳細IDからカード詳細情報を取得	現行仕様	216	1603	"種類	内容"
sheet-4-R187	sheet-4	カード詳細IDからカード詳細情報を取得	現行仕様	217	1604	"入力	カード詳細ID（id、パス、必須）。パスで指定するときの型は integer とする。"
sheet-4-R188	sheet-4	カード詳細IDからカード詳細情報を取得	現行仕様	218	1605	"成功時出力	該当のカード詳細があるときは HTTP200。カード詳細情報のJSON。"
sheet-4-R189	sheet-4	カード詳細IDからカード詳細情報を取得	現行仕様	219	1606	"失敗時出力	該当が無いときは HTTP404。{code, message} の形で ""Not Found"" を返す。"
sheet-4-R190	sheet-4	カード詳細IDからカード詳細情報を取得	現行仕様	220	1607	出力: 応答フィールド
sheet-4-R191	sheet-4	カード詳細IDからカード詳細情報を取得	現行仕様	221	1608	"フィールド	型	内容"
sheet-4-R192	sheet-4	カード詳細IDからカード詳細情報を取得	現行仕様	222	1609	"id	integer	カード詳細ID"
sheet-4-R193	sheet-4	カード詳細IDからカード詳細情報を取得	現行仕様	223	1610	"cardId	integer	紐づくカードID"
sheet-4-R194	sheet-4	カード詳細IDからカード詳細情報を取得	現行仕様	224	1611	"backCardDetailId	integer	裏面カードID"
sheet-4-R195	sheet-4	カード詳細IDからカード詳細情報を取得	現行仕様	225	1612	"cardsetId	integer	カードセットID"
sheet-4-R196	sheet-4	カード詳細IDからカード詳細情報を取得	現行仕様	226	1613	"rarityId	integer	レアリティID"
sheet-4-R197	sheet-4	カード詳細IDからカード詳細情報を取得	現行仕様	227	1614	"illustratorId	integer	イラストレーターID"
sheet-4-R198	sheet-4	カード詳細IDからカード詳細情報を取得	現行仕様	228	1615	"flavorJp	string	フレーバーテキスト（日）"
sheet-4-R199	sheet-4	カード詳細IDからカード詳細情報を取得	現行仕様	229	1616	"flavorEn	string	フレーバーテキスト（英）"
sheet-4-R200	sheet-4	カード詳細IDからカード詳細情報を取得	現行仕様	230	1617	"textJp	string	カードテキスト（日）"
sheet-4-R201	sheet-4	カード詳細IDからカード詳細情報を取得	現行仕様	231	1618	"textEn	string	カードテキスト（英）"
sheet-4-R202	sheet-4	カード詳細IDからカード詳細情報を取得	現行仕様	232	1619	"power	string	パワー"
sheet-4-R203	sheet-4	カード詳細IDからカード詳細情報を取得	現行仕様	233	1620	"toughness	string	タフネス"
sheet-4-R204	sheet-4	カード詳細IDからカード詳細情報を取得	現行仕様	234	1621	"cardNo	string	カードNo"
sheet-4-R205	sheet-4	カード詳細IDからカード詳細情報を取得	現行仕様	235	1622	"foilFlg	boolean	Foilフラグ"
sheet-4-R206	sheet-4	カード詳細IDからカード詳細情報を取得	現行仕様	236	1623	"promotionFlg	boolean	プロモフラグ"
sheet-4-R207	sheet-4	カード詳細IDからカード詳細情報を取得	現行仕様	237	1624	"updateDate	string	更新日時"
sheet-4-R208	sheet-4	カード詳細IDからカード詳細情報を取得	現行仕様	238	1625	"createDate	string	作成日時"
sheet-4-R209	sheet-4	カード詳細IDからカード詳細情報を取得	現行仕様	239	1626	"cardLayout	object	カードレイアウト情報"
sheet-4-R210	sheet-4	カード詳細IDからカード詳細情報を取得	現行仕様	240	1627	"rarity	object	レアリティ情報"
sheet-4-R211	sheet-4	カード詳細IDからカード詳細情報を取得	現行仕様	241	1628	"cardset	object	カードセット情報"
sheet-4-R212	sheet-4	カード詳細IDからカード詳細情報を取得	現行仕様	242	1629	"illustrator	object	イラストレーター情報"
sheet-4-R213	sheet-4	カード詳細IDからカード詳細情報を取得	現行仕様	243	1630	"promotion	object	プロモーション情報"
sheet-4-R214	sheet-4	カード詳細IDからカード詳細情報を取得	現行仕様	244	1631	"cardImages	array	カード画像の一覧"
sheet-4-R215	sheet-4	カード詳細IDからカード詳細情報を取得	現行仕様	245	1632	入出力: 永続化
sheet-4-R216	sheet-4	カード詳細IDからカード詳細情報を取得	現行仕様	246	1633	いずれの場合もデータを更新しない。
sheet-4-R217	sheet-4	カード詳細IDからカード詳細情報を取得	表示メッセージ	249	1636	この機能は、いずれの場合もメッセージを扱わない。
sheet-5-R001	sheet-5	検索クエリに一致するカード情報1件を取得	処理概要	23	1644	GET　POST　PUT　DELETE　PATCH　OPTIONS　HEAD　有　無　〇
sheet-5-R002	sheet-5	検索クエリに一致するカード情報1件を取得	処理概要	24	1645	エンドポイントURL
sheet-5-R003	sheet-5	検索クエリに一致するカード情報1件を取得	処理概要	25	1646	/card?name={name}&lang={lang}
sheet-5-R004	sheet-5	検索クエリに一致するカード情報1件を取得	処理概要	26	1647	プロトコル　HTTP　メソッド　GET　認証の有無　無　認証方式　無　リクエスト書式　クエリ　レスポンス書式　JSON
sheet-5-R005	sheet-5	検索クエリに一致するカード情報1件を取得	機能仕様	28	1649	・現行踏襲のためカスタマイズ要件はなし
sheet-5-R006	sheet-5	検索クエリに一致するカード情報1件を取得	機能仕様	30	1651	・リクエストパラメータで指定された条件に基づき、データベースから検索したカード情報を1件を返す
sheet-5-R007	sheet-5	検索クエリに一致するカード情報1件を取得	機能仕様	31	1652	・リクエストパラメータ「lang」が未指定の場合は、英語版(en)のカード情報を優先して返す
sheet-5-R008	sheet-5	検索クエリに一致するカード情報1件を取得	機能仕様	32	1653	リクエストパラメータ
sheet-5-R009	sheet-5	検索クエリに一致するカード情報1件を取得	機能仕様	33	1654	"項目名	型	必須	最大文字数"
sheet-5-R010	sheet-5	検索クエリに一致するカード情報1件を取得	機能仕様	34	1655	"または最大値	入力例	備考"
sheet-5-R011	sheet-5	検索クエリに一致するカード情報1件を取得	機能仕様	35	1656	"name	文字型	〇	-	ゲイラキャット / Gaelicat	日本語、英語のカード名を「 / 」で区切り入力できる"
sheet-5-R012	sheet-5	検索クエリに一致するカード情報1件を取得	機能仕様	36	1657	半角英数の場合は英語、それ以外を日本語のカード名とする
sheet-5-R013	sheet-5	検索クエリに一致するカード情報1件を取得	機能仕様	37	1658	"lang	文字型	-	-	ja	優先して取得するカード情報の言語を入力できる"
sheet-5-R014	sheet-5	検索クエリに一致するカード情報1件を取得	機能仕様	38	1659	未指定の場合、英語版(en)のカード情報を優先して返す
sheet-5-R015	sheet-5	検索クエリに一致するカード情報1件を取得	機能仕様	39	1660	リクエストパラメータサンプル
sheet-5-R016	sheet-5	検索クエリに一致するカード情報1件を取得	機能仕様	40	1661	/card?name=ゲイラキャット / Gaelicat&lang=en
sheet-5-R017	sheet-5	検索クエリに一致するカード情報1件を取得	機能仕様	41	1662	ステータスコード
sheet-5-R018	sheet-5	検索クエリに一致するカード情報1件を取得	機能仕様	42	1663	コード　説明
sheet-5-R019	sheet-5	検索クエリに一致するカード情報1件を取得	機能仕様	43	1664	200.0　正常終了
sheet-5-R020	sheet-5	検索クエリに一致するカード情報1件を取得	機能仕様	44	1665	404.0　リクエストパラメータ「name」が未指定の場合
sheet-5-R021	sheet-5	検索クエリに一致するカード情報1件を取得	機能仕様	45	1666	リクエストパラメータで指定された条件に該当するカード情報が存在しない場合
sheet-5-R022	sheet-5	検索クエリに一致するカード情報1件を取得	機能仕様	46	1667	レスポンスデータ
sheet-5-R023	sheet-5	検索クエリに一致するカード情報1件を取得	機能仕様	47	1668	"名前	型	説明"
sheet-5-R024	sheet-5	検索クエリに一致するカード情報1件を取得	機能仕様	48	1669	"id	数値(整数)	カードID"
sheet-5-R025	sheet-5	検索クエリに一致するカード情報1件を取得	機能仕様	49	1670	"name_jp	文字型	カード名(日)"
sheet-5-R026	sheet-5	検索クエリに一致するカード情報1件を取得	機能仕様	50	1671	"name_en	文字型	カード名(英)"
sheet-5-R027	sheet-5	検索クエリに一致するカード情報1件を取得	機能仕様	51	1672	"image_url	文字型	画像URL"
sheet-5-R028	sheet-5	検索クエリに一致するカード情報1件を取得	機能仕様	52	1673	レスポンスデータサンプル
sheet-5-R029	sheet-5	検索クエリに一致するカード情報1件を取得	機能仕様	53	1674	{
sheet-5-R030	sheet-5	検索クエリに一致するカード情報1件を取得	機能仕様	54	1675	"""id"": 43961"
sheet-5-R031	sheet-5	検索クエリに一致するカード情報1件を取得	機能仕様	55	1676	"""nameJp"": ゲイラキャット"
sheet-5-R032	sheet-5	検索クエリに一致するカード情報1件を取得	機能仕様	56	1677	"""nameEn"": Gaelicat"
sheet-5-R033	sheet-5	検索クエリに一致するカード情報1件を取得	機能仕様	57	1678	"""image_url"": ""https://stg-files.hareruyamtg.com/img/goods/L/FIN/_jp_0c91eb74ed._jpg"""
sheet-5-R034	sheet-5	検索クエリに一致するカード情報1件を取得	機能仕様	58	1679	}
sheet-5-R035	sheet-5	検索クエリに一致するカード情報1件を取得	現行仕様	62	1683	A14-03 検索クエリに一致するカード情報1件を取得 / API カード管理 — 検索クエリに一致するカード情報1件を取得
sheet-5-R036	sheet-5	検索クエリに一致するカード情報1件を取得	現行仕様	64	1685	検索条件
sheet-5-R037	sheet-5	検索クエリに一致するカード情報1件を取得	現行仕様	65	1686	カード名は日本語名・英語名・「日本語名/英語名」・「英語名/日本語名」のいずれの形でも受け取る。分割カードは + でつないだ入力を想定し、内部で / に置き換えて突き合わせる。カード名が空のときは該当なしとして扱う。
sheet-5-R038	sheet-5	検索クエリに一致するカード情報1件を取得	現行仕様	66	1687	カード言語が ja のときは日本語、それ以外のときは英語を並び順の優先言語とする。
sheet-5-R039	sheet-5	検索クエリに一致するカード情報1件を取得	現行仕様	67	1688	取得の判定
sheet-5-R040	sheet-5	検索クエリに一致するカード情報1件を取得	現行仕様	68	1689	条件に一致するカードのうち 1 件だけを返す。1 件も一致しないとき、およびカード名が空に相当するときはコード 404 とメッセージ「Not Found」を返す。
sheet-5-R041	sheet-5	検索クエリに一致するカード情報1件を取得	現行仕様	69	1690	取得した値をそのまま返し、金額・ポイント・数量・ステータス・日時の再計算と補正は行わない。
sheet-5-R042	sheet-5	検索クエリに一致するカード情報1件を取得	現行仕様	70	1691	エラー時の扱い
sheet-5-R043	sheet-5	検索クエリに一致するカード情報1件を取得	現行仕様	71	1692	"エラー内容	処理"
sheet-5-R044	sheet-5	検索クエリに一致するカード情報1件を取得	現行仕様	72	1693	"条件に一致するカードが無い、またはカード名が空	コード 404 とメッセージ「Not Found」を返す"
sheet-5-R045	sheet-5	検索クエリに一致するカード情報1件を取得	現行仕様	74	1695	"種類	内容"
sheet-5-R046	sheet-5	検索クエリに一致するカード情報1件を取得	現行仕様	75	1696	"入力	カード名（必須）とカード言語（任意）"
sheet-5-R047	sheet-5	検索クエリに一致するカード情報1件を取得	現行仕様	76	1697	"成功時出力	HTTP 200。条件に一致するカード 1 件"
sheet-5-R048	sheet-5	検索クエリに一致するカード情報1件を取得	現行仕様	77	1698	"失敗時出力	該当が無いときは 404。本文はコードとメッセージ「Not Found」"
sheet-5-R049	sheet-5	検索クエリに一致するカード情報1件を取得	現行仕様	78	1699	入出力: 応答の項目
sheet-5-R050	sheet-5	検索クエリに一致するカード情報1件を取得	現行仕様	79	1700	"フィールド	型	説明"
sheet-5-R051	sheet-5	検索クエリに一致するカード情報1件を取得	現行仕様	80	1701	"id	integer	カードID"
sheet-5-R052	sheet-5	検索クエリに一致するカード情報1件を取得	現行仕様	81	1702	"nameJp	string	カード名（日）"
sheet-5-R053	sheet-5	検索クエリに一致するカード情報1件を取得	現行仕様	82	1703	"nameEn	string	カード名（英）"
sheet-5-R054	sheet-5	検索クエリに一致するカード情報1件を取得	現行仕様	83	1704	"image_url	string	カード画像のURL"
sheet-5-R055	sheet-5	検索クエリに一致するカード情報1件を取得	現行仕様	84	1705	入出力: 永続化
sheet-5-R056	sheet-5	検索クエリに一致するカード情報1件を取得	現行仕様	85	1706	この機能ではデータを更新しない。
sheet-5-R057	sheet-5	検索クエリに一致するカード情報1件を取得	表示メッセージ	88	1709	本APIは画面へ文言を表示しない。
