判定	課題キー	状態	件名	重複と判断した理由	drift行番号	乖離機能No	乖離機能名	乖離優先度	乖離トリアージ区分	乖離codex工数	乖離設計期待値	乖離差分内容	機械突合の1位一致	機械突合の1位スコア	機械突合の1位が同じ行か
重複	ECCUBE_HARERUYA-1712	未対応	カード管理 - 【要確認】商品紐付き時に「詳細情報を追加」が非表示にならない	商品紐付き時に詳細情報を追加が非表示にならない	907	M14-04	M14-04 カード詳細(登録・編集・削除)	P2	要修正-設計準拠	0.1	詳細情報が商品と紐づく場合、「詳細情報を追加」ボタンを非表示にする。	商品紐づき有無を add-detail ボタン表示条件に使っていない。detail_row.twig では行単位削除ボタン非表示は実装済みだが、設計が要求する追加ボタン非表示は未反映。	設計書＋実装ファイル	0.371	Y
重複	ECCUBE_HARERUYA-1714	未対応	※2407対応待ち※カード管理 - フォーマット名がリンクになっていない	フォーマット名がリンクになっていない	939	M14-09	M14-09 フォーマット一覧	P4	要修正-設計準拠	0.1	フォーマット名セルは「和名 / 英名」のテキストを編集 URL へのリンクとする。	設計はフォーマット名自体のリンク化を要求しているが、実装では名前テキストを押下しても編集画面へ遷移できない。	設計書	0.201	Y
重複	ECCUBE_HARERUYA-1772	処理中	【未実装】フロントトップ_ECTOP（本店トップ）_本店トップ「アイテムを探す」のカテゴリ・カードセットのリンクが押下しても商品一覧へ遷移しない	アイテムを探すのカテゴリ・カードセットが遷移しない	234	F01-01	F01-01 ECTOP	P2	要修正-設計準拠	0.5	アイテムを探す(5): 画面部品は静的コンテンツだが、(5-5)カテゴリ押下で当該カテゴリ絞込の商品一覧画面へ、(5-6)通常盤以外のカードセット押下で当該カードセット絞込の商品一覧画面へ遷移する（5-5/5-6はリンク）。	設計は5-5/5-6を『リンク』と定義し押下時の商品一覧遷移を明示要求。実装は href 無しの aria-disabled 非リンクで遷移ロジックが未配線のため機能要求(5-5)(5-6)が実現されていない。	設計書＋実装ファイル	0.389	
重複	ECCUBE_HARERUYA-1779	処理中	【実装乖離】フロントトップ_支店ECTOP_支店ECTOPの(1)注文方法ラベルにて、非会員・支店店内アカウント以外向けの文言が「承っています。」となっており、設計書の「承っております。」と表記が異なる	支店ECTOPの注文方法ラベル文言が設計と異なる	240	F01-02	F01-02 支店ECTOP	D	要設計判断(正本内で記述が矛盾)		非会員向け文言『このサイトでは、晴れる屋{支店名}での店頭受け取り注文を承っております。配送をご希望の方は、通販サイトをご利用ください。』	shop_order_method.twig:23 が prefix1/prefix2/link_text/suffix を結合表示。messages.ja.yaml:1250 の文言が設計の引用文と一字相違(承っております/承っています)。利用者が直接目にする文言のため差異として計上(軽微)。	設計書＋実装ファイル	0.438	Y
重複	ECCUBE_HARERUYA-1784	処理中	"【一部実装】フロントトップ_支店ECTOP_支店ECTOPの(8)おすすめ特集が、ブロック管理に登録されていない固定テンプレートで、全バナーのリンク先が href=""#"" のプレースホルダのままになっている"	支店ECTOPのおすすめ特集がブロック管理でなく固定	239	F01-02	F01-02 支店ECTOP	P2	一部解消-残差あり	0.25	(8-1)バナー画像押下でhtml内で各画像に設定しているURLに遷移。管理画面＞コンテンツ管理＞ブロック管理に設定されている編集可能なブロックを表示する。	"shop_recommend を無パラメータで include(PHPに shop_recommend 参照なし)、動的URL/ブロック管理データを渡していない。app/html オーバーライドも無し。設計(8-1)の『押下→設定URLへ遷移』『ブロック管理の編集可能ブロック表示』が href=""#"" のプレースホルダで未実装。"	設計書＋実装ファイル	0.525	Y
重複	ECCUBE_HARERUYA-1790	処理中	"【一部実装】フロントグローバルナビ_PC版ナビゲーション_フッター(24)サイトマップの「FAQ」リンクが href=""#"" のままで、FAQ画面へ遷移しない"	フッターサイトマップのFAQリンクが#のまま	245	F02-02	F02-02 スマホ版ナビゲーション	P2	要修正-設計準拠	0	サイトマップ(23-12) FAQリンク：押下すると、FAQ画面へ遷移する	"footer_sitemap.twig の他の全リンクは url() で遷移先実装済みだが、FAQ だけがプレースホルダ(""#"")。FAQ画面ルート(user_data/hareruya_faq 想定)も未実装のためTODOコメントが残り、設計が求める FAQ画面への遷移が未実装。"	設計書＋実装ファイル	0.508	Y
重複	ECCUBE_HARERUYA-1792	処理中	"【一部実装】フロントグローバルナビ_スマホ版ナビゲーション_スマホ版ナビゲーションの(4)メニュー内「デッキ構築」リンクが href=""#"" のままで、デッキTOP画面へ遷移しない"	スマホ版メニューのデッキ構築リンクが#のまま	244	F02-02	F02-02 スマホ版ナビゲーション	P2	要修正-設計準拠	0.25	(4)メニュー（スマホ版ハンバーガーメニュー）内 4-6 デッキ構築リンク：押下すると、デッキTOP画面へ遷移する	"同じ「デッキ構築」導線は header.twig:74,92 / header.en.twig:73,90 / footer_sitemap.twig:36 では /decks を指して実装済みだが、スマホ版メニュー mega_menu.twig の 4-6 だけが未設定(""#"")。設計は当該リンクの遷移先をデッキTOP画面と明記しており、遷移先が未設定=実装違い。"	設計書＋実装ファイル	0.496	Y
重複	ECCUBE_HARERUYA-1853	処理中	【実装乖離】フロントネット買取_ネット買取買取手続き～完了_買取依頼内容確認にて、ネット買取利用規約がテキストエリアで表示されず、モーダルも買取該当箇所ではなく共通規約の冒頭から表示される	買取利用規約が共通規約の該当箇所から表示されない	277	F05-06	F05-06 ネット買取買取手続き～完了	P2	要再起票(記述が事実と相違)	0	★カスタマイズ要件：現行は買取依頼内容の確認画面で『買取利用規約』を表示しているが、リニューアル後はサイト全体で共通の利用規約にまとめるため共通の利用規約を表示し、かつ『冒頭からではなく買取に該当する箇所を表示する』（画面部品#23 ネット買取利用規約テキストエリア：共通の利用規約を表示／買取に該当する箇所を表示）	fill.twig→Block/terms_modal.twig→net_purchase_terms_text.twig および messages.ja.yaml(front.agreement.s1〜s11/front.purchase.fill.terms_heading) を確認。共通利用規約の表示自体は実装されているが、★カスタマイズで明記された『冒頭からではなく買取に該当する箇所を表示する』が満たされず、モーダルは共通規約を冒頭(第1条 適用範囲)から全文表示する。加えて共通規約側に買取該当条項が統合されておらず、旧・買取専用規約テンプレは渡されても描画されない。利用者が目にする規約表示が設計の要求位置・要求内容と差異があるため実装違い。	設計書＋実装ファイル	0.679	Y
重複	ECCUBE_HARERUYA-1865	処理中	【未実装】フロント会員_本会員登録_本会員登録にて、仮会員が既にスマレジIDを保有している場合の「登録済みエラー」判定が実装されておらず、エラーにならずに本会員登録が完了してしまう	スマレジID保有時の登録済みエラー判定が無い	283	F06-02	F06-02 本会員登録	P2	要修正-設計準拠	0.5	判定順序3: 秘密キーで取得した会員の選手情報にスマレジIDが既にある場合は再登録せず、共通エラー画面『完了済みです。／既に会員登録が完了されております。』を表示して終了する。	設計の判定順序3を正として実装を精査。スマレジID保有時の分岐がエラー画面ではなく冪等スキップ+正常完了扱いになっている。『完了済み』判定は customer_status(273-279)でのみ行われ、設計指定のスマレジID保有による判定・画面出力は未実装(activate_error.twig の error_type にも該当ケース無し)。	機能No＋設計書＋実装ファイル	0.683	Y
重複	ECCUBE_HARERUYA-1866	処理中	【一部実装】フロント会員_本会員登録_本会員登録にて、既にスマレジIDを持つユーザーの場合に E-2. ユーザー存在チェックエラー画面が表示されない	スマレジID保有時のE-2エラー画面が出ない	283	F06-02	F06-02 本会員登録	P2	要修正-設計準拠	0.5	判定順序3: 秘密キーで取得した会員の選手情報にスマレジIDが既にある場合は再登録せず、共通エラー画面『完了済みです。／既に会員登録が完了されております。』を表示して終了する。	設計の判定順序3を正として実装を精査。スマレジID保有時の分岐がエラー画面ではなく冪等スキップ+正常完了扱いになっている。『完了済み』判定は customer_status(273-279)でのみ行われ、設計指定のスマレジID保有による判定・画面出力は未実装(activate_error.twig の error_type にも該当ケース無し)。	機能No＋設計書＋実装ファイル	0.642	Y
重複	ECCUBE_HARERUYA-1870	処理中	【一部実装】フロント会員_パスワード再発行_パスワード再設定完了にて、パスワードリセット完了のログ(ユーザーID・メールアドレス・グローバルIP)が保存されていない	パスワードリセット完了ログが保存されない	289	F06-04	F06-04 パスワード再発行	P2	要修正-設計準拠	0.25	パスワード更新（リセット完了）成功時に完了ログを保存する（会員ID・メールアドレス・アクセス元グローバルIP）。	設計はパスワード更新完了時に会員ID・メール・接続元IPを含む完了ログの保存を要求するが、実装の更新成功パスにはログ出力がなく完了ログのみ欠落している。	機能No＋設計書＋実装ファイル	0.711	Y
重複	ECCUBE_HARERUYA-1872	処理中	【実装乖離】フロント会員_マイページ_マイページのバーコードが会員ごとのスマレジ会員コードではなく固定値でハードコードされており、店頭で読み取っても会員を特定できない	マイページのバーコードが固定値	290	F06-05	F06-05 マイページ	P2	要修正-設計準拠	0.1	画面部品(5)バーコードは会員本人を店頭POSで識別するためのバーコードであり、店頭受取注文の際に読み取るとスマレジと連携して会員の注文履歴に登録・ポイント付与される。バーコードは各会員のスマレジ会員コードを表す必要がある。	実バーコードが全会員同一の固定値のため店頭POSで会員本人を識別できず、注文履歴登録・ポイント付与という設計要求を満たさない。	機能No＋設計書＋実装ファイル	0.854	Y
重複	ECCUBE_HARERUYA-1876	処理中	【実装乖離】フロント会員_ポイント履歴_ポイント履歴のページネーションで、現在ページの前後4ページ分のページ番号が表示されず、前後2ページ分(計5件)しか表示されない	ポイント履歴のページ番号が前後4件でなく2件	304	F06-10	F06-10 ポイント履歴	P4	要修正-設計準拠	0.25	ページ番号は現在表示ページから前後最大4つまで表示（現在ページ中心に前後4件、最大9件）。	paginate呼び出し・pager.twig・knp既定値(5)・app/config未設定を確認。設計の前後4件に対し実装は前後2件で数値差。	機能No＋設計書＋実装ファイル	0.877	Y
重複	ECCUBE_HARERUYA-1879	処理中	【実装乖離】フロント会員_マイイベント・デッキ登録_マイイベント・デッキ登録にて、開催日当日でも開始時刻を過ぎると処理状態が「イベント終了」になる	開催日当日でも開始時刻超過でイベント終了になる	310	F06-14	F06-14 マイイベント・デッキ登録	P2	要修正-設計準拠	0.5	開催日の23:59:59を過ぎたイベントは処理状態に「イベント終了」と表示する。	設計は開催日当日の終端(23:59:59)を基準とするが、実装は開催開始日時そのものを基準にしている。開催当日で開始時刻経過後（例:10:00開始を当日12:00閲覧）は設計上まだ終了表示すべきでないのにイベント終了となる。開催日終端やend_date基準の終了判定は他に存在しない。	設計書＋実装ファイル	0.494	Y
重複	ECCUBE_HARERUYA-1880	処理中	【一部実装】フロント会員_マイイベント・デッキ登録_マイイベント・デッキ登録にて、デッキ登録状況ラベルが非表示条件に該当しても常に表示される	デッキ登録状況ラベルが非表示条件で消えない	309	F06-14	F06-14 マイイベント・デッキ登録	P2	要修正-設計準拠	0.25	★(6)デッキステータス（デッキ登録状況）と(7)デッキ登録/編集は、(4)ステータスが「イベント終了」／デッキ登録締切日時超過／「デッキ登録を終了する」チェック／「デッキ登録あり」未チェックのいずれかで表示しない。	設計は(6)デッキステータスと(7)デッキ登録/編集の両方を4条件で非表示にするよう求めるが、実装ではボタンのみ条件付き非表示、ラベルは無条件描画。event_history.twig全体・DtbEventDetailを確認したがラベル行に非表示ガードは無い。	設計書＋実装ファイル	0.596	Y
重複	ECCUBE_HARERUYA-1881	処理中	【実装乖離】フロント会員_マイイベント・デッキ登録_マイイベント・デッキ登録のページネーションで、現在ページの前後4ページ分のリンクが表示されない	ページネーションが前後4件でない	311	F06-14	F06-14 マイイベント・デッキ登録	P2	要修正-設計準拠	0.25	(10)ページネーション：前後に4ページ分のリンクを表示する（例：8ページ選択時は4〜12ページのリンク）。	設計は現在ページ±4（例8→4〜12の9リンク）を要求。実装はrange指定が無くKnpデフォルトの±2で描画される。page_range/pageRange設定箇所を全探索したが該当なし。	設計書＋実装ファイル	0.567	Y
重複	ECCUBE_HARERUYA-1884	処理中	【一部実装】フロント会員_大会デッキ登録編集_大会デッキ登録編集のマイデッキ取得ポップアップに、1ページ20件のページングと件数表示が無い	マイデッキ取得ポップアップにページングが無い	317	F06-16	F06-16 大会デッキ登録編集	P2	要修正-設計準拠	2.0	マイデッキ取得ポップアップに検索結果総数(2)・表示件数(3)・ページング(4)を表示。ページングは1ページ最大20件、ページ切り替えは動的処理。	設計はページング(最大20件/動的切替)・総数・表示件数の表示を明示。テンプレート/Controller に該当UI・データが無い。フォーマット絞り込み(select_format)のみ実装済み。	設計書＋実装ファイル	0.639	Y
重複	ECCUBE_HARERUYA-1885	処理中	【一部実装】フロント会員_大会デッキ登録編集_大会デッキ登録編集にて、カード名入力時のサジェスト候補が取得・表示されない	カード名サジェストが動かない	318	F06-16	F06-16 大会デッキ登録編集	P2	要修正-設計準拠	4.0	カード名入力で部分一致するカードがサジェスト表示され、選択して自動入力できる（フォーマット別サジェストファイル参照）。	部分一致サジェストの中核要求に対し候補データ供給源が実装に存在しない。UIの器だけあり機能が空。hareruya-event.js の grep でも deckentry-card-suggest セレクタのみで fetch/api 呼び出しなし。	設計書＋実装ファイル	0.666	Y
重複	ECCUBE_HARERUYA-1892	処理中	【実装乖離】フロント会員_会員情報変更_会員情報変更にて、ブラックリスト該当時に会員情報更新エラー画面へ遷移しない	ブラックリスト該当時に更新エラー画面へ行かない	323	F06-18	F06-18 会員情報変更	P2	要修正-設計準拠	2.0	ブラックリスト該当値へ変更して変更するを押下すると専用の会員情報更新エラー画面へ遷移する。かつ本機能はフラッシュ・トーストを生成しない。	設計は専用エラー画面への遷移かつフラッシュ非生成を規定するが、実装は画面遷移せずフラッシュ付き再描画する。ChangeController・change.twig・default_frame.twig を確認し会員情報変更用エラー画面は不在。遷移仕様とフラッシュ非生成方針の双方に反する。	設計書＋実装ファイル	0.478	Y
重複	ECCUBE_HARERUYA-1894	処理中	【未実装】フロント会員_配送先新規登録・変更_配送先新規登録・変更の確認画面で「登録する」を押下した際に、ブラックリスト判定（氏名・住所・電話番号）が行われず、会員情報登録エラー画面へ遷移しない	配送先登録時のブラックリスト判定が無い	326	F06-20	F06-20 配送先新規登録・変更	P2	要修正-設計準拠	1.0	確認画面の(3-14)「登録する」押下時、ブラックリストに 1.(3-3)配送先氏名 2.(3-9)〜(3-11)住所 3.(3-12)電話番号 のいずれかが登録されている場合は、登録を行わず会員情報登録エラー画面に遷移する。	会員登録(EntryController)・会員情報変更(ChangeController:116-127 で FindBlacklistByCustomer 照合)にはブラックリスト判定があるが、配送先登録フロー(DeliveryController)には全く無い。app/Customize/Controller は .gitkeep のみでオーバーライドも無い。設計は配送先の値((3-3)氏名等)を対象とした照合・エラー画面遷移を F06-20 固有に明記しており、未実装。	設計書＋実装ファイル	0.640	Y
重複	ECCUBE_HARERUYA-1897	処理中	【実装乖離】フロント会員_お問い合わせ_お問い合わせ画面の「戻る」がブラウザ履歴の1つ前ではなく、ECTOP（ホーム）への固定遷移になっている	お問い合わせの戻るがブラウザ履歴でなくTOP固定	329	F06-22	F06-22 お問い合わせ	P2	要修正-設計準拠	0.15	(1-10)戻る ボタン: 押下するとブラウザの履歴から1つ前のページに遷移する	設計はブラウザ履歴の直前ページへ遷移する指定。実装は homepage への固定リンクで遷移先が異なる。	設計書	0.410	Y
重複	ECCUBE_HARERUYA-1906	処理中	【実装乖離】フロント会員_マイページ_マイページの「買取履歴」メニューおよび遷移先画面の名称が、設計書のカスタマイズ要件「買取履歴を買取一覧に名称変更する」に沿った「買取一覧」になっていない。	買取履歴→買取一覧への名称変更が未反映	291	F06-05	F06-05 マイページ	P4	要修正-設計準拠	0.1	カスタマイズ要件: 買取履歴を『買取一覧』に名称変更する（画面部品16の遷移先も『買取一覧画面へ遷移する』）。	設計カスタマイズ要件本文が明示的に『買取一覧』への名称変更を指示しているのに実装ラベルが旧名『買取履歴』のまま。	機能No＋設計書	0.576	Y
重複	ECCUBE_HARERUYA-1913	処理中	【一部実装】フロントイベント_イベント大会TOP_イベント大会TOPのパンくずリスト(1-1)にて、選択中のタブに応じた「日別 > 月日」「月別 > 年月」の階層が表示されない	パンくずに日別/月別の階層が出ない	341	F07-01	F07-01 イベント大会TOP	P2	要修正-設計準拠	0.5	パンくずは店舗とタブに合わせ切替え、日別=『ホーム > イベントTOP > [店舗名] > 日別 > [期間の最初の月日]』、月別=『… > 月別 > [年月]』を表示する	index.twig:33-55 のパンくずは店舗名までの静的3段(position 1-3)。hareruya-event.js に breadcrumb/__current/日別/月別 のパンくず書換トークンは0件で、日別・月別セグメントの付与・更新処理が不在。	設計書＋実装ファイル	0.415	Y
重複	ECCUBE_HARERUYA-1914	処理中	【一部実装】フロントイベント_イベント大会TOP_イベント大会TOPのバナースライダー(1-2)にて、開催日当日または開催前かつ公開状態のイベントに登録されたバナーという抽出条件が適用されていない	イベントバナーの開催日・公開状態による抽出が無い	342	F07-01	F07-01 イベント大会TOP	P2	要修正-設計準拠	1.0	バナースライダーは『開催日当日または開催前で、かつ公開状態のイベントに登録されているバナー』を店舗・表示タイプ「スライド」で検索し表示する	MtbBanner にイベントFK・開催日・公開状態カラムが存在せず、Repository/Controller にも日付/公開条件が無い。過去日・非公開イベント想定のバナーでも設定次第で常時表示され、設計の表示条件が未実装。	設計書＋実装ファイル	0.723	Y
重複	ECCUBE_HARERUYA-1915	処理中	【実装乖離】フロントイベント_イベント大会TOP_イベント大会TOPのバナースライダー(1-2)にて、自動スクロールの間隔が設計の5秒ではなく4秒になっている	バナースライダーの間隔が5秒でなく4秒	340	F07-01	F07-01 イベント大会TOP	P4	要修正-設計準拠	0.1	バナースライダーは自動スクロールで5秒毎に左方向にスクロールする	設計は5秒毎(5000ms)を明示するが、実装は4000ms(4秒毎)で1秒短い。grep で 5000/autoplaySpeed: 5000 は該当0件、autoplaySpeed: 4000 が2箇所。	設計書＋実装ファイル	0.451	Y
重複	ECCUBE_HARERUYA-1924	処理中	【実装乖離】フロントイベント_大会詳細_大会詳細のパンくずリストにて、末尾がイベント開催日付でなくイベント名になっており、店舗名・フォーマットのリンクも絞り込み条件を持たないイベント一覧へ遷移する	大会詳細のパンくずが設計形式でない	344	F07-03	F07-03 大会詳細	P2	要修正-設計準拠	0.5	パンくずリスト内の「店舗名」「フォーマット」「イベント開催日付」はそれぞれ押下可能。押下するとその内容での絞り込み結果画面に遷移する。パンくずは ホーム > イベントTOP > [店舗名] > [フォーマット] > [イベント開催日付]。	店舗名/フォーマットのhrefに shop/format 等のクエリが無く絞り込み結果に繋がらず素の検索一覧へ遷移。開催日付クラムが未生成でイベント名に置換されている。設計項目1-1の『それぞれ押下可能』『その内容での絞り込み結果画面に遷移』を満たさない。	設計書＋実装ファイル	0.468	Y
重複	ECCUBE_HARERUYA-1927	処理中	【一部実装】フロントイベント_大会申込～完了_大会申込画面の選択済みイベントにて、別日程の同イベントが存在する場合でもチェックを変更できず、常にチェック済み・変更不可になっている	選択済みイベントが常に変更不可	348	F07-04	F07-04 大会申込～完了	P2	要修正-設計準拠	0.75	別日程の同イベントが存在する場合、選択済みイベント選択(1-1)は選択済み状態で「変更可」とし、イベント未選択の状態では次の画面に遷移させない。別日程が存在しない場合のみ(1-1)はデフォルトチェック入りで「変更不可」とする。	設計は others 有無で主(1-1)の変更可否を切替え、未選択時は遷移不可を要求するが、実装は常に disabled 固定かつ hidden で主対象を強制送信するため常に変更不可・常に含む。切替ロジックが不在。	設計書＋実装ファイル	0.593	Y
重複	ECCUBE_HARERUYA-1928	処理中	【一部実装】フロントイベント_大会申込～完了_大会申込画面の申込同意にて、未チェック時に動的なエラー表示が行われず、支払いへ進むボタンのdisableのみで制御している	申込同意未チェック時のエラー動的表示が無い	349	F07-04	F07-04 大会申込～完了	P2	要修正-設計準拠	0.25	申込同意(1-10)未チェックのまま「支払いへ進む」(1-11)を押しても次画面へ遷移させず、エラーを動的に表示する。	「遷移させない」はボタン無効化で満たすが「エラーを動的に表示する」が未実装（表示要素・呼出しなし、専用メッセージ未参照）。	設計書＋実装ファイル	0.644	Y
重複	ECCUBE_HARERUYA-2027	処理中	【実装乖離】在庫管理_ピッキングリスト印刷_在庫移動指示詳細画面にピッキングリスト作成ボタンがなく、ピック表は出庫承認申請画面からしか出力できない	在庫移動指示詳細にピッキングリスト作成ボタンが無い	561	M04-39	M04-39 在庫移動指示リスト ピッキングリスト印刷	P2	要修正-設計準拠	6.0	在庫移動指示リスト詳細画面から「ピッキングリスト作成」ボタンを押下し、選択した在庫移動の出庫対象商品をピッキングリスト（ピック表）として印刷用画面/PDF表示する。出庫処理対象のみを表示し、棚番・略称タグ必須、金額閾値別ページ振り分け、ページング、作成日時、行番号、棚番号、言語/状態、略称、色/R、数、商品名、価格、備考、ページ内個数小計、指定順ソート、印刷ボタンによる印刷ダイアログ表示を備える。	設計は在庫移動指示リスト詳細画面を入口にするが、実装の stock_move_instruction_detail.twig:82-89 には登録・削除ボタンのみで「ピッキングリスト作成」相当のボタンがない。StockMoveInstructionController:161-222 の詳細アクションは集計表示を返すのみ、同 Controller:317-368 以降も送り状CSV・実績CSV登録系であり、ピッキングリスト印刷ルートがない。反証として pick_list / picking_list / ピック表 / ピッキングリスト作成 / admin_stock_move_instruction.*pick / print を検索したが、在庫移動指示詳細配下では未検出。検出された StockMoveController:424-468、move_outbound_approval_request.twig:375、MoveTransfer/pick_list.twig:1-90、StockMoveTransferListPdfFormatter:100-117 は在庫移動・振替の出庫承認申請画面用で、M04-39 の入口・選択単位と異なる。	機能No＋設計書＋実装ファイル	0.928	Y
重複	ECCUBE_HARERUYA-2080	処理中	【未実装】店頭買取管理_a 買取一覧(検索入力)_店頭買取管理＞買取一覧(検索入力)にて、査定申込日時(From)が査定申込日時(To)より後の日時でもエラーにならず検索が実行される	査定申込日時From>Toがエラーにならない	592	M06-01	M06-01 買取一覧(検索入力)	P2	要修正-設計準拠	0.5	査定申込日時(From)>査定申込日時(To)の場合エラー	OtcBuyOrderType の application_date_from/application_date_to には単項目 Range 制約のみで相関チェックがなく、Controller/Repository/JS 側にも application_date_from > application_date_to の FormError/addError/検証分岐が見当たらない（探索範囲: src/Eccube/Form/Type/Admin/OtcBuyOrder, src/Eccube/Controller/Admin/OtcBuyOrder, src/Eccube/Repository/DtbOtcBuyOrderRepository.php, src/Eccube/Resource/template/admin/OtcBuyOrder, html/template/admin/assets/js/OtcBuyOrder）。	設計書＋実装ファイル	0.642	Y
重複	ECCUBE_HARERUYA-2082	処理中	【未実装】店頭買取管理_a 買取一覧(検索入力)_店頭買取管理＞買取一覧(検索入力)にて、買取日時(From)が買取日時(To)より後の日時でもエラーにならず検索が実行される	買取日時From>Toがエラーにならない	593	M06-01	M06-01 買取一覧(検索入力)	P2	要修正-設計準拠	0.5	買取日時(From)>買取日時(To)の場合エラー	OtcBuyOrderType の complete_date_from/complete_date_to には単項目 Range 制約のみで相関チェックがなく、Controller/Repository/JS 側にも complete_date_from > complete_date_to の FormError/addError/検証分岐が見当たらない（探索範囲: src/Eccube/Form/Type/Admin/OtcBuyOrder, src/Eccube/Controller/Admin/OtcBuyOrder, src/Eccube/Repository/DtbOtcBuyOrderRepository.php, src/Eccube/Resource/template/admin/OtcBuyOrder, html/template/admin/assets/js/OtcBuyOrder）。	設計書＋実装ファイル	0.603	Y
重複	ECCUBE_HARERUYA-2092	処理中	【一部実装】店頭買取管理_a 買取商品履歴(検索入力)_店頭買取管理＞買取商品履歴(検索入力)にて、買取日時(From)が買取日時(To)より後でもエラーにならず検索が実行される	買取商品履歴の買取日時From>Toがエラーにならない	604	M06-05	M06-05 買取商品履歴(検索入力)	P2	要修正-設計準拠	0.5	買取日時(From)>買取日時(To)の場合エラーにする。	設計は買取日時 From が To より後ならエラー表示を要求している。実装では FormType に相関バリデーションがなく、SearchControllerTrait も form isValid 判定や日付大小チェックを行わず、専用 JS も datetimepicker・全選択・CSV submit のみ。反証として complete_date_from/complete_date_to、completeDateFrom/completeDateTo、Callback、GreaterThan/LessThan、買取日時、From/To の別キーワードで検索したが当該チェックは不在。	設計書＋実装ファイル	0.461	Y
重複	ECCUBE_HARERUYA-2117	処理中	【未実装】会員管理_会員登録編集_会員登録編集の保存時に、本人確認ステータスを未確認へ戻した際の身分証有効期限クリア処理が実装されていない	未確認へ戻した際の身分証有効期限クリアが無い	637	M08-04	M08-04 会員登録編集	P2	要修正-設計準拠	0.75	本人確認ステータスが未確認以外から未確認に変更、かつ身分証有効期限が入力済みの場合に身分証有効期限を空欄で更新する。	未確認への降格処理は部分実装されているが、設計が求める身分証有効期限の同時クリアが保存経路に存在しない。setIdExpirationDate は本人確認完了専用処理側でのみ確認。	設計書＋実装ファイル	0.653	Y
重複	ECCUBE_HARERUYA-2120	処理中	【実装乖離】会員管理_メール配信履歴_メール配信履歴にて、並び順が処理日(送信日)降順ではなくID降順になっている	メール配信履歴の並び順が処理日降順でない	654	M08-07	M08-07 メール配信履歴	P2	要修正-設計準拠	0.5	メール配信履歴は処理日降順で表示する。送信履歴を新しい順に表示する。	設計は処理日・送信履歴の新しい順を要求しているが、実装の並び順キーは send_date ではなく id。id と送信日時の単調増加はDB上保証されず、設計値と実装値が一致しない。反証として mail_history.twig、CustomerMailHistoryType、MailHistoryRepository、MailHistory/DtbUserMailHistory エンティティを確認したが、send_date DESC で取得する実装は見つからなかった。	設計書＋実装ファイル	0.519	Y
重複	ECCUBE_HARERUYA-2122	処理中	【実装乖離】会員管理_手動メール通知(入力/確認)_手動メール通知(確認画面)にて、戻るリンクが会員編集画面ではなく入力画面へ遷移する	確認画面の戻るリンクが会員編集画面へ行かない	665	M08-08	M08-08 【新規】手動メール通知(確認画面)	P2	要修正-設計準拠	0.25	確認画面の「会員編集画面へ戻る」ボタンは、当該の会員情報編集画面へ遷移する。	設計は確認画面から会員編集画面へ直接戻るボタンを要求しているが、実装は手動メール作成画面へ戻る動線になっている。	設計書＋実装ファイル	0.552	Y
重複	ECCUBE_HARERUYA-2129	処理中	【実装乖離】会員管理_顧客グループ管理_顧客グループ管理にて、支払方法のチェックボックスに支払方法設定の全支払方法が表示されていない	顧客グループの支払方法が全件表示されない	683	M08-12	M08-12 顧客グループ管理	P2	要修正-設計準拠	0.25	支払方法は複数選択チェックボックスで、支払方法設定に登録されている支払方法をすべて表示する。	設計は登録済み支払方法をすべて表示する要求だが、実装は表示フラグと特定ID除外で候補を絞り込んでいる。	設計書＋実装ファイル	0.677	Y
重複	ECCUBE_HARERUYA-2131	処理中	【実装乖離】コンテンツ管理_a ページ管理(登録・編集)_ページ管理(登録・編集)にて、日本語ページのtwigファイル名に言語識別子(.ja)が付与されず、画面表示の拡張子(.ja.twig)と実ファイル名が一致しない	日本語ページのtwigに .ja が付かない	690	M09-04	M09-04 ページ管理(登録・編集)	P2	一部解消-残差あり	1.5	言語に応じて twig ファイル拡張子は日本語 .ja.twig、英語 .en.twig とし、ページ新規登録時は日英2種類のファイルを作成する。	設計は日本語も .ja.twig を外部契約として示すが、実装コメントと分岐が「日本語は.jaなし」を明示しており、表示と保存ファイル名も不整合になっている。	設計書＋実装ファイル	0.559	Y
重複	ECCUBE_HARERUYA-2136	処理中	【一部実装】コンテンツ管理_c ブロック管理(登録・編集)_ブロック管理(登録・編集)にて、ファイル名を変更して更新した際に日英2種類のtwigファイルが作成されない	ファイル名変更時に日英2種のtwigが作られない	701	M09-07	M09-07 ブロック管理(登録・編集)	P2	要修正-設計準拠	1.0	(6)ファイル名を変更して更新する場合、日英2種類のtwigファイルを作成する（新規登録時だけでなく、更新でファイル名を変更した場合も .ja.twig/.en.twig の両方を作成する）	BlockController.php を精読。新規時のみ他ロケールファイルを生成する分岐(197-204)が previousFileName===null に限定され、更新時の filename 変更処理(207-218)は選択ロケールの旧ファイル削除・新ファイル作成しか行わない。設計は「ファイル名を変更して更新する場合、日英2種類のtwigファイルを作成する」と明記。BlockType.php/block_edit.twig にも該当処理なし。	設計書＋実装ファイル	0.459	Y
重複	ECCUBE_HARERUYA-2146	処理中	【一部実装】基本情報設定_税率設定_税率設定にて、個別税率設定の「商品別税率機能」を切り替える画面部品がどの画面にも表示されておらず、機能の有効化ができない	個別税率設定の商品別税率機能の部品が無い	721	M10-07	M10-07 税率設定	P2	要修正-設計準拠	2.0	税率設定画面は「個別税率設定」ブロックに「商品別税率機能」の有効/無効選択と上部「登録」ボタンを表示し、POST /{admin_route}/setting/shop/tax/edit_param で dtb_base_info.option_product_tax_rule だけを保存する。	TaxRuleController の税率設定ルートは /setting/shop/tax, /setting/shop/tax/new, /setting/shop/tax/{id}/delete のみ。tax_rule.twig は税率テーブルのみを描画し、商品別税率機能の入力を描画しない。EccubeEvents には edit.parameter の定数だけがあり、TaxRuleController からの dispatch は無い。	機能No＋設計書＋実装ファイル	0.868	Y
部分重複	ECCUBE_HARERUYA-2147	処理中	【未実装】基本情報設定_税率設定_税率設定にて、個別税率設定（商品別税率機能）を登録するボタンが存在しない	乖離721は個別税率設定ブロック全体。課題は登録ボタン	721	M10-07	M10-07 税率設定	P2	要修正-設計準拠	2.0	税率設定画面は「個別税率設定」ブロックに「商品別税率機能」の有効/無効選択と上部「登録」ボタンを表示し、POST /{admin_route}/setting/shop/tax/edit_param で dtb_base_info.option_product_tax_rule だけを保存する。	TaxRuleController の税率設定ルートは /setting/shop/tax, /setting/shop/tax/new, /setting/shop/tax/{id}/delete のみ。tax_rule.twig は税率テーブルのみを描画し、商品別税率機能の入力を描画しない。EccubeEvents には edit.parameter の定数だけがあり、TaxRuleController からの dispatch は無い。	機能No＋設計書＋実装ファイル	0.860	Y
重複	ECCUBE_HARERUYA-2148	処理中	【実装乖離】基本情報設定_自動送信メール_自動送信メールにて、初期表示で表示されるべき「テンプレ名称」「件名」がテンプレート未選択時に非表示になっている	自動送信メールの初期表示項目が設計と異なる	730	M10-08	M10-08 自動送信メール	P2	要修正-設計準拠	0.25	初期表示は識別ID:1-3「テンプレ選択」、識別ID:1-4「テンプレ名称」、識別ID:1-5「件名」のみ表示する。	設計では初期表示でテンプレ名称・件名も表示対象だが、実装は選択済みMailがある場合だけそれらを表示する条件になっている。	機能No＋設計書＋実装ファイル	0.681	Y
重複	ECCUBE_HARERUYA-2153	処理中	【一部実装】基本情報設定_メール設定_メール設定(M10-09)にて、本文の最大文字数65536文字のバリデーションが実装されていない	メール本文の最大65536文字が未検証	738	M10-09	M10-09 メール設定	P2	要修正-設計準拠	0.25	本文項目はラベル「本文」、最大値65536文字として表示・入力できる。	設計の表示ラベル「本文」と最大値65536文字に対し、実装は表示ラベルが「テキスト」で、本文長の上限検証が実装されていない。	機能No＋設計書＋実装ファイル	0.760	Y
重複	ECCUBE_HARERUYA-2154	処理中	【実装乖離】基本情報設定_CSV出力項目設定_CSV出力項目設定(M10-10)にて、CSV種別セレクトの選択肢が登録済みCSV全種になっておらず、3種類が除外されている	CSV種別セレクトの選択肢が全種でない	741	M10-10	M10-10 CSV出力項目設定	P2	要修正-設計準拠	0.25	CSV種別セレクトの選択肢は「登録されているCSV全種」。	設計は登録済みCSV種別を全て選択肢に出す要求だが、実装は3種別を明示的に除外しており、登録済みの全種ではない。反証として admin_setting_shop_csv、CsvType、csv_type、shop_csv、messages.ja.yaml、Twig を再検索したが、この通常CSV出力項目設定フォームで除外を解除する別実装は見つからなかった。	機能No＋設計書＋実装ファイル	0.803	Y
重複	ECCUBE_HARERUYA-2155	処理中	【実装乖離】基本情報設定_カスタムCSV出力設定_カスタムCSV出力設定(M10-13)にて、CSV選択の選択肢に設計にない会員CSVが含まれており、設計の6種と一致しない	カスタムCSVの選択肢に会員CSVが混じる	745	M10-13	M10-13 カスタムCSV出力設定	P2	要修正-設計準拠	0.1	CSV選択(1-1)の選択肢は、商品CSV・受注CSV・配送CSV・在庫CSV・在庫移動・振替CSV・在庫分割結合CSVとし、会員CSV・カテゴリCSVは選択肢に出さない。	設計で除外されている会員CSVが画面選択肢に出る。反証検索では custom_csv Twig、翻訳キー、別FormType、ルートに会員CSVを除外する処理は見つからなかった。	機能No＋設計書＋実装ファイル	0.716	
重複	ECCUBE_HARERUYA-2156	処理中	【実装乖離】基本情報設定_カスタムCSV出力設定_カスタムCSV出力設定(M10-13)のCSV選択セレクトにて、選択肢が設計の6種ではなく会員CSVを含む7種になっている	カスタムCSVの選択肢が設計の6種でない	745	M10-13	M10-13 カスタムCSV出力設定	P2	要修正-設計準拠	0.1	CSV選択(1-1)の選択肢は、商品CSV・受注CSV・配送CSV・在庫CSV・在庫移動・振替CSV・在庫分割結合CSVとし、会員CSV・カテゴリCSVは選択肢に出さない。	設計で除外されている会員CSVが画面選択肢に出る。反証検索では custom_csv Twig、翻訳キー、別FormType、ルートに会員CSVを除外する処理は見つからなかった。	機能No＋設計書＋実装ファイル	0.716	Y
部分重複	ECCUBE_HARERUYA-2166	処理中	【実装乖離】基本情報設定_店舗登録_店舗登録(M10-15)にて、取り扱い商品説明文の最大文字数が設計の4000文字ではなく3000文字になっている	同じ実装値3000文字だが設計側の上限が4000と99999で食い違う	713	M10-01	M10-01 基本設定(旧ショップマスター)	P3	要修正-移植漏れ(設計書追記も要)	1.5	取り扱い商品・メッセージの textarea は任意、最大99999文字（lltext_len）で検証し、dtb_base_info.good_traded/message に保存する。	設計は lltext_len=99999 を指定しているのに、実装は ltext_len=3000 を使っている。FormType、設定、Entity を反証確認しても当該2項目で lltext_len を使う実装はなかった。	設計書＋実装ファイル	0.478	Y
重複	ECCUBE_HARERUYA-2169	処理中	【一部実装】基本情報設定_追加システム設定_追加システム設定(M10-16)にて、買取査定申込み完了画面の自動遷移秒数に「0以上」のバリデーションが実装されていない	自動遷移秒数の0以上バリデーションが無い	753	M10-16	M10-16 追加システム設定	P2	要修正-設計準拠	0.15	買取査定申込み完了画面の自動遷移秒数は、数値（整数）かつ0以上、任意、初期値15とする。	otcbuy_order_return_seconds/OTCBUY_ORDER_RETURN_SECONDS/自動遷移秒数で再検索したが、0以上を保証するバリデーションが当フィールドに実装されていない。	機能No＋設計書＋実装ファイル	0.871	Y
部分重複	ECCUBE_HARERUYA-2172	処理中	【実装乖離】基本情報設定_追加システム設定_追加システム設定(M10-16)にて、購入処理エラー通知先メールアドレスの入力欄に「イベント決済確認エラー通知メールアドレス」のラベルが表示されている（ラベル取り違え）	乖離754は購入処理エラー通知先とイベント決済確認エラーの2項目を含む	754	M10-16	M10-16 追加システム設定	P2	要修正-設計準拠	0.15	購入処理エラー通知先メールアドレスとイベント決済確認エラー通知メールアドレスを、それぞれ別項目として表示・編集できる。	alert_shopping_error_mail_address/check_payment_error_mail_address/shopping_error_mail_address の翻訳キー・定数・Twigを再検索し、購入処理エラーのラベル欠落とイベント決済確認エラーのフォーム未描画を確認した。	機能No＋設計書＋実装ファイル	0.942	Y
部分重複	ECCUBE_HARERUYA-2173	処理中	【一部実装】基本情報設定_追加システム設定_追加システム設定(M10-16)にて、イベント決済確認エラー通知メールアドレスの入力欄が画面に存在せず、設定・保存ができない	同上。課題はイベント決済確認エラー欄の欠落のみ	754	M10-16	M10-16 追加システム設定	P2	要修正-設計準拠	0.15	購入処理エラー通知先メールアドレスとイベント決済確認エラー通知メールアドレスを、それぞれ別項目として表示・編集できる。	alert_shopping_error_mail_address/check_payment_error_mail_address/shopping_error_mail_address の翻訳キー・定数・Twigを再検索し、購入処理エラーのラベル欠落とイベント決済確認エラーのフォーム未描画を確認した。	機能No＋設計書＋実装ファイル	0.899	Y
部分重複	ECCUBE_HARERUYA-2175	処理中	【実装乖離】基本情報設定_基本設定(旧ショップマスター)_基本設定(旧ショップマスター)の「商品ごとの送料設定を有効にする」が、設計・現行のラジオボタン(無効／有効)ではなくトグルスイッチ(チェックボックス)で実装されている	乖離715は7項目のラジオ化。課題は商品ごとの送料設定の1項目	715	M10-01	M10-01 基本設定(旧ショップマスター)	P2	要修正-設計準拠	2.0	商品ごとの送料設定、複数配送、仮会員、マイページ注文状況、お気に入り商品、自動ログイン、在庫切れ商品非表示の7項目は、展開ラジオで無効0/有効1を選択する。自動ログイン機能の新規列既定は0＝無効である。	設計は明示的に単一選択(ラジオボタン)/展開ラジオ、無効0/有効1を要求しているが、実装はチェックボックス系トグルに置換されている。別キーワード（radio、ChoiceType、expanded、ToggleSwitchType、option_remember_me）で反証検索しても、M10-01の7項目をラジオとして構築する実装は確認できなかった。	機能No＋設計書＋実装ファイル	0.873	Y
部分重複	ECCUBE_HARERUYA-2176	処理中	【実装乖離】基本情報設定_基本設定(旧ショップマスター)_基本設定(旧ショップマスター)の「複数配送を有効にする」が、設計・現行のラジオボタン(無効／有効)ではなくトグルスイッチ(チェックボックス)で実装されている	乖離715は7項目のラジオ化。課題は複数配送の1項目	715	M10-01	M10-01 基本設定(旧ショップマスター)	P2	要修正-設計準拠	2.0	商品ごとの送料設定、複数配送、仮会員、マイページ注文状況、お気に入り商品、自動ログイン、在庫切れ商品非表示の7項目は、展開ラジオで無効0/有効1を選択する。自動ログイン機能の新規列既定は0＝無効である。	設計は明示的に単一選択(ラジオボタン)/展開ラジオ、無効0/有効1を要求しているが、実装はチェックボックス系トグルに置換されている。別キーワード（radio、ChoiceType、expanded、ToggleSwitchType、option_remember_me）で反証検索しても、M10-01の7項目をラジオとして構築する実装は確認できなかった。	機能No＋設計書＋実装ファイル	0.903	Y
重複	ECCUBE_HARERUYA-2185	処理中	【一部実装】基本情報設定_利用規約管理_利用規約管理（M10-03）にて、遷移先のページ編集画面のコードエディタがデフォルトページのため読み取り専用となり、利用規約の本文を入力・登録できない。	利用規約の本文をページ管理から編集できない	718	M10-03	M10-03 利用規約管理	P2	要修正-設計準拠	0.25	移行先（ec-cube-enterprise）では、ご利用規約をページ管理上の固定ページ（dtb_page の help_agreement／テンプレート Help/agreement）の本文として保持・編集し、設定→基本情報設定配下の利用規約設定導線から本文を入力して送信できること。	設計の移行先仕様は dtb_help.customer_agreement ではなく help_agreement 固定ページ本文の保持・編集を正としている。実装は導線と対象ページ ID は存在するが、固定ページ編集画面の本文エディタを読み取り専用にしており、利用者が本文を入力して登録する要求を満たさない。反証として customer_agreement/dtb_help/HelpType/HelpController/shop_agreement/AGREEMENT_PAGE_ID/help_agreement を検索し、専用 dtb_help 実装ではなくページ編集導線であることを確認した。	機能No＋設計書＋実装ファイル	0.938	Y
重複	ECCUBE_HARERUYA-2199	処理中	【実装乖離】分析・集計管理_日別・月別集計 集計一覧（検索項目/検索結果）_日別・月別集計にて、販売関連の集計が注文ステータス「出荷完了」に限定されていない	販売集計が出荷完了に限定されていない	767	M12-01	M12-01 日別・月別集計 集計一覧(検索結果-日別)	P2	要修正-設計準拠	0.5	販売関連の集計は注文データの注文ステータスが「出荷完了」のみ計上し、それ以外の注文ステータスは計上しない。	BatchAggregateDailySummaryAction.php:37 から同メソッドを呼び出す。DtbDailySummaryRepository.php / BatchAggregateDailySummaryAction.php / AnalysisSummaryBuilder.php / SummaryController.php を OrderStatus::DELIVERED、DELIVERED、出荷完了、order_status_id で反証検索したが、日別・月別集計の販売集計条件に出荷完了限定は存在しない。	設計書＋実装ファイル	0.544	Y
重複	ECCUBE_HARERUYA-2200	処理中	【実装乖離】分析・集計管理_日別・月別集計 集計一覧（検索項目/検索結果）_日別・月別集計にて、買取関連の集計が買取ステータス「買取成立」に限定されていない	買取集計が買取成立に限定されていない	772	M12-01	M12-01 日別・月別集計 集計一覧(検索結果-月別)	P2	要修正-設計準拠	1.0	買取関連の集計は買取データの買取ステータスが「買取成立」のみ計上し、それ以外の買取ステータスは計上しない。	MtbBuyOrderStatus / MtbOtcBuyOrderStatus / STATUS_COMPLETE / 買取成立 / buy_order_status_id / otc_buy_order_status_id へ翻案して再検索したが、M12-01集計SQLでは買取成立ステータス限定が見つからない。	機能No＋設計書＋実装ファイル	0.819	Y
部分重複	ECCUBE_HARERUYA-2202	処理中	【実装乖離】分析・集計管理_日別・月別集計 CSV出力_日別・月別集計CSV出力にて、注文ステータス「出荷完了」のみを計上する集計方式が反映されていない	乖離765は集計本体。課題はCSV出力側への波及	765	M12-01	M12-01 日別・月別集計 集計一覧(検索項目-月別)	P1	要修正-設計準拠	0.5	集計は売上として計上できるもののみとし、注文ステータスが「出荷完了」の注文だけを集計対象とする。	DtbDailySummaryRepository::aggregateOrderSummaryByBaseInfo は dtb_order の全ステータスを対象に subtotal + delivery_fee_total + charge を合算する。SummaryController、Analysis配下Service、DtbDailySummaryRepository、DtbMonthlySummaryRepositoryを OrderStatus/order_status/DELIVERED/出荷完了 で反証検索したが、本集計に適用されるステータス条件は見つからなかった。	機能No＋設計書＋実装ファイル	0.679	Y
重複	ECCUBE_HARERUYA-2205	処理中	【一部実装】分析・集計管理_入荷通知依頼 CSV出力_入荷通知依頼CSV出力にて、項目「通知済み/削除」が「削除」件数のみとなっている	入荷通知依頼CSVの通知済み/削除が削除のみ	798	M12-06	M12-06 入荷通知依頼 CSV出力	P2	要修正-設計準拠	0.25	識別ID 5:「通知済み/削除」の追加。	設計の外部表示名は「通知済み/削除」だが、CSVヘッダおよび画面表示は「削除」のみで、通知済みを含む項目名になっていない。反証検索でも product_request 実装内に「通知済み/削除」「通知済/削除」の表示は不在。	設計書＋実装ファイル	0.334	Y
重複	ECCUBE_HARERUYA-2210	処理中	【未実装】イベント管理_イベント編集 / イベント削除_イベント編集画面に、設計書で必須項目とされている「会場」の単一選択フィールドが存在しない	イベント編集に会場の必須単一選択が無い	839	M13-05	M13-05 複製新規	R	要再調査		識別ID1-4「会場」は単一選択・必須で、選択肢は全会場。複製時は会場（venue_id）を複製元の値として初期表示する。	設計はユーザー入力項目として会場必須選択と venue_id の複製対象を定義しているが、実装には form.venue、venue_id/ Venue プロパティ、保存・初期表示処理がない。	設計書＋実装ファイル	0.470	Y
重複	ECCUBE_HARERUYA-2220	処理中	【一部実装】イベント管理_日程登録_日程登録・日程編集のサーバ側処理に店舗権限のチェックが無く、編集権限のない店舗のイベントにも日程を追加・更新できる	日程登録・編集のサーバ側店舗権限チェックが無い	830	M13-03	M13-03 日程登録	P1	要修正-設計準拠	0.25	メンバーが権限を保持している店舗のイベントのみ日程追加が可能にする。	設計は「日程追加が可能」かどうかの権限制御を要求している。実装はイベント編集画面のリンク表示やボタン disabled では制御しているが、ScheduleController::create/edit の保存分岐自体は権限チェック前に実行されるため、直接POSTに対して日程追加・更新を拒否する実装になっていない。反証として RepeatScheduleController は保存前に権限NGをリダイレクトしており、同等のガードが ScheduleController に無いことを確認した。	機能No＋設計書＋実装ファイル	0.956	Y
重複	ECCUBE_HARERUYA-2222	処理中	【一部実装】イベント管理_繰返日程追加_繰返日程追加の「受付開始時間」「受付終了時間」に、初期値00:00と受付ありの場合の必須チェックが実装されていない	受付開始/終了時間の初期値00:00と必須が無い	835	M13-04	M13-04 繰返日程追加	P4	一部解消-残差あり	0.15	受付開始時間・受付終了時間の初期値は 00:00、デッキ登録締切開始日前日数は 0、デッキ登録締切時刻は 23:59、オンライン受付開始/終了の日前日数は 0、オンライン受付開始/終了時刻は 00:00 とする。	設計は画面項目の初期値を明示している。実装フォームの add 定義を確認すると、該当初期値のうち 23:59 以外は data 未設定であり、Twig も form_widget をそのまま描画しているため、初期表示が設計値にならない。	設計書＋実装ファイル	0.380	Y
重複	ECCUBE_HARERUYA-2223	処理中	【一部実装】イベント管理_繰返日程追加_繰返日程追加の「オンライン受付開始時間」の時刻に初期値00:00が設定されておらず、オンライン受付ありの場合の必須チェックも無い	オンライン受付開始時刻の初期値と必須が無い	835	M13-04	M13-04 繰返日程追加	P4	一部解消-残差あり	0.15	受付開始時間・受付終了時間の初期値は 00:00、デッキ登録締切開始日前日数は 0、デッキ登録締切時刻は 23:59、オンライン受付開始/終了の日前日数は 0、オンライン受付開始/終了時刻は 00:00 とする。	設計は画面項目の初期値を明示している。実装フォームの add 定義を確認すると、該当初期値のうち 23:59 以外は data 未設定であり、Twig も form_widget をそのまま描画しているため、初期表示が設計値にならない。	設計書＋実装ファイル	0.323	Y
重複	ECCUBE_HARERUYA-2224	処理中	【一部実装】イベント管理_繰返日程追加_繰返日程追加の「オンライン受付終了時間」の時刻に初期値00:00が設定されておらず、オンライン受付ありの場合の必須チェックも無い	オンライン受付終了時刻の初期値と必須が無い	835	M13-04	M13-04 繰返日程追加	P4	一部解消-残差あり	0.15	受付開始時間・受付終了時間の初期値は 00:00、デッキ登録締切開始日前日数は 0、デッキ登録締切時刻は 23:59、オンライン受付開始/終了の日前日数は 0、オンライン受付開始/終了時刻は 00:00 とする。	設計は画面項目の初期値を明示している。実装フォームの add 定義を確認すると、該当初期値のうち 23:59 以外は data 未設定であり、Twig も form_widget をそのまま描画しているため、初期表示が設計値にならない。	設計書＋実装ファイル	0.333	Y
重複	ECCUBE_HARERUYA-2225	処理中	【一部実装】イベント管理_イベント申込一覧(検索入力/検索結果)_イベント申込一覧の検索条件「支払番号」に、設計書で定められた最大64字の入力制限が実装されていない	支払番号の最大64字制限が無い	844	M13-06	M13-06 イベント申込一覧(検索結果)	P2	要修正-設計準拠	0.1	支払番号は maxlength 属性による入力長制限(64文字)、プレイヤー名は maxlength 属性による入力長制限(255文字)を持つ。	SearchEntryType.php の該当フィールド定義と index.twig の form_widget 呼び出しを確認したが、設計が要求する maxlength(64/255) が付与されておらず入力長制限が未実装で差異がある。（本件はM13-06 検索入力sheet-10側の同一所見と重複）	設計書＋実装ファイル	0.380	Y
重複	ECCUBE_HARERUYA-2229	処理中	【実装乖離】イベント管理_デッキ表示_デッキ表示画面の「Event」欄に、設計書のイベント名（英）ではなくイベント名（日）が表示されている	デッキ表示のEvent欄が英名でなく日本語名	852	M13-08	M13-08 デッキ表示	P4	要修正-設計準拠	0.1	イベント名（英）を表示する。	設計は dtb_event.name_en / イベント名（英）の表示を要求しているが、実装は日本語名 getNameJp() を表示している。getNameEn() の利用は当該デッキリスト表示経路では確認できない。	設計書＋実装ファイル	0.630	Y
重複	ECCUBE_HARERUYA-2231	処理中	【一部実装】イベント管理_イベント申込登録(検索入力/検索結果)_イベント申込登録（検索結果）の「新規登録」ボタンが、編集権限のない店舗のイベントに対しても表示される	新規登録ボタンが権限外店舗にも表示される	863	M13-11	M13-11 イベント申込登録(検索結果)	P2	要修正-設計準拠	1.0	権限を保持している店舗のイベントのみ登録が可能とし、識別ID:4「新規登録」ボタンは権限を保持している店舗のイベントのみ表示する。	登録処理入口では権限チェックがあるが、設計が求める検索結果一覧での「権限を保持している店舗のイベントのみ」表示、および新規登録ボタンの表示制御が実装されていない。FormType/Controller/Repository/Twig を確認しても、一覧検索結果を編集可能店舗へ常時制限する処理やボタン単位の isEditableShop 条件がない。	設計書＋実装ファイル	0.491	
重複	ECCUBE_HARERUYA-2233	処理中	【未実装】イベント管理_イベント一括登録(CSV)_イベント一括登録CSVで、親イベントにクレジットカード決済が無いのに日程がオンライン受付あり・参加費有料の場合のエラーチェックが実装されていない	クレカ未設定×有料オンライン受付のエラー判定が無い	876	M13-13	M13-13 イベント一括登録	P1	要修正-設計準拠	0.75	親イベントのクレジットカード支払い設定が未設定で、日程のオンライン受付が「あり」かつ有料の場合はエラーにする。	EventBulkCsvImportHandler.php:289 付近はクレジット列の値検証のみ、同:364 付近はオンライン受付日時検証のみ、同:453 付近は Payment 紐付けのみで、設計の横断条件を判定してエラー化する処理が存在しない。	設計書＋実装ファイル	0.407	Y
重複	ECCUBE_HARERUYA-2236	処理中	【実装乖離】イベント管理_画像設定_画像設定のS3アップロード先フォルダが、設計書の /banner/{店舗識別子} ではなく banner/event/{店舗識別子} になっている	画像のS3保管先が設計のパスと異なる	892	M13-15	M13-15 画像設定	P2	要修正-設計準拠	1.5	画像ストレージは店舗未指定なら banner/、店舗指定なら banner/{店舗HTMLクラス名}/ 配下を参照・保管し、一覧・削除もこの保管先を参照する。	設計は banner/ または banner/{html_class}/ を外部的な画像ストレージパスとして定義しているが、実装は banner/event/ を固定プレフィックスとして追加している。反証検索で S3_BANNER_PREFIX、banner/event、banner/{html_class}、setS3Directory、getFiles、deleteFile を確認したが、設計パスでのイベントバナー実装は見つからなかった。	設計書＋実装ファイル	0.351	Y
重複	ECCUBE_HARERUYA-2238	処理中	【一部実装】イベント管理_複製新規_イベント複製新規・新規登録画面にて、「店舗」の選択肢が編集権限のある店舗に絞り込まれず全店舗が表示される	複製新規の店舗選択肢が権限店舗に絞られない	838	M13-05	M13-05 複製新規	P2	要修正-設計準拠	0.5	店舗（識別ID1-3）は編集権限のある店舗のみ表示し、編集権限のない店舗が選択された場合はエラーとする。	非編集権限店舗の選択エラーは存在するが、設計が求める「編集権限のある店舗のみ表示」が未達。EventType/Controller/Twig/MemberBaseInfos 周辺を再検索したが、イベント登録フォームの店舗選択肢を権限店舗に絞る query_builder は見つからない。	機能No＋設計書＋実装ファイル	0.748	Y
重複	ECCUBE_HARERUYA-2241	処理中	※2407対応待ち※【実装乖離】カード管理_カード一覧(検索結果)_カード一覧(検索結果)にて、3点リーダーによる削除メニューが実装されておらず、削除確認ポップアップの文言も設計と異なる	カード削除の確認ポップアップ文言が設計と異なる	909	M14-04	M14-04 カード詳細(登録・編集・削除)	P4	一部解消-残差あり	0.25	カード削除時は確認ポップアップに「このカードを削除してもよろしいですか？」を表示し、「実行」で削除する。	確認文言と実行ボタン表示が設計指定と一致しない。	設計書＋実装ファイル	0.557	Y
重複	ECCUBE_HARERUYA-2254	処理中	※2407対応待ち※【実装乖離】カード管理_フォーマット一覧_フォーマット一覧にて、フォーマット名がリンクになっておらずプレーンテキストで表示されている	フォーマット名がリンクになっていない	939	M14-09	M14-09 フォーマット一覧	P4	要修正-設計準拠	0.1	フォーマット名セルは「和名 / 英名」のテキストを編集 URL へのリンクとする。	設計はフォーマット名自体のリンク化を要求しているが、実装では名前テキストを押下しても編集画面へ遷移できない。	設計書＋実装ファイル	0.397	Y
重複	ECCUBE_HARERUYA-2262	処理中	【未実装】デッキ管理_デッキ登録CSVアップロード / デッキ登録CSV_デッキ登録CSVアップロードにて、メインリスト・サイドリストのカード枚数がフォーマット規定の上限・下限を外れてもエラーにならない	デッキCSVのカード枚数上下限エラーが無い	979	M15-06	M15-06 デッキ登録CSVアップロード	P2	要修正-設計準拠	0.75	メインリスト、サイドリストのカード枚数がフォーマットで規定されている最大数を超えるか最小数に満たない場合はエラー。	CSV取込ハンドラ内に getMainMaxCardCount/getMainMinCardCount/getSideMaxCardCount/getSideMinCardCount または validateBoardCounts の呼び出しが無く、設計の枚数上限下限エラーが発生しない。	設計書＋実装ファイル	0.742	Y
重複	ECCUBE_HARERUYA-2281	未対応	イベント管理 - イベント申込登録：新規登録ボタンの権限による表示制御がない	新規登録ボタンの権限による表示制御が無い	863	M13-11	M13-11 イベント申込登録(検索結果)	P2	要修正-設計準拠	1.0	権限を保持している店舗のイベントのみ登録が可能とし、識別ID:4「新規登録」ボタンは権限を保持している店舗のイベントのみ表示する。	登録処理入口では権限チェックがあるが、設計が求める検索結果一覧での「権限を保持している店舗のイベントのみ」表示、および新規登録ボタンの表示制御が実装されていない。FormType/Controller/Repository/Twig を確認しても、一覧検索結果を編集可能店舗へ常時制限する処理やボタン単位の isEditableShop 条件がない。	設計書	0.296	Y
重複	ECCUBE_HARERUYA-2283	未対応	イベント管理 - デッキ表示：「Event」欄が英語名ではなく日本語名を表示	デッキ表示のEvent欄が英名でなく日本語名	852	M13-08	M13-08 デッキ表示	P4	要修正-設計準拠	0.1	イベント名（英）を表示する。	設計は dtb_event.name_en / イベント名（英）の表示を要求しているが、実装は日本語名 getNameJp() を表示している。getNameEn() の利用は当該デッキリスト表示経路では確認できない。	設計書	0.284	Y
部分重複	ECCUBE_HARERUYA-2294	未対応	フロントイベント - パンくずリストの仕様を確認	パンくず仕様の確認依頼。乖離341と論点は重なるが要否判断が要る	341	F07-01	F07-01 イベント大会TOP	P2	要修正-設計準拠	0.5	パンくずは店舗とタブに合わせ切替え、日別=『ホーム > イベントTOP > [店舗名] > 日別 > [期間の最初の月日]』、月別=『… > 月別 > [年月]』を表示する	index.twig:33-55 のパンくずは店舗名までの静的3段(position 1-3)。hareruya-event.js に breadcrumb/__current/日別/月別 のパンくず書換トークンは0件で、日別・月別セグメントの付与・更新処理が不在。	設計書＋実装ファイル	0.339	Y
重複	ECCUBE_HARERUYA-2296	未対応	イベント管理 - 大会詳細：パンくずリストにおける、リンクの絞り込み遷移の未実装	パンくずのリンク絞り込み遷移が無い	344	F07-03	F07-03 大会詳細	P2	要修正-設計準拠	0.5	パンくずリスト内の「店舗名」「フォーマット」「イベント開催日付」はそれぞれ押下可能。押下するとその内容での絞り込み結果画面に遷移する。パンくずは ホーム > イベントTOP > [店舗名] > [フォーマット] > [イベント開催日付]。	店舗名/フォーマットのhrefに shop/format 等のクエリが無く絞り込み結果に繋がらず素の検索一覧へ遷移。開催日付クラムが未生成でイベント名に置換されている。設計項目1-1の『それぞれ押下可能』『その内容での絞り込み結果画面に遷移』を満たさない。	設計書	0.318	Y
重複	ECCUBE_HARERUYA-2299	未対応	フロントイベント - 申込確認画面の「選択済みイベント」が、別日程が存在する状況でも常に変更不可になっている	選択済みイベントが常に変更不可	348	F07-04	F07-04 大会申込～完了	P2	要修正-設計準拠	0.75	別日程の同イベントが存在する場合、選択済みイベント選択(1-1)は選択済み状態で「変更可」とし、イベント未選択の状態では次の画面に遷移させない。別日程が存在しない場合のみ(1-1)はデフォルトチェック入りで「変更不可」とする。	設計は others 有無で主(1-1)の変更可否を切替え、未選択時は遷移不可を要求するが、実装は常に disabled 固定かつ hidden で主対象を強制送信するため常に変更不可・常に含む。切替ロジックが不在。	設計書	0.309	Y
重複	ECCUBE_HARERUYA-2301	未対応	フロントイベント - イベント大会TOP：バナースライダーのスクロール間隔が5秒ではない	バナースライダーのスクロール間隔が5秒でない	340	F07-01	F07-01 イベント大会TOP	P4	要修正-設計準拠	0.1	バナースライダーは自動スクロールで5秒毎に左方向にスクロールする	設計は5秒毎(5000ms)を明示するが、実装は4000ms(4秒毎)で1秒短い。grep で 5000/autoplaySpeed: 5000 は該当0件、autoplaySpeed: 4000 が2箇所。	設計書	0.289	Y
重複	ECCUBE_HARERUYA-2307	未対応	フロントイベント - 大会詳細画面の戻るボタンの遷移先がイベントTOP固定になっている	大会詳細の戻るボタンの遷移先が固定	347	F07-03	F07-03 大会詳細	P3	要修正-移植漏れ(設計書追記も要)	0.2	4-8 戻るボタン：遷移前のページに遷移する（遷移元のクエリにより戻り先を切り替える／日別画面などへ戻る）。	_event_detail_actions.twig:60 のhrefが event_top 固定。設計の『遷移前のページに遷移』『遷移元のクエリにより戻り先を切り替える』を満たさない。	設計書	0.222	Y
重複	ECCUBE_HARERUYA-2310	未対応	フロント商品 - 商品詳細：デッキ登録がないフォーマットが非表示とならない	デッキ0件フォーマットが非表示にならない	251	F03-02	F03-02 商品詳細	P2	要修正-設計準拠	0.25	紐付くフォーマットで登録されているデッキがない場合、現行の「該当なし」表示を廃止しフォーマットの表示を行わない（空デッキのフォーマットは非表示、デッキが1件も無ければセクション自体を非表示）	設計は『該当なし』廃止＋空フォーマット非表示を要求するが、実装は現行同様に『該当なし』を出力し空フォーマットも表示する。	機能No＋設計書	0.505	Y
重複	ECCUBE_HARERUYA-2318	未対応	管理画面 - コンテンツ管理：ページ管理のファイル名で日本語と英語でtwigファイルが変わるようになっているが実際はjaもenもないtwigファイルとなる	ページ管理のtwigファイル名が ja/en にならない	690	M09-04	M09-04 ページ管理(登録・編集)	P2	一部解消-残差あり	1.5	言語に応じて twig ファイル拡張子は日本語 .ja.twig、英語 .en.twig とし、ページ新規登録時は日英2種類のファイルを作成する。	設計は日本語も .ja.twig を外部契約として示すが、実装コメントと分岐が「日本語は.jaなし」を明示しており、表示と保存ファイル名も不整合になっている。		0.112	Y
重複	ECCUBE_HARERUYA-2339	未対応	管理画面 - 店頭買取管理：査定申込日時From＞Toのバリデーションエラーが出ない	査定申込日時From>Toのバリデーションエラーが出ない	592	M06-01	M06-01 買取一覧(検索入力)	P2	要修正-設計準拠	0.5	査定申込日時(From)>査定申込日時(To)の場合エラー	OtcBuyOrderType の application_date_from/application_date_to には単項目 Range 制約のみで相関チェックがなく、Controller/Repository/JS 側にも application_date_from > application_date_to の FormError/addError/検証分岐が見当たらない（探索範囲: src/Eccube/Form/Type/Admin/OtcBuyOrder, src/Eccube/Controller/Admin/OtcBuyOrder, src/Eccube/Repository/DtbOtcBuyOrderRepository.php, src/Eccube/Resource/template/admin/OtcBuyOrder, html/template/admin/assets/js/OtcBuyOrder）。	設計書	0.231	
重複	ECCUBE_HARERUYA-2385	未対応	分析・集計 > 日別集計 / 月別集計　売上集計に対応状況（受注ステータス）の絞り込みが無く、キャンセル・未出荷の受注が売上に計上される	売上集計に受注ステータス絞り込みが無い	765	M12-01	M12-01 日別・月別集計 集計一覧(検索項目-月別)	P1	要修正-設計準拠	0.5	集計は売上として計上できるもののみとし、注文ステータスが「出荷完了」の注文だけを集計対象とする。	DtbDailySummaryRepository::aggregateOrderSummaryByBaseInfo は dtb_order の全ステータスを対象に subtotal + delivery_fee_total + charge を合算する。SummaryController、Analysis配下Service、DtbDailySummaryRepository、DtbMonthlySummaryRepositoryを OrderStatus/order_status/DELIVERED/出荷完了 で反証検索したが、本集計に適用されるステータス条件は見つからなかった。	実装ファイル	0.228	Y
重複	ECCUBE_HARERUYA-2389	未対応	動作確認：トップページのアイテムを探すで静的リンクが入っていない	トップのアイテムを探すに静的リンクが入っていない	234	F01-01	F01-01 ECTOP	P2	要修正-設計準拠	0.5	アイテムを探す(5): 画面部品は静的コンテンツだが、(5-5)カテゴリ押下で当該カテゴリ絞込の商品一覧画面へ、(5-6)通常盤以外のカードセット押下で当該カードセット絞込の商品一覧画面へ遷移する（5-5/5-6はリンク）。	設計は5-5/5-6を『リンク』と定義し押下時の商品一覧遷移を明示要求。実装は href 無しの aria-disabled 非リンクで遷移ロジックが未配線のため機能要求(5-5)(5-6)が実現されていない。	設計書	0.169	Y
