要求ID	シート名	区分	判定	重要度	乖離種別	設計要件	実装実態	判定根拠
sheet-10-R025	カード名から買取用商品情報を取得	機能仕様	実装違い	P3	IO	指定された名称に紐づく商品が0件のときは、見つからなかったという結果（404）で応答する。	0件でも成功(200)で、cards が空のオブジェクトの応答を返す（src/Eccube/Controller/App/MTGBuyer/V1/Admin/BuyingController.php:113、src/Eccube/Service/App/MTGBuyer/V1/BuyingCardsFormatter.php:123）。見つからない扱いにしない。現行(pf-api/src/Controller/ProductController.php:206-207)は0件で404を返していた。同じ設計書のカード詳細ID指定側は0件で404を返す（src/Eccube/Controller/App/MTGBuyer/V1/Admin/BuyingController.php:57-59）。	引用はステータスコード表（200/404）を含む連続範囲。表のセル単独では述語が無いため直前の行を含めた。src/Eccube/Controller/App/MTGBuyer/V1/Admin/BuyingController.php:99-113 に0件を見つからない扱いにする分岐は無い。
sheet-10-R031	カード名から買取用商品情報を取得	現行仕様	実装違い	P3	ふるまい	検索語に含まれる % と _ は文字そのものとして照合され、任意文字列・任意1文字の代用として働かない。	受け取ったカード名をそのまま前方一致の照合値に組み立てるため、% は任意文字列、_ は任意1文字として働き、名前に該当しない商品まで一致する（src/Eccube/Repository/Master/MtbCardRepository.php:136-137、src/Eccube/Controller/App/MTGBuyer/V1/Admin/BuyingController.php:101）。現行(pf-api/src/Repository/DtbProductRepository.php:246)は%と_を打ち消してから照合していた。	[gate7/refute] 重要度を P3 へ。事実は反証できない。引用「カード名に含まれる % と _ はエスケープし、ワイルドカードではなく文字そのものとして扱う。」は sheets/sheet-10.txt:63 に逐語で実在する述語つき業務ロジックで、同ブロックに打ち消しは無い。実装は src/Eccube/Repository/Master/MtbCardRepository.php:136-137 が product.name LI src/Eccube/Repository/Master/MtbCardRepository.php:136-137 と src/Eccube/Controller/App/MTGBuyer/V1/Admin/BuyingController.php:101-113 に打ち消し処理が無い。ee内には同種の打ち消し処理（src/Eccube/Service/Csv/Exporter/StockRecommendCsvExportService.php:244）があるが、この検索では使っていない。 反証段: 事実は維持（打ち消し処理は実装に無い）。重要度は、%と_を含むカード名の入力は実運用でほぼ起きず、起きても余分な候補が並ぶだけで再入力すれば済むため P2 から P3 へ是正。
sheet-10-R034	カード名から買取用商品情報を取得	現行仕様	実装違い	P2	ふるまい	商品画像が結び付いていない商品の商品規格は、応答に含まれない。	商品画像は任意の結び付き（並び順0の1件）として扱われ、画像が無い商品の商品規格も imageFileName を値なしにして応答に含まれる（src/Eccube/Repository/Master/MtbCardRepository.php:159、src/Eccube/Service/App/MTGBuyer/V1/BuyingCardsFormatter.php:78）。現行(pf-api/src/Repository/DtbProductRepository.php:251)は画像が無い商品を応答から落としていた。	src/Eccube/Repository/Master/MtbCardRepository.php:159 が任意結合のため画像0件でも行が残る。他に画像の有無で落とす条件は src/Eccube/Repository/Master/MtbCardRepository.php:152-200 に無い。
sheet-10-R040	カード名から買取用商品情報を取得	現行仕様	実装違い	P3	IO	カード名検索の応答では、cards の各要素が1から始まる連番のキーで並ぶ。	cards のキーはカードIDのままで、連番への振り直しをしない（src/Eccube/Service/App/MTGBuyer/V1/BuyingCardsFormatter.php:74-81,123）。カード詳細ID・言語コード・状態コードの順の入れ子（src/Eccube/Service/App/MTGBuyer/V1/BuyingCardsFormatter.php:84-113）と、件数を返さない点（src/Eccube/Service/App/MTGBuyer/V1/BuyingCardsFormatter.php:123）は設計どおり。現行(pf-api/src/Controller/ProductController.php:210-213)は1始まりの連番へ振り直していた。	src/Eccube/Service/App/MTGBuyer/V1/BuyingCardsFormatter.php:74 でカードIDをキーにし、src/Eccube/Controller/App/MTGBuyer/V1/Admin/BuyingController.php:109-113 も含めて振り直す箇所が無い。カード詳細ID指定側（sheet-8）はカードIDキーが正本の指定なので、この振り直しはカード名検索だけの要求。
sheet-11-R019	部門一覧を取得	機能仕様	実装違い	P2	IO	部門一覧の応答は、必ず 200 が入る結果コードを項目として持つ。	応答は部門の一覧そのものを並べた形で返しており、結果コードの項目が無い。	src/Eccube/Controller/App/MTGBuyer/V1/Admin/SectionController.php:40-49 は部門1件ごとの3項目（部門ID・部門名・部門コード）を並べた一覧をそのまま応答にしており、結果コード・実行結果メッセージ・部門の配列という3項目の入れ物が無い。tests/Eccube/Tests/Web/App/MTGBuyer/V1/Admin/SectionControllerTest.php:77-85 も一覧がそのまま返ることを期待している。引用は同じ応答仕様を述べている現行仕様の文（レスポンスデータ表のcode/message/sections の各行は表のセル単独のため機械ゲートが通らない）。
sheet-12-R018	固定価格部門の部門情報を取得	機能仕様	実装違い	P2	IO	固定価格商品部門IDの取得要求に対する応答には、レスポンスコードを表す code が必ず200として含まれる。	"OptionController::getFixedPriceSection は mtb_option の fixed_price_section の値だけを new JsonResponse($value) で返す。テスト tests/Eccube/Tests/Web/App/MTGBuyer/V1/Admin/OptionControllerTest.php:184 が レスポンス本文を json_encode($expectedValue)（例 ""29""）と断定しており、code も section_id も名前として現れない。"	"レスポンス本文は設定値そのもの（JSON文字列）で、codeという名前の項目は存在しない。同じMTGBuyer管理APIでも更新系は [""code"" => 200] を返しており（src/Eccube/Controller/App/MTGBuyer/V1/Admin/OtcBuyOrderController.php:150）、本APIだけ応答の形が設計と違う。応答の形は外部に出るI/Oであり内部挙動ではない。"
sheet-15-R012	【新規】ダブルチェック者更新	機能仕様	実装違い	P2	IO	ダブルチェック者更新の要求では、ダブルチェック者のメンバーIDを member_id という項目で必須で受け取り、その値をダブルチェック者として記録する。	OtcBuyOrderController.php:239 は double_check_member_id だけを読み、値が無ければ 「ダブルチェック者を入力してください」で必須エラーにする。member_id を送っても参照されないため、設計どおりの呼び出しでは必須エラーになる。テストも double_check_member_id で送信している（tests/Eccube/Tests/Web/App/MTGBuyer/V1/Admin/OtcBuyOrderControllerTest.php:692）。	リクエストで受け取る項目は外部との取り決めであって内部挙動ではない。設計の唯一の必須項目 member_id が実装では受け付けられず、別名の項目のみを必須としているため、設計どおりの呼び出しではダブルチェック者を登録できない。
sheet-3-R038	買取アプリ用ログイン	現行仕様	実装違い	P3	IO	ログイン成功時に返すトークンは、発行者と、認証した管理者会員のIDの2つを持つ。	トークンには利用者ID（sub）だけを入れて署名しており、発行者を表す値を入れていない。後半の「利用者IDから管理者会員を引いて認可し、引けないときは認可しない」は実装と一致している。	src/Eccube/Security/AccessToken/JwtTokenService.php:79-81 が payload に sub のみを設定してトークンを組み立てている。発行者に相当する値を設定している箇所は src/Eccube/Security/AccessToken/JwtTokenService.php 内に無い。認可側（src/Eccube/Security/AccessToken/JwtTokenHandler.php:42-58, src/Eccube/Security/AccessToken/JwtTokenHandler.php:69-82）は sub から会員を引き、引けないときは認証拒否にしており、こちらは設計どおり。
sheet-4-R056	店頭買取情報取得	現行仕様	実装違い	P3	IO	applyDate はISO8601形式の日時文字列（例 2024-09-20T10:47:29+09:00）で返す。	applyDate を 'Y/m/d H:i:s' 形式（例 2024/09/20 10:47:29）で返している（src/Eccube/Controller/App/MTGBuyer/V1/Admin/OtcBuyOrderController.php:97）。テストも同じ書式を期待値にしている（tests/Eccube/Tests/Web/App/MTGBuyer/V1/Admin/OtcBuyOrderControllerTest.php:124）。	[gate7/refute] 重要度を P3 へ。指摘自体は成立する。引用「applyDate ISO8601形式の日時文字列で返す。」は sheets/sheet-4.txt:90 に逐語で実在し、区分は現行仕様（カスタマイズ説明=現行踏襲、リニューアル後の仕様側に日時書式の上書き記述は無く sheet-4.txt:99 は「本APIは画面メッセージを扱わない」のみ）。同ブロック(sheet-4-R054..R062)の表は「出力: 値の表し方 ISO8601は日付と時刻をハイフン区切り・T連結で表す書式で、スラッシュ区切り・空白連結の値はこれに当たらない。同APIを読むMTGBuyerが申込み時間を解釈する値であり、書式差は日時の解釈失敗や誤表示につながる。同じ節の他のふるまい（freeComment・memberName・qualifiedInvoiceIssuerCode のnull）は一致しているため、この行だけが外れている。
sheet-4-R059	店頭買取情報取得	現行仕様	実装違い	P2	IO	本人確認が未登録の受注では identificationId に 0 を返す。	本人確認が未登録の受注では identificationId に null を返す（src/Eccube/Controller/App/MTGBuyer/V1/Admin/OtcBuyOrderController.php:106）。受注の本人確認証明書は未設定を許す項目で（src/Eccube/Entity/DtbOtcBuyOrder.php:140-142）、未設定時は0でなくnullになる。テストもnullを期待値にしている（tests/Eccube/Tests/Web/App/MTGBuyer/V1/Admin/OtcBuyOrderControllerTest.php:133）。	同じ節の他の項目は「未設定の場合はnull」と書き分けられているのに、identificationId だけ「本人確認が未登録の場合は0」と明記されている。実装は他項目と同じnullを返しており、この行の指定と食い違う。MTGBuyerが身分証明書種別の初期選択に使う値のため、未登録の表し方の差はそのまま画面の挙動差になる。
sheet-4-R062	店頭買取情報取得	現行仕様	実装違い	P3	IO	住所は、国が日本のときは都道府県名・住所1・住所2、それ以外の国のときは国名・住所2・住所1 の順に、半角空白区切りで連結した1つの文字列で返す（住所3は連結しない）。	日本のときは 都道府県名・住所1・住所2・住所3、日本以外のときは 国名・住所3・住所2・住所1 と、設計に無い住所3を加えて連結している（src/Eccube/Controller/App/MTGBuyer/V1/Admin/OtcBuyOrderController.php:90-92）。住所3が設定された受注では住所文字列に1区画多く現れる。テストも住所3を含む期待値になっている（tests/Eccube/Tests/Web/App/MTGBuyer/V1/Admin/OtcBuyOrderControllerTest.php:143-149）。	連結する要素と順序が明記されているのに、実装は住所3を追加している。住所3は受注に存在する任意項目（src/Eccube/Entity/DtbOtcBuyOrder.php:76-77）で、値が入っていれば必ず出力に現れるため、MTGBuyerの氏名・住所照合欄に表示される文字列が設計と変わる。空のときは空要素が落ちるので一致する。
sheet-5-R076	店頭買取情報更新	現行仕様	実装違い	P2	ふるまい	適格請求書発行事業者に該当する受注のときだけ、適格請求書発行事業者確認フラグが指定された値（true でも false でも）に更新され、該当しない受注では指定されても更新されない。	受注が適格請求書発行事業者かどうかを見ず、指定値が true のときだけフラグを true にしている。そのため（1）適格請求書発行事業者の受注で false を指定しても確認済みが解除されず、（2）適格請求書発行事業者でない受注に true を指定すると確認済みになる。査定担当者・更新日時の設定は src/Eccube/Service/EntityManager/OtcBuyOrderEntityManager.php:48-49 で一致。	現行実装（pf-api の店頭買取受注詳細更新）は受注側の適格請求書発行事業者フラグを条件に確認済みフラグを指定値へ更新していた。ee は条件が指定値そのものに置き換わっており、受注側の該当有無を参照する箇所が無い。
sheet-5-R081	店頭買取情報更新	現行仕様	実装違い	P2	IO	入力検証に失敗したときは入力不正（HTTP 400）を返し、検出した全メッセージがerrors配列の要素として返る。データの削除・登録・保存は行われない。	リクエスト本文の検証に失敗すると入力不正（400）ではなく422が返り、errors には違反を1つの文字列に連結した1要素だけが入る。この応答を期待するテストが tests/Eccube/Tests/Web/App/MTGBuyer/V1/Admin/OtcBuyOrderControllerTest.php:330-350 にある。削除・登録・保存が行われない点は一致。	正常系以外の応答コードを tests/Eccube/Tests/Web/App/MTGBuyer/V1/Admin/OtcBuyOrderControllerTest.php が422で固定しており、明細の商品名未入力・ステータス範囲外・明細空・単価負数のいずれも422になる。正本（現行仕様・レスポンスサンプルとも）は400。
sheet-5-R092	店頭買取情報更新	現行仕様	実装違い	P3	IO	店頭買取ステータスマスタに存在しないステータスIDが指定されたとき、errorsに「MtbOtcBuyOrderStatusに{指定ID}が見つかりません。」という日本語のメッセージを含めて返す。	範囲外のステータスIDには英語の 'order_status is invalid' が返る（指定IDも示されない）。買取成立・買取キャンセル・経理払い出し待ち以外はマスタに存在しても同じメッセージになる。	src/Eccube/Dto/App/MTGBuyer/V1/Admin/UpdateOtcBuyOrderDto.php:35 の検証メッセージが唯一のステータス不正時の文言で、日本語のマスタ不在メッセージは ee のどこにも無い（『MtbOtcBuyOrderStatusに』で全文検索して該当なし）。同ファイル:30 は『バリデーションメッセージは旧システムを踏襲する』と記しており、この1件だけ踏襲されていない。
sheet-8-R012	カード詳細IDから買取用商品情報を取得	機能仕様	実装違い	P2	IO	カード詳細IDを指定したとき、応答にはそのカード詳細だけでなく、同じカードに属する他のカード詳細の情報も含まれる。	指定したカード詳細ID自身で絞り込み、応答に載せる各項目も同じ絞り込み後のカード詳細から取っているため、応答には指定した1件のカード詳細しか入らない。現行(pf-api/src/Repository/DtbProductRepository.php:141-142)は指定詳細が属するカードの全詳細を返していた。	src/Eccube/Repository/Master/MtbCardRepository.php:90 の絞り込みが、応答項目の取得元でもあるカード詳細自身に掛かる。同じカードの他の詳細を残す経路が実装に無い。
sheet-8-R053	カード詳細IDから買取用商品情報を取得	機能仕様	実装違い	P3	IO	商品規格ごとの応答項目として、商品コードが productCode という名前で入る。	商品コードは productClassCode という名前で入り、productCode という項目は応答に無い（src/Eccube/Service/App/MTGBuyer/V1/BuyingCardsFormatter.php:115、取得元 src/Eccube/Repository/Master/MtbCardRepository.php:193）。現行(pf-api/src/Repository/DtbProductRepository.php:156)は productCode で返していた。	応答を組み立てる箇所で項目名が productClassCode になっており、ee内に productCode へ読み替える箇所は無い（grepで src/Eccube/Service/App/MTGBuyer/V1/BuyingCardsFormatter.php:115 のみ）。
sheet-9-R030	商品IDリストから買取用商品情報を取得	現行仕様	実装違い	P3	ふるまい	商品画像が登録されていない商品は、削除済みでなくても買取用商品情報の結果に含まれない。	商品画像は未登録でも結果に残る扱いになっており、画像ファイル名を値なしにしたまま該当商品を返す。カード・カード詳細・レアリティ・言語・カード状態が未登録なら除く点、カードセット・プロモーション・保管コードは未設定でも含める点は設計どおり。	src/Eccube/Repository/Master/MtbCardRepository.php:159 は商品画像を任意の付随情報として取り、未登録でも行が残る。未登録を除く条件は src/Eccube/Repository/Master/MtbCardRepository.php:167-172 の条件に無く、整形側（src/Eccube/Service/App/MTGBuyer/V1/BuyingCardsFormatter.php:60-67）も画像ファイル名が値なしの行を落としていない。カード・カード詳細・レアリティ・言語・カード状態は必須の辿りになっており（src/Eccube/Repository/Master/MtbCardRepository.php:155-165）除外される。
