no	doc	req_id	機能	判定	種別	重要度	起票状況	関連課題	内容	備考
1	0201	sheet-4-R045	メンバー管理	未実装	ふるまい	P2	未登録		スマレジ用アカウントを有効にできるメンバーは同時に1人までとし、他に有効なメンバーが居る状態で有効化したときはエラーを表示して変更しないこと。	スマレジ用アカウント排他。メンバー管理の起票済み4件(2192-2197)はいずれも別項目
2	0201	sheet-4-R051	メンバー管理	未実装	ふるまい	P2	未登録		スマレジ用アカウントが他のメンバーで有効なときは、重複エラーを表示して編集画面へ戻り、スマレジ用アカウントを変更しないこと。	同上（スマレジ用アカウント重複エラー）
3	0201	sheet-3-R047	メンバー管理一覧	実装違い	ふるまい	P3	未登録		削除で対象メンバーが存在しないときは、警告を表示して一覧へ戻ること（404にしない）。	削除時404。メンバー管理一覧の起票(2190/2191)は別事象
4	0201	sheet-4-R027	メンバー管理	実装違い	IO	P3	未登録	ECCUBE_HARERUYA-1863(処理済み)	メールアドレスの最大文字数は255文字であること。	管理メンバーのメール255/254は未起票。1863はフロント新規会員登録で同根(eccube_email_len=254)
5	0201	sheet-5-R049	権限管理	実装違い	IO	P3	登録済み	ECCUBE_HARERUYA-2198(処理済み)	複製はリンクとして配置すること。	複製がリンクでなくbutton。処理済み
6	0202	sheet-14-R159	在庫移動・振替登録 編集 (移動)	実装違い	IO	P1	未登録	ECCUBE_HARERUYA-1762(実装中(25%))	在庫移動の登録で在庫と総原価を減らしたとき、在庫変動履歴の増減数と変更後総原価・変更後原価単価は、実際に減算した後の値と一致する。	在庫移動登録の在庫変動履歴の符号/総原価誤り。1762は在庫編集承認一覧の合計総原価増減数で別事象(近縁)
7	0202	sheet-14-R502	在庫移動・振替登録 編集 (移動)	未実装	ふるまい	P1	未登録	ECCUBE_HARERUYA-1111(完了)	入庫承認で差分があった商品について、出庫元へ通知する。	入庫承認差分の出庫元通知。1111は承認通知先の不具合で別事象
8	0202	sheet-15-R241	在庫移動・振替登録 編集(振替)	未実装	ふるまい	P1	未登録	ECCUBE_HARERUYA-2007(完了)	在庫振替を承認したとき、登録者へ承認を知らせるメールを送る。	在庫振替承認時の登録者メール。2007は在庫編集承認一覧の通知メールで別画面
9	0202	sheet-27-R054	在庫変更CSV登録	未実装	ふるまい	P1	部分登録	ECCUBE_HARERUYA-2267(未対応)	在庫区分がスマレジの在庫を減算したとき、算出した在庫数をスマレジへ連携する。	2267(未対応)は在庫変更CSV登録の廃棄時在庫ロック・履歴未実装を起票。スマレジ連携部分は含まれない
10	0202	sheet-13-R018	在庫移動・振替検索一覧(検索・結果)	実装違い	ふるまい	P2	未登録		CSV登録に失敗して一覧へ戻ったとき、直前の検索条件と一覧の選択状態がそのまま残る。	CSV登録失敗時に検索条件・選択状態が消える
11	0202	sheet-13-R078	在庫移動・振替検索一覧(検索・結果)	未実装	ふるまい	P2	未登録		出庫日の開始日で在庫移動を絞り込める。	出庫日時/入庫日時が常に未設定で検索0件
12	0202	sheet-13-R082	在庫移動・振替検索一覧(検索・結果)	実装違い	IO	P2	未登録	ECCUBE_HARERUYA-1287(完了)	「振替・入庫承認者」条件で在庫振替の承認者を検索できる。	振替・入庫承認者検索が空振り。1287は詳細条件の登録者選択で別事象
13	0202	sheet-14-R312	在庫移動・振替登録 編集 (移動)	実装違い	ふるまい	P2	部分登録	ECCUBE_HARERUYA-1106(完了)	在庫移動・振替一覧へ戻ったとき、遷移前の検索条件で絞り込まれた一覧が表示される。	1106(完了)は移動登録画面の戻るボタン遷移先。検索条件引継ぎは同趣旨だが対象画面が限定
14	0202	sheet-14-R532	在庫移動・振替登録 編集 (移動)	実装違い	IO	P2	未登録		不足差分を出庫元へ戻す履歴は、在庫変動区分「在庫移動(差分加算)」で登録される。	在庫変動区分「在庫移動(差分加算/減算)」がマスタに無い
15	0202	sheet-25-R048	欠品履歴検索一覧(検索結果)	実装違い	IO	P2	未登録	ECCUBE_HARERUYA-2016(処理済み)	欠品理由は在庫変動理由とは別の項目として表示・編集される。	欠品理由が在庫変動理由と別項目でない。2016は欠品検索フォーム連動で別事象
16	0202	sheet-26-R010	欠品履歴CSV出力	未実装	IO	P2	未登録		欠品履歴CSVに「登録元ID」の列が出力される。	欠品履歴CSVに登録元ID列が無い
17	0202	sheet-28-R014	在庫移動CSV登録	実装違い	IO	P2	未登録	ECCUBE_HARERUYA-2019(処理済み)	在庫移動CSV登録は1ファイル10,000件まで登録できる。	在庫移動CSVの上限10000件。2019は在庫移動実績CSVの2000件上限で別CSV
18	0202	sheet-3-R035	共通処理	実装違い	IO	P2	未登録		所属選択の選択肢は所属マスタから取得する。	所属選択の選択肢が所属マスタ由来でない
19	0202	sheet-3-R056	共通処理	実装違い	ふるまい	P2	未登録		編集画面から一覧に戻ったとき、遷移時の検索条件で絞り込まれた一覧が表示される。	編集画面から一覧へ戻ると検索条件が破棄
20	0202	sheet-51-R034	別添資料_在庫変動時の履歴作成について	実装違い	ふるまい	P2	未登録		在庫移動(減算)の履歴には「在庫移動による減算 <出庫元>から<入庫先> 在庫移動振替ID：…」が自動で記載される。	在庫変動理由の自動記載が空欄
21	0202	sheet-51-R071	別添資料_在庫変動時の履歴作成について	実装違い	IO	P2	未登録		在庫一括編集から登録した在庫変動履歴の履歴登録元は「在庫一括編集」になる。	在庫一括編集の履歴登録元が「在庫編集」
22	0202	sheet-6-R068	在庫編集	未実装	ふるまい	P2	未登録		登録時に選んだ承認通知先メンバーが、在庫編集承認一覧で通知送付者として確認できる。	承認通知先メンバーが保存されず承認一覧で確認不可
23	0202	sheet-9-R016	在庫情報カスタムCSV出力	未実装	IO	P2	未登録		カスタムCSVの出力項目に「原価単価」を選べる。	在庫情報カスタムCSVの出力項目候補25件が未登録
24	0202	sheet-13-R088	在庫移動・振替検索一覧(検索・結果)	実装違い	ふるまい	P3	未登録		検索条件をクリアは詳細検索条件（識別ID3-1〜3-9）だけを空にし、上部の検索条件は保持する。	検索条件クリアが上部条件まで消す
25	0202	sheet-14-R198	在庫移動・振替登録 編集 (移動)	実装違い	IO	P3	未登録		移動点数は1〜1000000の範囲で入力できる。	移動点数の上限が設計値でなく共通上限
26	0202	sheet-14-R204	在庫移動・振替登録 編集 (移動)	実装違い	IO	P3	未登録		メモは65535byteを超える入力をエラーにする。	メモ/却下理由に65535byte検証が無い
27	0202	sheet-14-R210	在庫移動・振替登録 編集 (移動)	実装違い	ふるまい	P3	未登録		在庫一覧に戻ったとき、検索条件と、移動対象として選んでいた在庫のチェック状態が両方とも残る。	在庫一覧へ戻ると選択チェックが消える(移動)
28	0202	sheet-14-R490	在庫移動・振替登録 編集 (移動)	実装違い	IO	P3	未登録		入庫承認画面の在庫移動内容は、差分点数が入力された商品を先頭に表示する。	入庫承認画面で差分入力明細を先頭に並べ替えない
29	0202	sheet-15-R124	在庫移動・振替登録 編集(振替)	実装違い	IO	P3	未登録		在庫移動・振替内容は振替元の商品コードの昇順で並ぶ。	振替内容が商品コード昇順で並ばない
30	0202	sheet-18-R127	在庫分割結合登録編集（分割）	実装違い	ふるまい	P3	未登録		在庫一覧に戻ったとき、検索条件と、分割対象として選んでいた在庫のチェック状態が両方とも残る。	在庫一覧へ戻ると選択チェックが消える(分割)
31	0202	sheet-18-R146	在庫分割結合登録編集（分割）	実装違い	IO	P3	部分登録	ECCUBE_HARERUYA-2011(処理済み)	エラー一覧の先頭に「エラーは20件まで表示されます」と表示する。	2011(処理済み)は分割側の固定文言未表示を起票。残るのは文言相違
32	0202	sheet-22-R045	在庫履歴検索一覧(検索入力)	実装違い	IO	P3	未登録	ECCUBE_HARERUYA-2018(処理済み)	店舗の初期値はログイン中メンバーのデフォルト検索表示店舗。	在庫履歴検索の初期値未設定。2018は在庫移動指示検索で別画面
33	0202	sheet-23-R056	在庫履歴検索一覧(検索結果)	実装違い	IO	P3	未登録		列名は「在庫区分」。	列名「在庫区分」が「在庫場所」
34	0202	sheet-32-R174	在庫移動指示検索	実装違い	IO	P3	未登録		発送状況の絞り込みは複数選択のセレクトボックスで行う。	発送状況の絞り込みがチェックボックス
35	0202	sheet-33-R039	在庫移動指示詳細	実装違い	IO	P3	部分登録	ECCUBE_HARERUYA-2352(処理済み)	送状No.は16384文字まで入力できる。	送状No.16384文字は2352(処理済み)の集約チケットに含まれる。備考の上限検証なしは未起票
36	0202	sheet-35-R003	送り状CSV出力	実装違い	IO	P3	未登録		送り状CSVの1列目の項目名は「オーダーID」。	送り状CSV1列目が「注文番号」
37	0202	sheet-7-R018	在庫一括編集	実装違い	IO	P3	未登録		状態は在庫編集画面と同じく、状態の名称を表示する。	在庫一括編集の状態が名称でなくコード表示
38	0202	sheet-9-R019	在庫情報カスタムCSV出力	実装違い	IO	P3	未登録		カスタムCSVの出力項目名は「前日販売数」である。	在庫情報カスタムCSVの項目名相違(前日販売数ほか)
39	0203	sheet-13-R052	納品書印刷（日本語）	実装違い	IO	P1	未登録		請求金額は税込金額を出し、内税として、小計に送料と手数料を足し値引きを引いた金額から算出した消費税額を併記すること。	納品書の内税額が算出値でなく保存値
40	0203	sheet-13-R069	納品書印刷（日本語）	実装違い	IO	P1	未登録		納品書に載せる消費税額は、小計に送料と手数料を足し値引きを引いた金額から算出した値であること。	同上(消費税額の算出)
41	0203	sheet-13-R086	納品書印刷（日本語）	実装違い	IO	P1	未登録		請求金額(税込)は受注の合計を出し、内税として算出した消費税額を併記すること。	納品書の請求金額の内税額が算出値でない
42	0203	sheet-15-R016	受注情報編集	未実装	ふるまい	P1	未登録		欠品で在庫数を減らすときは、あわせて該当在庫の原価も減らすこと。	欠品時に原価を減らさない
43	0203	sheet-15-R056	受注情報編集	未実装	ふるまい	P1	未登録		受注の更新時に、EC-CUBE側で保持する原価情報を使って総原価と総在庫の両方を増減すること。	受注更新で総原価が増減しない
44	0203	sheet-15-R061	受注情報編集	未実装	ふるまい	P1	未登録		欠品登録では総原価・総在庫を変動させず、廃棄として欠品のデータを作ること。	欠品登録で総在庫が動く/廃棄データを作らない
45	0203	sheet-15-R065	受注情報編集	未実装	ふるまい	P1	未登録		注文数の変更時に総原価と総在庫の両方を増減すること。	注文数変更で総原価が増減しない
46	0203	sheet-15-R073	受注情報編集	未実装	ふるまい	P1	未登録		明細の数量を減らしたときは、総原価に注文時の原価単価を戻すこと。	数量減で総原価を戻さない
47	0203	sheet-15-R074	受注情報編集	未実装	ふるまい	P1	未登録		明細の数量を増やしたときは、総原価から原価単価を引くこと。	数量増で総原価を引かない
48	0203	sheet-15-R409	受注情報編集	未実装	ふるまい	P1	未登録		受注全体の更新で本店の在庫が変わったとき、その旨を支店へ知らせること。	本店在庫変動を支店へ通知しない
49	0203	sheet-15-R434	受注情報編集	実装違い	ふるまい	P1	未登録		対応状況が出荷完了または引き渡し済みへ新たに変わったときに、ポイントを付与しスマレジ側のポイントを加算すること。	引き渡し済みへの変更でポイント付与されない
50	0203	sheet-15-R455	受注情報編集	実装違い	ふるまい	P1	未登録		ポイント履歴の削除量の合計が0でないときは、会員の保持ポイントから差し引き、同じ量をスマレジへ連携すること。	ポイント削除量のスマレジ連携が無い
51	0203	sheet-15-R456	受注情報編集	未実装	ふるまい	P1	未登録		キャンセル時のポイント連携でスマレジからの応答に結果が含まれないときは、応答内容を退避してスマレジ連携エラーの印を立てること。	キャンセル時のポイント連携自体が無い
52	0203	sheet-15-R478	受注情報編集	未実装	ふるまい	P1	未登録		受注全体の更新時とキャンセル時の在庫戻し時に、支店へ在庫更新を知らせること。	在庫更新の支店通知が無い
53	0203	sheet-21-R031	出荷指示ー納品書印刷（日本語）	実装違い	IO	P1	未登録		請求金額(税込)は受注の合計を出し、内税として算出した消費税額を併記すること。	出荷指示ー納品書の内税額が算出値でない
54	0203	sheet-24-R003	出荷実績インポート登録	実装違い	ふるまい	P1	未登録	ECCUBE_HARERUYA-2070(処理済み)	指定した注文番号の受注に出荷日が登録されていなければ更新すること。	出荷実績取込が対応状況=出荷指示に限定。2070/2071は同画面の別事象
55	0203	sheet-24-R004	出荷実績インポート登録	実装違い	ふるまい	P1	未登録	ECCUBE_HARERUYA-2070(処理済み)	取り込んだ受注のステータスを発送済み（出荷完了）にすること。	同上(ステータス更新)
56	0203	sheet-24-R036	出荷実績インポート登録	実装違い	ふるまい	P1	未登録	ECCUBE_HARERUYA-2070(処理済み)	受注に出荷日が入っていないときだけ、対応状況を出荷完了に変え出荷日と送り状No.を設定すること。	同上(出荷日/送り状No.設定)
57	0203	sheet-24-R052	出荷実績インポート登録	実装違い	ふるまい	P1	未登録	ECCUBE_HARERUYA-2070(処理済み)	対応状況・出荷日・送り状No.の更新は、受注に出荷日が入っていないときだけを契機とすること。	同上(更新契機)
58	0203	sheet-4-R085	受注情報検索 一覧(検索結果)	未実装	IO	P1	未登録		警告に該当する受注は注文番号を赤字で表示し、両方に該当するときは警告文言を2行とも表示すること。	受注一覧の警告表示(赤字/文言)が無い
59	0203	sheet-4-R087	受注情報検索 一覧(検索結果)	未実装	IO	P1	未登録		対応状況が注文受領で、かつキャンセル日または出荷日のいずれかが設定済みの受注は、決済の警告として表示すること。	決済警告の判定が無い
60	0203	sheet-4-R088	受注情報検索 一覧(検索結果)	未実装	IO	P1	未登録		スマレジ連携エラーの区分が立っている受注は、連携の警告として表示すること。	スマレジ連携エラー警告が無い
61	0203	sheet-4-R106	受注情報検索 一覧(検索結果)	実装違い	ふるまい	P1	未登録		削除した受注の注文者が会員のとき、購入実績の数え直しは注文受領・入金待ち・取寄せ中・出荷完了・対応済みの受注だけを対象にすること。	削除時の購入実績再集計の対象ステータス相違
62	0203	sheet-4-R112	受注情報検索 一覧(検索結果)	未実装	IO	P1	未登録		警告に該当する受注は注文番号を赤字にし、警告文言を併記すること。	受注一覧の警告表示(赤字/文言)が無い
63	0203	sheet-4-R119	受注情報検索 一覧(検索結果)	未実装	IO	P1	未登録		注文番号は、警告に該当するときは赤字にして下に警告文言を出すこと。	同上
64	0203	sheet-4-R127	受注情報検索 一覧(検索結果)	実装違い	ふるまい	P1	未登録		受注を削除したとき、注文者が会員なら購入回数・購入金額を数え直すこと。	一括削除で購入回数/金額を再集計しない
65	0203	sheet-11-R062	送り状CSV出力	実装違い	IO	P2	未登録		受注サブ情報・都道府県・受注明細・商品・商品サブ情報・会員・配送先・配送方法のいずれかを持たない受注は、送り状CSVに出力しないこと。	送り状CSVの除外条件にサブ情報が無い
66	0203	sheet-11-R077	送り状CSV出力	実装違い	IO	P2	未登録		注文者住所3・注文者部署・贈り主住所3・贈り主部署・配送先住所3・配送先部署・注文コメント・荷物問い合わせURL・送り状No.は常に空欄にすること。	送り状CSVで空欄にすべき項目に値が出る
67	0203	sheet-11-R087	送り状CSV出力	実装違い	IO	P2	要確認	ECCUBE_HARERUYA-677(未対応)	送り状CSVはバイトオーダーマークを付けず、先頭を見出し行から始めること。	送り状CSVのBOM。677(未対応)は「CSVエクスポート時はBOM付与」と決定しており正本(BOMなし)と矛盾＝設計裁定要
68	0203	sheet-13-R062	納品書印刷（日本語）	実装違い	IO	P2	未登録	ECCUBE_HARERUYA-2047(処理済み)	会員情報・プレイヤー情報・配送先のいずれかを持たない受注は納品書に出さず、商品・商品規格・商品サブ情報・商品規格サブ情報のいずれかを持たない明細も出さないこと。	納品書の出力対象条件。2047は逆向き(会員内部結合でゲストが落ちる)の指摘で別事象
69	0203	sheet-15-R186	受注情報編集	実装違い	ふるまい	P2	未登録	ECCUBE_HARERUYA-2079(処理済み)	受注編集画面のピック中欄には、ステータスをピック中にしたときに登録される日付（注文確定日）が表示されること。	ピック中欄がピック開始日で常に空。2079は注文確定日の登録漏れで別事象
70	0203	sheet-15-R385	受注情報編集	実装違い	IO	P2	未登録		会員の呼び出しでは、会員ID・氏名・カナ・郵便番号・都道府県・住所・メールアドレス・電話番号・FAX番号・会社名・最終購入日時・購入回数・購入金額・メモを返すこと。	会員呼び出しの返却項目不足
71	0203	sheet-15-R452	受注情報編集	未実装	ふるまい	P2	未登録		キャンセル時に、商品規格別の週間販売数を受注日とキャンセル日の日数差に応じて戻すこと。	キャンセル時に週間販売数を戻さない
72	0203	sheet-15-R457	受注情報編集	未実装	ふるまい	P2	未登録		キャンセル時の週間販売数の戻し先は、受注日とキャンセル日の日数差で決めること。	同上(戻し先の判定)
73	0203	sheet-15-R476	受注情報編集	未実装	ふるまい	P2	未登録		キャンセル日を新たに入れたときに商品規格別の週間販売数を更新すること。	キャンセル日設定時に週間販売数を更新しない
74	0203	sheet-17-R030	出荷指示リスト生成	実装違い	IO	P2	未登録	ECCUBE_HARERUYA-2069(処理済み)	受注サブ情報を持たない受注は出荷指示リストの対象にしないこと。	出荷指示リストの対象条件に受注サブ情報が無い。2069は出荷日/出荷指示日の別事象
75	0203	sheet-18-R028	出荷指示リスト検索	実装違い	ふるまい	P2	未登録		注文番号の条件は、その注文番号を持つ受注を含む出荷指示リストに絞り込むこと。	出荷指示リスト検索の注文番号が内部IDと比較
76	0203	sheet-18-R035	出荷指示リスト検索	実装違い	ふるまい	P2	未登録		注文番号は完全一致で絞り込み、指定した注文番号を持つ受注が無いときは該当なしになること。	同上(完全一致)
77	0203	sheet-20-R003	ピッキングリスト印刷	実装違い	IO	P2	登録済み	ECCUBE_HARERUYA-1344(完了)	サプライ品はグッズ・予約グッズのカテゴリの明細としてまとめ、それ以外は価格帯で3グループに分けること。	サプライ品がカード価格帯グループに入る。1344(完了)と同一事象＝再発/未解消の可能性
78	0203	sheet-20-R043	ピッキングリスト印刷	実装違い	IO	P2	未登録		商品・商品規格・商品サブ情報・商品規格サブ情報・カテゴリのいずれかを持たない明細はピッキングリストに出さないこと。	ピッキングリストの明細除外条件が不足
79	0203	sheet-20-R044	ピッキングリスト印刷	実装違い	IO	P2	未登録		同じ商品規格で同じ商品名の明細は、受注をまたいでも1行にまとめること。	同一商品規格の明細が数量/価格違いで別行
80	0203	sheet-20-R046	ピッキングリスト印刷	実装違い	IO	P2	登録済み	ECCUBE_HARERUYA-1344(完了)	サプライ品はグッズと予約グッズのカテゴリの明細としてまとめ、1グループにすること。	同上(サプライ品判定)
81	0203	sheet-21-R007	出荷指示ー納品書印刷（日本語）	実装違い	IO	P2	未登録		会員情報・プレイヤー情報・配送先のいずれかを持たない受注は納品書に出さず、商品サブ情報・商品規格サブ情報のいずれかを持たない明細も出さないこと。	出荷指示ー納品書の出力対象条件が不足
82	0203	sheet-21-R010	出荷指示ー納品書印刷（日本語）	実装違い	ふるまい	P2	未登録		出荷指示リストに含まれない受注を選んだときも、その受注の納品書を出すこと。	出荷指示リスト外の受注の納品書が出ない
83	0203	sheet-23-R055	出荷実績入力用CSV出力	実装違い	IO	P2	未登録		出荷実績入力用CSVの配送先項目は 配送先_住所2 の次が 配送先_TEL1 であり、配送先_住所3 の列を持たないこと。	出荷実績入力用CSVに配送先_住所3の余分列
84	0203	sheet-23-R071	出荷実績入力用CSV出力	実装違い	IO	P2	未登録		受注サブ情報・都道府県・会員・会員の都道府県・会員の国・支払方法・対応状況・配送先の都道府県・配送方法・配送方法サブ情報のいずれかを持たない受注は出力しないこと。	出荷実績入力用CSVの出力対象条件が不足
85	0203	sheet-23-R072	出荷実績入力用CSV出力	実装違い	IO	P2	未登録		受注1件につき1行を出力し、配送先を複数持つ受注でも2件目以降の配送先は出力しないこと。	配送先複数で行が増える
86	0203	sheet-24-R024	出荷実績インポート登録	実装違い	IO	P2	未登録		取り込むCSVのヘッダ行は設計の出荷実績登録CSVの項目と一致すること（必須は注文番号だけ）。	取込CSVヘッダに余分列(配送先_住所3)
87	0203	sheet-24-R045	出荷実績インポート登録	実装違い	ふるまい	P2	未登録	ECCUBE_HARERUYA-2071(処理済み)	登録後の処理（ポイント付与・出荷完了メール・スマレジ側のポイント加算）で失敗しても、確定済みの受注更新や先行受注へ付与済みのポイントは取り消されないこと。	後続処理失敗で受注更新まで巻き戻る。2071はメール未送信で別事象
88	0203	sheet-25-R056	出荷実績登録CSVフォーマット	実装違い	IO	P2	未登録		出荷実績登録CSVフォーマットの配送先項目は 配送先_住所2 の次が 配送先_TEL1 であり、配送先_住所3 の列を定義しないこと。	出荷実績登録CSVフォーマットに余分列
89	0203	sheet-3-R019	受注情報検索 一覧(検索入力)	未実装	ふるまい	P2	未登録		引き渡し前の注文番号を注文番号欄に入力して検索したとき、その番号が紐づく引き渡し後の受注が検索結果に出ること。	引き渡し前の注文番号で検索できない
90	0203	sheet-3-R020	受注情報検索 一覧(検索入力)	実装違い	ふるまい	P2	部分登録	ECCUBE_HARERUYA-2040(処理済み); ECCUBE_HARERUYA-1737(未対応)	対応状況を選ばずに検索したとき、キャンセルと引き渡し済み以外の受注が検索対象になること。	デフォルト検索の除外ステータス。2040(処理済み)/1737(未対応)は同一箇所。現HEADは逆に過剰除外
91	0203	sheet-3-R134	受注情報検索 一覧(検索入力)	実装違い	ふるまい	P2	未登録		注文備考の有無は、選択が1件のときだけ絞り込みに使い、両方を選んだときは絞り込まないこと。	注文備考の有無を両選択すると0件
92	0203	sheet-3-R137	受注情報検索 一覧(検索入力)	実装違い	ふるまい	P2	未登録		購入商品コードは、受注明細の商品コードが入力値と完全に一致する受注だけに絞り込むこと。	購入商品コードが部分一致
93	0203	sheet-3-R139	受注情報検索 一覧(検索入力)	実装違い	ふるまい	P2	未登録		配送先のフリガナを入力して検索すると、配送先のセイとメイを連結した文字列への部分一致で受注が絞り込まれること。入力値の変換は行わないこと。	配送先フリガナ条件でSQLが壊れる/カナ変換
94	0203	sheet-3-R158	受注情報検索 一覧(検索入力)	実装違い	ふるまい	P2	未登録		入金日・出荷指示日・更新日の期間の開始条件は、他の日付の期間を同時に指定しても、入力した値のまま絞り込みに使われること。	日付開始条件のパラメータ衝突
95	0203	sheet-3-R159	受注情報検索 一覧(検索入力)	実装違い	ふるまい	P2	未登録		入金日・出荷指示日・更新日の期間の終了条件は、他の日付の期間を同時に指定しても、入力した値のまま絞り込みに使われること。	日付終了条件のパラメータ衝突
96	0203	sheet-3-R166	受注情報検索 一覧(検索入力)	実装違い	ふるまい	P2	未登録		AND選択のときは、入力した商品名それぞれについて別々の明細で一致していれば該当すること（複数商品を買った受注が両方の商品名で該当すること）。	商品名AND検索が同一明細内に限定
97	0203	sheet-4-R061	受注情報検索 一覧(検索結果)	未実装	IO	P2	未登録		一覧に配送方法の列があること。	受注一覧に配送方法の列が無い
98	0203	sheet-5-R007	受注一覧CSV出力	未実装	IO	P2	登録済み	ECCUBE_HARERUYA-2077(処理済み)	受注一覧CSVの「お名前(姓)」は、非会員の受注では「非会員」と出力すること。	受注一覧CSVの非会員置換。2077(処理済み)と同一
99	0203	sheet-5-R055	受注一覧CSV出力	実装違い	IO	P2	未登録		受注一覧CSVの「注文備考」には注文備考の値を出力すること。	受注一覧CSVの注文備考がショップ用メモを指す
100	0203	sheet-5-R070	受注一覧CSV出力	未実装	IO	P2	登録済み	ECCUBE_HARERUYA-2077(処理済み)	非会員の受注は、CSVのお名前(姓)に「非会員」と出力すること。	同上(非会員置換)
101	0203	sheet-5-R093	受注一覧CSV出力	実装違い	IO	P2	未登録		出力項目の値は受注から取り、空のときだけ受注明細から取り直し、どちらからも取れないときは空欄にすること。	出力項目の取得元に出荷からの補完が余分
102	0203	sheet-5-R104	受注一覧CSV出力	実装違い	IO	P2	未登録		CSVファイルの文字コードは SJIS-win であること。	受注一覧CSVの文字コードがUTF-8
103	0203	sheet-7-R068	受注詳細CSV出力	未実装	IO	P2	未登録	ECCUBE_HARERUYA-2044(処理済み)	受注詳細CSVの出力項目に識別ID:67「送料ID」があり、CSV出力できること。	受注詳細CSVに送料ID列が無い。2044は店舗名列で別項目
104	0203	sheet-7-R089	受注詳細CSV出力	未実装	IO	P2	未登録	ECCUBE_HARERUYA-2044(処理済み)	受注詳細CSVの出力項目に識別ID:88「注文番号」があり、識別ID:1の注文番号とは別の列として出力できること。	受注詳細CSVに2つ目の注文番号列が無い
105	0203	sheet-7-R116	受注詳細CSV出力	実装違い	IO	P2	未登録		受注詳細CSVは受注1件につき1行を出力し、明細の件数で行数が変わらないこと。	受注詳細CSVが明細件数分の行になる
106	0203	sheet-7-R117	受注詳細CSV出力	実装違い	IO	P2	未登録		配送先の値は先頭の配送先だけから取り、2件目以降の配送先は出力しないこと。	配送先の値が明細ごとに変わる
107	0203	sheet-7-R119	受注詳細CSV出力	実装違い	IO	P2	未登録		出力項目の値は受注から取り、空のときだけ先頭の配送先から取り直すこと。	出力項目の取得順が設計と違う
108	0203	sheet-9-R028	メール一括送信	実装違い	IO	P2	登録済み	ECCUBE_HARERUYA-2045(処理済み)	テンプレートの選択肢は、受注向け基本テンプレートの日本語版と英語版の2系統に限ること。	メール一括送信のテンプレ選択肢。2045(処理済み)と同一箇所(期待値の解釈は異なる)
109	0203	sheet-11-R085	送り状CSV出力	実装違い	IO	P3	未登録		送り状CSVのファイル名は exp_ship_ に出力日時（YmdHis）をつないだ .csv であること。	送り状CSVのファイル名が labels_
110	0203	sheet-15-R202	受注情報編集	実装違い	IO	P3	未登録		ボタンのラベルは「受注ステータスを変更」であること。	ボタンラベル「受注ステータス変更」
111	0203	sheet-15-R213	受注情報編集	実装違い	IO	P3	未登録	ECCUBE_HARERUYA-2053(処理済み)	ブロックの見出しは「ポイント連携エラー」であること。	見出し「ポイントエラーメッセージ」。2053は同ブロックの開閉初期状態で別事象
112	0203	sheet-15-R249	受注情報編集	実装違い	IO	P3	未登録		ボタンのラベルは「商品の追加」であること。	ボタンラベル「商品を追加」
113	0203	sheet-15-R259	受注情報編集	実装違い	IO	P3	未登録		項目のラベルは「お支払合計」であること。	ラベル「お支払い合計」
114	0203	sheet-16-R052	【新規】受注情報履歴	実装違い	IO	P3	未登録		履歴表示では、欠品登録ボタンだけは非活性にしないこと。	履歴表示で欠品登録ボタンまで非活性
115	0203	sheet-18-R038	出荷指示リスト検索	実装違い	IO	P3	未登録		一覧は登録日の降順で並べ、同じ登録日のときは出荷指示番号の降順で並べること。並び替えできる項目は登録日だけとすること。	出荷指示リスト一覧の既定並び順/並替対象
116	0203	sheet-18-R048	出荷指示リスト検索	未実装	ふるまい	P3	未登録		最終ページの表示対象が無くなったときは1つ前のページを表示すること。	最終ページ空時のページ補正が無い
117	0203	sheet-3-R012	受注情報検索 一覧(検索入力)	実装違い	IO	P3	未登録		保存した検索パターンは、どのパターンにも件数を取り直すアイコンが付いていること。	適用中パターンに件数再取得アイコンが無い
118	0203	sheet-3-R014	受注情報検索 一覧(検索入力)	実装違い	IO	P3	未登録		"保存した各検索パターンには、件数を取り直すまで ""*"" が該当件数として表示されていること。"	適用中パターンに件数欄が出ない
119	0203	sheet-3-R110	受注情報検索 一覧(検索入力)	実装違い	IO	P3	未登録		店頭注文番号の入力欄は半角・全角の文字を受け付けること。	店頭注文番号が数値専用入力
120	0203	sheet-3-R122	受注情報検索 一覧(検索入力)	実装違い	ふるまい	P3	未登録		配送先氏名・住所・送り状Noのフリーワードは、配送先の住所1・住所2・姓・名・会社名と受注の送り状No.だけを対象に絞り込むこと。	配送先フリーワードに住所3が含まれる
121	0203	sheet-3-R148	受注情報検索 一覧(検索入力)	実装違い	IO	P3	未登録		支払方法のチェック項目は、削除済みでない支払方法から旧・大会専用の2件を除いたものを、表示順の降順で並べたものであること。	支払方法チェック項目の除外条件が無い
122	0203	sheet-3-R152	受注情報検索 一覧(検索入力)	実装違い	ふるまい	P3	未登録		購入商品名に入力した % と _ は、文字そのものとして扱われること。	購入商品名でLIKEワイルドカードが効く
123	0203	sheet-3-R201	受注情報検索 一覧(検索入力)	実装違い	IO	P3	要確認	ECCUBE_HARERUYA-1663(処理済み)	受注一覧の表示件数は、セッションに無いときは10件であること。	既定表示件数10 vs 300。1663(処理済み)は300件を要求しており正本と矛盾＝設計裁定要
124	0203	sheet-3-R203	受注情報検索 一覧(検索入力)	実装違い	ふるまい	P3	未登録		保存済み検索条件を呼び出したときは、リクエストで指定された表示件数を使わないこと。	保存条件呼出時にリクエスト件数を採用
125	0203	sheet-3-R205	受注情報検索 一覧(検索入力)	実装違い	ふるまい	P3	未登録		同じ保存済み検索条件の該当件数は、最大10秒間は前回取得した件数がそのまま返ること。	該当件数の10秒据え置きが無い
126	0203	sheet-4-R049	受注情報検索 一覧(検索結果)	実装違い	IO	P3	未登録		その他の選択肢は「メール一括送信」であること。	選択肢名称「メール一括通知」
127	0203	sheet-4-R052	受注情報検索 一覧(検索結果)	実装違い	IO	P3	未登録		ボタンのラベルは「送り状CSV」であること。	ボタンラベル「送り状出力」
128	0203	sheet-4-R077	受注情報検索 一覧(検索結果)	実装違い	ふるまい	P3	未登録		一覧の並びは注文日の降順であること。	一覧既定並びが更新日降順
129	0203	sheet-4-R079	受注情報検索 一覧(検索結果)	未実装	ふるまい	P3	未登録		最終ページの受注が削除されて表示対象が無くなったときは、1つ前のページを表示すること。	最終ページ空時のページ補正が無い(受注一覧)
130	0203	sheet-4-R113	受注情報検索 一覧(検索結果)	実装違い	ふるまい	P3	未登録		一覧の並びは注文日の降順であること。	一覧既定並びが更新日降順
131	0203	sheet-4-R120	受注情報検索 一覧(検索結果)	実装違い	IO	P3	未登録		お名前は注文者の姓と名を半角空白で連結して表示すること。	お名前の姓名が空白なしで連結
132	0203	sheet-4-R122	受注情報検索 一覧(検索結果)	実装違い	IO	P3	未登録		出荷指示日は年/月/日の書式で表示すること。	出荷指示日の書式に時分が付く
133	0203	sheet-5-R086	受注一覧CSV出力	実装違い	IO	P3	未登録		受注一覧CSVの出力順は注文日の降順であること。	受注一覧CSVの出力順が更新日降順
134	0203	sheet-5-R099	受注一覧CSV出力	実装違い	IO	P3	未登録		複数参照する値は、参照先の指定項目の値をカンマで連結し、同じ値は1つにまとめ、参照先が見つからない要素は連結しないこと。	複数参照値の重複除去/欠落除外が無い
135	0203	sheet-6-R110	受注一覧カスタムCSV出力	実装違い	IO	P3	未登録		カスタムCSVはファイルの先頭にバイトオーダーマークを1個だけ出力すること。	カスタムCSVでBOMが2個出る
136	0203	sheet-8-R115	受注詳細カスタムCSV出力	実装違い	IO	P3	未登録		受注詳細カスタムCSVの出力順は注文日の降順であること。	受注詳細カスタムCSVの出力順
137	0203	sheet-8-R135	受注詳細カスタムCSV出力	実装違い	IO	P3	未登録		カスタムCSVはファイルの先頭にバイトオーダーマークを1個だけ出力すること。	カスタムCSVでBOMが2個出る(受注詳細)
138	0203	sheet-9-R020	メール一括送信	実装違い	IO	P3	未登録		リンクのラベルは「受注一覧画面に戻る」であること。	リンクラベル「受注一覧画面へ戻る」
139	0204	sheet-65-R047	別添資料__スマレジ連携対象商品	未実装	ふるまい	P1	未登録	ECCUBE_HARERUYA-1981(完了)	買取・基準価格一括編集で基準価格を変更したとき、スマレジ連携フラグが立っている規格をスマレジへ連携する。	買取・基準価格一括編集のスマレジ連携。1981はセール用高額商品CSVで別機能
140	0204	sheet-16-R011	売上分析タグ登録編集	実装違い	IO	P3	部分登録	ECCUBE_HARERUYA-1976(完了)	売上分析タグの並び順は0〜32767の範囲で検証される。	売上分析タグの並び順範囲。1976(完了)は棚番登録の範囲チェックのみ
141	0204	sheet-23-R042	買取・基準価格一括編集	実装違い	IO	P3	登録済み	ECCUBE_HARERUYA-1988(処理中)	買取価格(NM)は必須で、9999999999を超える値は入力できない。	買取価格(NM)/基準価格(NM)のサーバ側上限・必須。1988(処理中)と同一
142	0204	sheet-3-R052	商品マスター(検索入力)	実装違い	IO	P3	未登録		Foilの選択肢は「Foil」「ノーマル」「特殊」と表示される。	Foil選択肢の表示名が「なし/通常/特殊」
143	0204	sheet-3-R087	商品マスター(検索入力)	実装違い	IO	P3	部分登録	ECCUBE_HARERUYA-1947(完了)	並び替え列の指定が無いときは商品更新日の降順、次に商品IDの降順で並ぶ。	既定並び順/並替可能列。1947(完了)は棚番号昇順を期待する別解釈で同一箇所
