機能No	機能名	モジュール	ステータス	ランク	判定根拠	出現業務
F01-01	本店ECTOP	F01	対象	C2	集客導線	通販受注管理
F01-02	支店ECTOP	F01	対象	C2	集客導線	在庫管理
F02-01	PC版ナビゲーション	F02	対象	C2	集客導線	
F02-02	スマホ版ナビゲーション	F02	対象	C2	集客導線	
F02-03	支店PC版ナビゲーション	F02	対象	C2	集客導線	
F02-04	支店スマホ版ナビゲーション	F02	対象	C2	集客導線	
F02-05	通知	F02	対象-Ph2見送り	C2	集客導線	
F03-01	商品一覧	F03	対象	C1	通販の購買導線（購入到達に必須の通過点）	通販受注管理
F03-02	商品詳細	F03	対象	C1	通販の購買導線（購入到達に必須の通過点）	通販受注管理
F03-03	商品詳細検索	F03	対象	C1	通販の購買導線（購入到達に必須の通過点）	
F03-04	カテゴリ一覧	F03	対象	C1	通販の購買導線（購入到達に必須の通過点）	通販受注管理
F03-05	商品リコメンド	F03	対象	C2	購買補助（無くても購入可）	
F03-06	最近見た商品	F03	対象	C2	購買補助（無くても購入可）	
F03-07	入荷時通知	F03	対象	C2	購買補助（無くても購入可）	
F03-08	お気に入り	F03	対象	C2	購買補助（無くても購入可）	
F04-01	買い物かご	F04	対象	C1	購入・決済の確定	通販受注管理
F04-02	ご注文方法指定	F04	対象	C1	購入・決済の確定	通販受注管理
F04-03	配送先の新規登録・変更	F04	対象	C1	購入・決済の確定	通販受注管理
F04-04	決済~購入完了	F04	対象	C1	購入・決済の確定	通販受注管理
F05-01	ネット買取トップページ	F05	対象	C2	入口導線（検索で代替可）	
F05-02	ネット買取商品検索	F05	対象	C1	ネット買取の申込導線（申込到達に必須の通過点）	
F05-03	ネット買取商品一覧	F05	対象	C1	ネット買取の申込導線（申込到達に必須の通過点）	
F05-04	ネット買取商品詳細	F05	対象	C1	ネット買取の申込導線（申込到達に必須の通過点）	
F05-05	ネット買取カート	F05	対象	C1	ネット買取の申込導線（申込到達に必須の通過点）	
F05-06	ネット買取買取手続き～完了	F05	対象	C1	ネット買取の申込導線（申込到達に必須の通過点）	
F08-01	店頭買取査定申込前ログイン	F08	対象	C1	店頭買取の申込導線	店頭買取
F08-02	店頭買取査定申込情報入力	F08	対象	C1	店頭買取の申込導線	店頭買取
F08-03	店頭買取査定申込登録確認～完了	F08	対象	C1	店頭買取の申込導線	店頭買取
F08-04	会員登録フォーム	F08	対象-テスト未整備	C2	会員登録（代替導線あり）	
F08-05	店頭買取査定申込確認	F08	対象-テスト未整備	C1	店頭買取の申込導線	
F06-01	新規会員登録	F06	対象	C2	顧客接点	
F06-02	本会員登録	F06	対象	C2	顧客接点	
F06-03	ログイン	F06	対象	C2	顧客接点	
F06-04	パスワード変更	F06	対象	C2	顧客接点	
F06-05	マイページ	F06	対象	C2	顧客接点	
F06-06	購入履歴一覧	F06	対象	C2	顧客接点	
F06-07	購入履歴詳細	F06	対象	C2	顧客接点	
F06-08	入荷待ち商品一覧	F06	対象	C2	顧客接点	
F06-09	お気に入り商品一覧	F06	対象	C2	顧客接点	
F06-10	ポイント履歴	F06	対象	C2	顧客接点	
F06-11	買取履歴一覧	F06	対象	C2	顧客接点	
F06-12	買取履歴詳細	F06	対象	C2	顧客接点	
F06-12	まとめて買取査定結果	F06	対象	C2	顧客接点	
F06-13	オンライン本人確認	F06	対象	C1	オンライン本人確認＝古物営業法の実行時ゲート	ネット買取
F06-14	予約済み大会一覧	F06	対象	C2	顧客接点	デッキ登録
F06-16	大会デッキ登録編集	F06	対象	C2	顧客接点	
F06-17	大会デッキ登録確認～完了	F06	対象	C2	顧客接点	
F06-18	会員情報変更	F06	対象	C2	顧客接点	
F06-19	クレジットカード情報登録・変更	F06	対象	C2	顧客接点	通販受注管理
F06-20	配送先新規登録・変更	F06	対象	C2	顧客接点	
F06-21	退会	F06	対象	C3	退会	
F06-22	お問い合わせ	F06	対象	C2	顧客接点	
F06-23	お問い合わせ履歴	F06	対象	C2	顧客接点	
F06-24	お問い合わせ履歴詳細	F06	対象	C2	顧客接点	
F06-25	店頭注文呼び出し番号表示	F06	対象	C2	顧客接点	
F06-26	店頭PC用アカウント制御	F06	対象	C2	顧客接点	
F07-01	イベント大会TOP	F07	対象	C2	イベント集客	イベント管理
F07-02	大会詳細検索	F07	対象	C2	イベント集客	
F07-03	大会詳細	F07	対象	C2	イベント集客	
F07-04	大会申込~完了	F07	対象	C2	イベント集客	
M01-01	パスワード認証	M01	対象	C1	全業務の前提となる管理画面認証	
M01-02	二段階認証	M01	対象	C1	全業務の前提となる管理画面認証	
M02-01	受注状況	M02	対象	C2	運用導線・分析	
M02-02	売上状況	M02	対象	C2	運用導線・分析	
M02-03	売上状況グラフ	M02	対象	C2	運用導線・分析	
M02-04	ショップ状況	M02	対象	C2	運用導線・分析	
M02-05	EC-CUBEのお知らせ	M02	対象	C3	EC-CUBE告知	
M02-06	おすすめプラグイン	M02	対象	C3	プラグイン案内	
M03-01	商品検索/一覧	M03	対象	C2	検索・一覧（参照）	仕入れ業務/価格管理/商品登録・編集
M03-02	商品編集機能	M03	対象	C1	商品・価格の確定	商品登録・編集
M03-03	カード商品CSV出力	M03	対象	C2	参照CSV出力	商品登録・編集
M03-04	グッズ商品CSV出力	M03	対象	C2	参照CSV出力	
M03-05	セール用価格変更CSV出力	M03	対象	C2	参照CSV出力	仕入れ業務/価格管理/在庫管理
M03-43	低価格帯カード価格変更CSV出力	M03	対象-テスト未整備	C2	参照CSV出力	
M03-06	商品情報カスタムCSV出力	M03	対象	C2	参照CSV出力	
M03-08	商品規格一覧	M03	対象	C1	商品・価格の確定	商品登録・編集
M03-09	商品規格登録/編集	M03	対象	C1	商品・価格の確定	商品登録・編集
M03-10	買取・販売価格一括編集	M03	対象	C1	商品・価格の確定	
M03-45	カテゴリー一覧	M03	対象	C2	分類マスタ保守	
M03-11	カテゴリ登録/編集	M03	対象	C2	分類マスタ保守	
M03-12	カテゴリCSV出力	M03	対象	C2	参照CSV出力	
M03-13	タグ登録/編集	M03	対象	C2	タグマスタ保守	
M03-14	略称タグ登録/編集	M03	対象	C2	タグマスタ保守	
M03-15	略称タグCSV出力	M03	対象	C2	参照CSV出力	
M03-16	略称タグCSV入力	M03	対象	C2	タグマスタ保守	商品登録・編集
M03-17	売上分析タグ登録/編集	M03	対象	C2	分析タグマスタ保守	
M03-18	部門登録/編集	M03	対象	C2	部門マスタ保守	
M03-19	部門CSV出力	M03	対象	C2	参照CSV出力	
M03-20	部門CSV入力	M03	対象	C2	部門マスタ保守	商品登録・編集
M03-21	棚番登録/編集	M03	対象	C1	商品・価格の確定	
M03-22	購入グループ管理	M03	対象	C2	購入グループ保守	
M03-23	買取/販売価格履歴検索/一覧	M03	対象	C2	履歴参照	価格管理
M03-24	買取/販売価格履歴情報CSV出力	M03	対象	C2	参照CSV出力	仕入れ業務/価格管理
M03-25	重複商品コード確認	M03	対象	C2	データ点検	
M03-26	カード商品CSV登録	M03	対象	C1	商品・価格の確定	商品登録・編集
M03-27	グッズ商品CSV登録	M03	対象	C1	商品・価格の確定	商品登録・編集
M03-28	商品タグ更新CSV登録	M03	対象	C2	商品タグ割当	
M03-29	売上分析タグ更新CSV登録	M03	対象	C2	分析タグ割当	
M03-30	価格変更CSV登録	M03	対象	C1	商品・価格の確定	価格管理
M03-31	セール用価格変更CSV登録	M03	対象	C1	商品・価格の確定	価格管理
M03-44	低価格帯カード価格変更CSV登録	M03	対象	C1	商品・価格の確定	
M03-32	高額商品価格変更CSV登録	M03	対象	C1	商品・価格の確定	
M03-33	セール用高額商品価格変更CSV登録	M03	対象	C1	商品・価格の確定	
M03-34	割引率変更CSV登録	M03	対象	C1	商品・価格の確定	価格管理
M03-35	部門更新CSV登録	M03	対象	C1	商品・価格の確定	商品登録・編集
M03-36	買取減額率変更CSV登録	M03	対象	C1	商品・価格の確定	
M03-37	略称タグ更新CSV登録	M03	対象	C2	タグマスタ保守	
M03-38	商品公開CSV登録	M03	対象	C1	商品・価格の確定	
M03-40	棚番号更新CSV登録	M03	対象	C1	商品・価格の確定	
M03-41	カテゴリCSV登録	M03	対象	C2	分類マスタ保守	
M04-01	在庫検索/一覧	M04	対象	C2	検索・一覧（参照）	ネット買取/仕入れ業務/在庫管理/店頭買取
M04-02	在庫編集機能	M04	対象	C1	在庫数量・状態の確定	在庫管理
M04-03	在庫一括編集	M04	対象	C1	在庫数量・状態の確定	在庫管理
M04-04	在庫情報CSV出力	M04	対象	C2	参照CSV出力	在庫管理
M04-05	在庫情報カスタムCSV出力	M04	対象	C2	参照CSV出力	
M04-06	在庫切れリストCSV出力	M04	対象-Ph2見送り	C2	参照CSV出力	
M04-07	在庫警戒リストCSV出力	M04	対象-Ph2見送り	C2	参照CSV出力	
M04-08	在庫移動・振替検索/一覧	M04	対象	C2	検索・一覧（参照）	在庫管理
M04-09	在庫移動・振替登録/編集	M04	対象	C1	在庫数量・状態の確定	在庫管理
M04-10	在庫移動・振替情報CSV出力	M04	対象	C2	参照CSV出力	在庫管理
M04-11	在庫移動・振替情報カスタムCSV出力	M04	対象	C2	参照CSV出力	
M04-12	在庫分割結合検索/一覧	M04	対象	C2	検索・一覧（参照）	在庫管理
M04-13	在庫分割結合登録/編集	M04	対象	C1	在庫数量・状態の確定	
M04-14	在庫分割結合情報CSV出力	M04	対象	C2	参照CSV出力	在庫管理
M04-15	在庫分割結合情報カスタムCSV出力	M04	対象	C2	参照CSV出力	
M04-16	在庫リコメンドCSV出力	M04	対象	C2	分析CSV出力	在庫管理
M04-17	在庫履歴検索/一覧	M04	対象	C2	履歴参照	在庫管理
M04-18	在庫履歴CSV出力	M04	対象	C2	履歴参照	在庫管理
M04-19	欠品履歴検索/一覧	M04	対象	C2	履歴参照	
M04-20	欠品履歴CSV出力	M04	対象	C2	履歴参照	イベント管理/在庫管理
M04-21	在庫変更CSV登録	M04	対象	C1	在庫数量・状態の確定	ネット買取/店頭買取
M04-22	在庫移動・振替CSV登録	M04	対象	C1	在庫数量・状態の確定	在庫管理
M04-23	在庫分割結合CSV登録	M04	対象	C1	在庫数量・状態の確定	在庫管理
M04-24	在庫移動指示リスト作成/検索	M04	対象	C1	要証拠：現場の唯一作業票なら C1（唯一経路・代替帳票・締切を確認）	在庫管理
M04-25	在庫移動指示リストエクスポート	M04	対象	C1	在庫数量・状態の確定	在庫管理
M04-26	ピッキングリスト印刷	M04	対象	C1	在庫数量・状態の確定	
M04-27	在庫移動実績入力用CSV出力	M04	対象	C3	ヘッダのみの空テンプレート（業務データを抽出・更新しない）	在庫管理
M04-30	バーコード貼替リストCSV出力	M04	対象	C1	要証拠：現場の唯一作業票なら C1（唯一経路・代替帳票・締切を確認）	在庫管理
M04-28	送り状CSV出力	M04	対象	C1	在庫数量・状態の確定	
M04-29	在庫移動実績 インポート	M04	対象	C1	在庫数量・状態の確定	
M04-31	棚卸計画	M04	対象	C1	在庫数量・状態の確定	在庫管理
M04-32	承認一覧	M04	対象	C1	在庫数量・状態の確定	
M04-33	戻しリストCSV	M04	対象	C1	要証拠：返却の唯一作業票なら C1（唯一経路・代替帳票・締切を確認）	
M04-34	戻しリストPDF	M04	対象	C1	要証拠：返却の唯一作業票なら C1（唯一経路・代替帳票・締切を確認）	
M05-01	受注情報検索/一覧	M05	対象	C2	検索・一覧（参照）	店頭受取受注管理/通販受注管理
M05-02	受注情報CSV出力	M05	対象	C2	参照CSV出力	通販受注管理
M05-03	受注情報カスタムCSV出力	M05	対象	C2	参照CSV出力	
M05-04	配送CSV出力	M05	対象	C1	受注・出荷の確定	通販受注管理
M05-05	配送カスタムCSV出力	M05	対象	C1	受注・出荷の確定	通販受注管理
M05-06	メール一括送信機能	M05	対象	C1	受注・出荷の確定	
M05-07	送り状CSV出力	M05	対象	C1	受注・出荷の確定	通販受注管理
M05-08	スタック用紙印刷	M05	対象	C1	受注・出荷の確定	店頭受取受注管理
M05-09	納品書印刷（日本語）	M05	対象	C1	受注・出荷の確定	
M05-10	納品書印刷（英語）	M05	対象	C1	受注・出荷の確定	
M05-11	受注情報編集	M05	対象	C1	受注・出荷の確定	店頭受取受注管理/通販受注管理
M05-12	対応状況一括変更	M05	対象	C1	受注・出荷の確定	
M05-13	問い合わせ番号（出荷伝票番号）入力機能	M05	対象	C1	受注・出荷の確定	
M05-14	対応状況設定	M05	対象	C2	対応状況マスタ保守	店頭受取受注管理
M05-15	各種メール送信	M05	対象	C1	受注・出荷の確定	通販受注管理
M05-16	ショップ用メモ登録機能	M05	対象	C2	メモ登録	
M05-17	配達用メモ登録機能	M05	対象	C2	メモ登録	
M05-18	出荷指示リスト作成	M05	対象	C1	受注・出荷の確定	通販受注管理
M05-19	出荷指示リスト検索	M05	対象	C2	検索・一覧（参照）	通販受注管理
M05-20	出荷指示リスト詳細編集/削除	M05	対象	C1	受注・出荷の確定	
M05-21	ピッキングリスト印刷	M05	対象	C1	受注・出荷の確定	通販受注管理
M05-22	出荷指示：納品書印刷（日本語）	M05	対象	C1	受注・出荷の確定	通販受注管理
M05-23	出荷指示：納品書印刷（英語）	M05	対象	C1	受注・出荷の確定	通販受注管理
M05-24	出荷実績入力用CSV出力	M05	対象	C1	受注・出荷の確定	通販受注管理
M05-26	出荷実績インポート登録	M05	対象	C1	受注・出荷の確定	
M05-27	店頭注文番号札管理	M05	対象	C1	受注・出荷の確定	店頭受取受注管理
M06-01	買取検索/一覧	M06	対象	C2	検索・一覧（参照）	店頭買取
M06-02	古物台帳入力用CSV出力	M06	対象	C1	古物台帳＝法令帳票	
M06-03	買取情報編集	M06	対象	C1	店頭買取の確定	
M06-04	買取ステータス変更	M06	対象	C1	店頭買取の確定	
M06-05	買取商品履歴検索/一覧	M06	対象	C2	履歴参照	
M06-06	買取商品履歴全件CSV出力	M06	対象	C2	履歴参照CSV	
M06-07	買取商品履歴選択CSV出力	M06	対象	C2	履歴参照CSV	
M06-08	買取集計データ	M06	対象	C2	集計（分析）	
M06-09	買取集計データCSV出力	M06	対象	C2	集計（分析）	
M06-10	戻しリストCSV出力	M06	対象	C1	店頭買取の確定	店頭買取
M06-11	戻しリストPDF出力	M06	対象	C1	店頭買取の確定	店頭買取
M06-12	買取商品一覧CSV	M06	対象	C1	店頭買取の確定	仕入れ業務/店頭買取
M06-13	買取商品（キャンセル）CSV	M06	対象-Ph2見送り	C1	店頭買取の確定	
M07-01	買取検索/一覧	M07	対象	C2	検索・一覧（参照）	ネット買取
M07-02	古物台帳入力用CSV	M07	対象	C1	古物台帳＝法令帳票	
M07-03	買取情報編集	M07	対象	C1	ネット買取の確定	ネット買取
M07-04	手動メール通知	M07	対象	C1	ネット買取の確定	
M07-05	入金CSV	M07	対象	C1	入金＝金銭の確定	
M07-06	買取商品一覧CSV	M07	対象	C1	ネット買取の確定	ネット買取/仕入れ業務
M07-07	買取商品（キャンセル）CSV	M07	対象	C1	ネット買取の確定	
M07-08	戻しリストCSV	M07	対象	C1	ネット買取の確定	
M07-09	戻しリストPDF	M07	対象	C1	ネット買取の確定	
M07-10	買取商品履歴検索/一覧	M07	対象-テスト未整備	C2	履歴参照	
M07-11	買取商品履歴全件CSV出力	M07	対象-テスト未整備	C2	履歴参照CSV	
M07-12	買取商品履歴選択CSV出力	M07	対象-テスト未整備	C2	履歴参照CSV	
M08-01	会員検索/一覧	M08	対象	C2	顧客接点	
M08-02	メール一括送信	M08	対象	C2	顧客接点	
M08-03	顧客情報CSV出力	M08	対象	C2	顧客接点	
M08-04	会員登録/編集	M08	対象	C2	顧客接点	
M08-05	ポイント付与	M08	対象	C2	顧客接点	
M08-06	ポイント履歴	M08	対象	C2	顧客接点	
M08-07	メール送信履歴	M08	対象	C3	送信履歴参照	
M08-08	手動メール通知	M08	対象	C2	顧客接点	
M08-09	配送先一覧表示/編集	M08	対象	C2	顧客接点	
M08-10	オンライン本人確認	M08	対象	C1	オンライン本人確認＝古物営業法の実行時ゲート	ネット買取
M08-11	顧客分析タグマスター	M08	対象-Ph2見送り	C3	分析タグマスタ	
M08-12	顧客グループ管理	M08	対象	C2	顧客接点	
M08-13	ブラックリスト登録/編集/削除	M08	対象	C2	顧客接点	
M08-14	会員登録仮登録完了メール再送	M08	対象	C2	顧客接点	
M08-15	会員顧客分析タグ情報CSV出力	M08	対象-テスト未整備	C3	分析タグCSV	
M08-16	会員顧客分析タグ登録アップロード	M08	対象-テスト未整備	C3	分析タグCSV	
M08-17	配送先情報CSV登録	M08	対象-Ph2見送り	C2	顧客接点	
M09-01	新着情報管理	M09	対象	C2	新着情報＝告知	
M09-02	ファイル管理	M09	対象	C2	ファイル管理	価格管理
M09-03	レイアウト管理	M09	対象	C3	コンテンツ・基盤	
M09-04	ページ管理	M09	対象	C2	ページ管理	
M09-05	CSS管理	M09	対象	C3	コンテンツ・基盤	
M09-06	JavaScript管理	M09	対象	C3	コンテンツ・基盤	
M09-07	ブロック管理	M09	対象	C3	コンテンツ・基盤	
M09-08	キャッシュ管理	M09	対象	C3	コンテンツ・基盤	
M09-09	メンテナンス管理	M09	対象	C3	コンテンツ・基盤	
M09-10	支店トップページ管理	M09	対象	C2	支店トップページ	
M10-01	基本設定(旧ショップマスター)	M10	対象	C2	店舗の基本運用設定	
M10-02	特定商取引に関する法律	M10	対象	C2	法定表示	
M10-03	会員規約設定	M10	対象	C3	設定	
M10-04	支払い方法/手数料設定	M10	対象	C2	決済設定の保守（決済実行そのものではない）	
M10-05	配送料無料条件設定	M10	対象	C2	送料設定の保守（送料計算そのものではない）	
M10-06	配送業者/配送料/配送時間設定	M10	対象	C2	配送設定の保守	
M10-07	税率設定	M10	対象	C2	税率設定の保守（税計算そのものではない）	
M10-08	自動メール送信テンプレ	M10	対象	C2	受注通知テンプレ	
M10-09	メール設定	M10	対象	C2	メール送信設定	
M10-10	CSV出力項目設定	M10	対象	C3	設定	
M10-11	受注対応状況設定	M10	対象	C2	受注対応状況マスタ保守	
M10-12	定休日カレンダー設定	M10	対象	C2	定休日＝営業日設定	
M10-13	カスタムCSV出力設定	M10	対象	C3	設定	
M10-14	店舗一覧	M10	対象	C2	店舗マスタ	
M10-15	店舗登録	M10	対象	C2	店舗マスタ	
M10-16	追加システム設定	M10	対象	C3	設定	
M11-01	メンバー管理一覧	M11	対象	C3	管理補助	
M11-02	メンバー管理	M11	対象	C3	管理補助	
M11-03	権限管理	M11	対象	C3	管理補助	
M11-04	ログイン履歴	M11	対象	C3	管理補助	
M11-05	マスタデータ管理	M11	対象	C3	管理補助	
M11-06	システム情報	M11	対象	C3	管理補助	
M12-01	日別/月別集計 集計一覧表示	M12	対象	C2	分析・集計	価格管理
M12-02	日別/月別集計 CSVダウンロード	M12	対象	C2	分析・集計	価格管理
M12-03	受注/売上分析 集計一覧表示	M12	対象	C2	分析・集計	価格管理
M12-04	受注/売上分析 CSVダウンロード	M12	対象	C2	分析・集計	価格管理
M12-05	入荷通知依頼 一覧表示	M12	対象	C2	分析・集計	
M12-06	入荷通知依頼 CSVダウンロード	M12	対象	C2	分析・集計	
M12-07	フォーマット売上分析 集計一覧表示	M12	対象	C2	分析・集計	価格管理
M12-08	フォーマット売上分析 CSVダウンロード	M12	対象	C2	分析・集計	価格管理
M12-09	デッキ採用枚数集計 出力条件変更	M12	対象	C2	分析・集計	
M12-10	デッキ採用枚数集計 特集タグ編集用CSVダウンロード	M12	対象	C2	分析・集計	
M13-01	イベント一覧検索	M13	対象	C2	イベント	デッキ登録
M13-02	イベント編集/削除	M13	対象	C2	イベント	
M13-03	日程追加	M13	対象	C2	イベント	
M13-04	繰り返し日程登録	M13	対象	C2	イベント	
M13-05	複製新規	M13	対象	C2	イベント	
M13-06	イベント申込検索	M13	対象	C2	イベント	イベント管理
M13-07	イベント申込一括編集	M13	対象	C2	イベント	イベント管理
M13-08	デッキ表示	M13	対象	C2	イベント	デッキ登録
M13-09	CSVダウンロード	M13	対象	C2	イベント	
M13-10	イベント申込詳細・編集	M13	対象	C2	イベント	イベント管理
M13-11	イベント申込登録検索	M13	対象	C2	イベント	イベント管理
M13-12	イベント新規申込登録	M13	対象	C2	イベント	イベント管理
M13-13	イベント申込一括CSV登録	M13	対象	C2	イベント	
M13-14	バナー設定	M13	対象	C3	バナー設定	イベント管理
M13-15	画像設定	M13	対象	C3	画像設定	イベント管理
M14-01	カード検索	M14	対象	C2	カードマスタ保守	商品登録・編集
M14-02	カード情報CSV出力	M14	対象	C2	カードマスタ保守	
M14-03	一括削除	M14	対象	C3	一括削除	
M14-04	カード新規登録/編集/削除	M14	対象	C2	カードマスタ保守	商品登録・編集
M14-05	カードCSV登録	M14	対象	C2	カードマスタ保守	商品登録・編集
M14-06	カードセット一覧	M14	対象	C2	カードマスタ保守	商品登録・編集
M14-07	画像ダウンロード(2種)	M14	対象	C3	画像取得	
M14-08	カードセット新規登録/編集/削除	M14	対象	C2	カードマスタ保守	商品登録・編集
M14-09	フォーマット一覧	M14	対象	C2	カードマスタ保守	
M14-10	フォーマット新規登録/編集/削除	M14	対象	C2	カードマスタ保守	
M15-01	デッキ検索/一覧	M15	対象	C2	デッキ	デッキ登録
M15-02	デッキCSV出力	M15	対象	C2	デッキ	
M15-03	一括削除	M15	対象	C2	デッキ	
M15-04	一括編集	M15	対象	C2	デッキ	
M15-05	デッキ新規登録/編集/削除/複製	M15	対象	C2	デッキ	デッキ登録
M15-06	デッキ登録CSV	M15	対象	C2	デッキ	デッキ登録
M15-07	デッキタグ一覧	M15	対象	C2	デッキ	デッキ登録
M15-08	アーキタイプ検索	M15	対象	C2	デッキ	デッキ登録
M15-09	アーキタイ登録/編集/削除	M15	対象	C2	デッキ	デッキ登録
M15-10	アーキタイプ登録CSV	M15	対象	C2	デッキ	デッキ登録
M15-11	直近の大会編集	M15	対象	C2	デッキ	デッキ登録
M16-01	バナー設定(トップバナー管理)	M16	対象	C3	トップバナー設定	価格管理
M16-02	画像設定(トップバナー管理)	M16	対象	C3	トップバナー画像設定	価格管理
M16-03	祝日追加/削除	M16	対象	C2	祝日＝営業日設定	
M16-04	MTGマスターデータ編集	M16	対象	C1	MTGマスタ編集＝商品マスタの源	
M16-05	割引率一覧表示	M16	対象	C2	閲覧専用（保存しない）	
M16-06	買取価格対応表一覧表示	M16	対象	C2	閲覧専用（保存しない）	
M16-07	買取価格対応修正	M16	対象	C1	買取価格対応の確定	
M16-08	買取減額率一覧表示	M16	対象	C2	閲覧専用（保存しない）	
B01-02	在庫切れ	B01	対象-Ph2見送り	C2	在庫通知	
B01-03	在庫警告	B01	対象-Ph2見送り	C2	在庫通知	
B02-01	期間別販売数集計	B02	対象	C2	商品バッチ（集計）	
B02-02	入荷通知キャンセル	B02	対象	C2	商品バッチ（集計）	
B02-03	期間別入庫数集計	B02	対象	C2	商品バッチ（集計）	
B02-04	商品部門未設定チェック	B02	対象	C2	商品バッチ（集計）	
B02-05	お気に入り商品セール通知	B02	対象	C2	商品バッチ（集計）	
B02-06	在庫初期化	B02	対象	C1	在庫初期化＝在庫値の確定	
B02-07	週間在庫履歴更新	B02	対象	C1	週間在庫履歴更新＝在庫値の確定	
B05-01	注文番号登録	B05	対象	C1	受注バッチ	
B05-02	購入完了手続き再処理	B05	対象	C1	受注バッチ	
B05-03	店頭注文番号初期化	B05	対象	C1	受注バッチ	
B05-04	スマレジ商品再連携	B05	対象	C1	受注バッチ	
B05-05	スマレジ商品削除	B05	対象	C1	受注バッチ	
B05-06	ポイント二重登録チェック	B05	対象	C1	受注バッチ	
B05-07	ポイント利用未反映チェック	B05	対象	C1	受注バッチ	
B05-08	スマレジEC受注連携エラー再連携	B05	対象	C1	受注バッチ	通販受注管理
B05-09	スマレジ取引連携エラー再連携	B05	対象	C1	受注バッチ	通販受注管理
B06-01	買取自動入庫バッチ	B06	対象	C1	買取バッチ	
B06-02	買取集計バッチ	B06	対象	C2	集計（分析）	
B08-01	リニューアル時パスワードリセットメール送信	B08	対象	C3	一時対応バッチ	
B08-02	ポイント失効	B08	対象	C1	ポイント失効＝金銭相当の確定	
B08-03	ポイント有効期限通知	B08	対象	C2	会員バッチ	
B08-04	必須項目が空欄の会員発生通知	B08	対象	C3	データ点検通知	
B08-05	ポイント差分発生通知	B08	対象	C2	会員バッチ	
B08-06	スマレジ使用ポイント連携	B08	対象	C1	外部連携(スマレジ)ポイント	
B08-07	身分証有効期限切れ通知	B08	対象-テスト未整備	C2	会員バッチ	
B13-01	決済処理中チェックバッチ	B13	対象	C1	決済バッチ	
B13-02	コンビニ支払チェックバッチ	B13	対象	C1	決済バッチ	
B16-06	月次商品情報スナップショット	B16	対象	C2	商品情報スナップショット	
B16-09	サイトマップ生成処理	B16	対象	C3	基盤バッチ	
B16-10	ステージングデータベース保守バッチ	B16	対象	C3	基盤バッチ	
B16-11	S3画像サイズチェック処理	B16	対象	C3	基盤バッチ	
B17-01	最新記事jsonファイル作成	B17	対象	C3	記事生成	
A01-01	スマレジ連携処理	A01	対象	C1	外部連携(スマレジ)	イベント管理
A01-02	スマレジwebhook連携エラー再連携	A01	対象	C1	外部連携(スマレジ)	在庫管理
A02-01	ポップアップ用商品情報取得	A02	対象	C2	フロント表示API	
A02-02	ポップアップ用カード情報取得	A02	対象	C2	フロント表示API	
A02-03	ポップアップ用商品情報取得（旧商品ID）	A02	対象	C2	フロント表示API	
A02-04	ポップアップ用カード情報取得（旧商品ID）	A02	対象	C2	フロント表示API	
A02-05	更新商品規格取得	A02	対象	C1	更新商品規格取得＝商品・在庫同期	
A05-01	注文印刷_印刷情報をプリンタへ送信	A05	対象	C1	受注API	
A05-02	注文印刷_該当受注のステータスを印刷済みに変更	A05	対象	C1	受注API	
A05-03	店頭注文番号取得	A05	対象	C1	受注API	店頭受取受注管理
A05-04	スマレジ受信処理	A05	対象	C1	受注API	
A06-01	買取アプリ用ログイン	A06	対象	C1	店頭買取API	
A06-02	店頭買取受注一覧取得	A06	対象	C1	店頭買取API	
A06-03	店頭買取受注詳細更新	A06	対象	C1	店頭買取API	
A06-04	店頭買取受注コメント更新	A06	対象	C1	店頭買取API	
A06-05	店頭買取受注ステータス更新	A06	対象	C1	店頭買取API	
A06-06	カード詳細IDから買取用商品情報を取得	A06	対象	C1	店頭買取API	イベント管理
A06-07	商品IDリストから買取用商品情報を取得	A06	対象	C1	店頭買取API	
A06-08	カード名から買取用商品情報を取得	A06	対象	C1	店頭買取API	
A06-11	部門一覧を取得	A06	対象	C1	店頭買取API	
A06-12	固定価格部門を部門情報を取得	A06	対象	C1	店頭買取API	
A06-13	本人確認更新	A06	対象	C1	本人確認更新＝古物営業法の実行時ゲート	
A06-14	店頭買取情報一部キャンセル情報連携	A06	対象-Ph2見送り	C1	店頭買取API	
A06-15	店頭買取情報同一所属店舗メンバー取得	A06	対象	C2	店舗メンバー取得	
A06-16	店頭買取情報ダブルチェック者更新	A06	対象	C1	店頭買取API	
A07-01	まとめて買取商品IDの取得	A07	対象	C1	ネット買取API	
A07-02	ネット買取受注一覧取得	A07	対象	C1	ネット買取API	
A07-03	ネット買取受注コメント更新	A07	対象	C1	ネット買取API	
A07-04	ネット買取受注ステータス更新	A07	対象	C1	ネット買取API	
A07-05	ネット買取注文の査定終了処理	A07	対象	C1	ネット買取API	
A07-06	複数ネット買取IDからネット買取受注の商品一覧を取得	A07	対象	C1	ネット買取API	
A07-07	複数ネット買取IDから個別入力商品の一覧を取得	A07	対象	C1	ネット買取API	
A14-01	カードIDからカード情報を取得	A14	対象	C2	カードAPI	
A14-02	カード詳細IDからカード詳細情報を取得	A14	対象	C2	カードAPI	
A14-03	検索クエリに一致するカード情報1件を取得	A14	対象	C2	カードAPI	
A15-01	ログイン	A15	対象	C2	デッキビルダーAPI	
A15-02	ログアウト	A15	対象	C2	デッキビルダーAPI	
A15-03	ユーザー情報参照	A15	対象	C2	デッキビルダーAPI	
A15-04	他ユーザー情報参照	A15	対象	C2	デッキビルダーAPI	
A15-05	ユーザー情報変更	A15	対象	C2	デッキビルダーAPI	
A15-06	マスタ検索	A15	対象	C2	デッキビルダーAPI	
A15-07	アーキタイプ検索	A15	対象	C2	デッキビルダーAPI	デッキ登録
A15-08	カード検索	A15	対象	C2	デッキビルダーAPI	
A15-09	デッキ情報登録	A15	対象	C2	デッキビルダーAPI	デッキ登録
A15-10	デッキ情報登更新	A15	対象	C2	デッキビルダーAPI	デッキ登録
A15-11	デッキ情報削除	A15	対象	C2	デッキビルダーAPI	
A15-12	デッキ情報参照	A15	対象	C2	デッキビルダーAPI	デッキ登録
A15-13	デッキ情報検索	A15	対象	C2	デッキビルダーAPI	デッキ登録
A15-14	メタゲーム情報参照	A15	対象	C2	デッキビルダーAPI	
A15-15	採用枚数情報参照	A15	対象	C2	デッキビルダーAPI	
A15-16	直近大会情報取得	A15	対象	C2	デッキビルダーAPI	デッキ登録
A15-17	デッキ登録インポート	A15	対象	C2	デッキビルダーAPI	デッキ登録
A15-18	デッキ更新インポート	A15	対象	C2	デッキビルダーAPI	
A17-01	検索クエリに一致する記事情報1件を取得	A17	対象	C2	記事API	
A17-02	記事IDに関連する記事情報を取得	A17	対象	C2	記事API	
A17-03	PointGranterAPI連携	A17	対象	C1	外部連携(PointGranter)	イベント管理
A17-04	[任意門]商品IDに紐づく商品詳細の情報を取得	A17	対象	C2	外部メディア連携(任意門)	
A17-05	[任意門]商品名から商品詳細の情報を取得	A17	対象	C2	外部メディア連携(任意門)	
A16-01	トップバナーIDのトップバナー情報を取得	A16	対象	C3	バナーAPI	
A16-02	指定言語の設定済みトップバナー一覧を取得	A16	対象	C3	バナーAPI	
O01-01	店頭買取	O01	対象	C1	買取・入庫の現場作業	イベント管理/デッキ登録/ネット買取/商品登録・編集/在庫管理/店頭買取/通販受注管理
O01-02	ネット買取	O01	対象	C1	買取・入庫の現場作業	デッキ登録/ネット買取/店頭買取
O01-03	入庫モード	O01	対象	C1	買取・入庫の現場作業	ネット買取/店頭買取/通販受注管理
B02-08	ユニサーチフィード作成	B02	マスタ外(乖離指摘に出現)	C1	外部連携(ユニサーチ商品フィード)	
B02-09	ユニサーチフィード送信	B02	マスタ外(乖離指摘に出現)	C1	外部連携(ユニサーチ商品フィード)	
B16-04	必須項目が空欄の会員発生通知	B16	マスタ外(乖離指摘に出現)	C3	データ点検通知	
F06-27	【新規】パスワード設定（ポリシー違反用）	F06	マスタ外(乖離指摘に出現)	C2	パスワード運用	
M04-35	棚卸計画一覧/新規作成	M04	マスタ外(乖離指摘に出現)	C1	棚卸＝在庫数量の確定	
M04-38	在庫編集承認一覧	M04	マスタ外(乖離指摘に出現)	C1	在庫編集の承認＝在庫数量の確定	
M04-39	在庫移動指示リスト ピッキングリスト印刷	M04	マスタ外(乖離指摘に出現)	C1	代替不能な現場作業物	
